2025-11-29 00:22:44 | INFO     | ============================================================
2025-11-29 00:22:44 | INFO     | News Scraper Daemon Starting
2025-11-29 00:22:44 | INFO     | Fork: Hilo-Hilo/Hong-Kong-Fire-Documentary
2025-11-29 00:22:44 | INFO     | Upstream: Hong-Kong-Emergency-Coordination-Hub/Hong-Kong-Fire-Documentary
2025-11-29 00:22:44 | INFO     | Sync interval: 10 minutes
2025-11-29 00:22:44 | INFO     | PR interval: 60 minutes
2025-11-29 00:22:44 | INFO     | ============================================================
2025-11-29 00:22:44 | INFO     | Setting up git remotes...
2025-11-29 00:22:44 | INFO     | Configured origin remote with authentication
2025-11-29 00:22:44 | INFO     | ----------------------------------------
2025-11-29 00:22:44 | INFO     | Starting sync cycle...
2025-11-29 00:22:44 | INFO     | Syncing with upstream...
2025-11-29 00:22:45 | INFO     | Already up to date with upstream
2025-11-29 00:22:45 | INFO     | Running scraper...
2025-11-29 00:22:45 | INFO     | Found 492 new URLs to scrape
2025-11-29 01:02:49 | INFO     | ============================================================
2025-11-29 01:02:49 | INFO     | News Scraper Daemon Starting
2025-11-29 01:02:49 | INFO     | Fork: TestUser/TestRepo
2025-11-29 01:02:49 | INFO     | Upstream: Hong-Kong-Emergency-Coordination-Hub/Hong-Kong-Fire-Documentary
2025-11-29 01:02:49 | INFO     | Sync interval: 10 minutes
2025-11-29 01:02:49 | INFO     | PR interval: 60 minutes
2025-11-29 01:02:49 | INFO     | ============================================================
2025-11-29 01:02:49 | INFO     | Setting up git remotes...
2025-11-29 01:02:49 | INFO     | Configured origin remote with authentication
2025-11-29 01:02:49 | INFO     | ----------------------------------------
2025-11-29 01:02:49 | INFO     | Starting sync cycle...
2025-11-29 01:02:49 | INFO     | Syncing with upstream...
2025-11-29 01:02:52 | INFO     | Behind upstream by 8 commits, merging...
2025-11-29 01:02:54 | ERROR    | Future exception was never retrieved
future: <Future finished exception=TargetClosedError('Target page, context or browser has been closed')>
playwright._impl._errors.TargetClosedError: Target page, context or browser has been closed
2025-11-29 01:02:54 | ERROR    | Future exception was never retrieved
future: <Future finished exception=TargetClosedError('Target page, context or browser has been closed')>
playwright._impl._errors.TargetClosedError: Target page, context or browser has been closed
2025-11-29 01:02:54 | ERROR    | Future exception was never retrieved
future: <Future finished exception=TargetClosedError('Target page, context or browser has been closed')>
playwright._impl._errors.TargetClosedError: Target page, context or browser has been closed
2025-11-29 01:02:54 | ERROR    | Future exception was never retrieved
future: <Future finished exception=TargetClosedError('Target page, context or browser has been closed')>
playwright._impl._errors.TargetClosedError: Target page, context or browser has been closed
2025-11-29 01:02:54 | ERROR    | Future exception was never retrieved
future: <Future finished exception=TargetClosedError('Target page, context or browser has been closed')>
playwright._impl._errors.TargetClosedError: Target page, context or browser has been closed
2025-11-29 01:40:08 | INFO     | ============================================================
2025-11-29 01:40:08 | INFO     | News Scraper Daemon Starting
2025-11-29 01:40:08 | ERROR    | FORK_REPO environment variable not set!
2025-11-29 01:40:08 | ERROR    | Please set it: export FORK_REPO='username/repo-name'
2025-11-29 01:44:20 | INFO     | ============================================================
2025-11-29 01:44:20 | INFO     | News Scraper Daemon Starting
2025-11-29 01:44:20 | INFO     | Fork: Hilo-Hilo/Hong-Kong-Fire-Documentary
2025-11-29 01:44:20 | INFO     | Upstream: Hong-Kong-Emergency-Coordination-Hub/Hong-Kong-Fire-Documentary
2025-11-29 01:44:20 | INFO     | Sync interval: 10 minutes
2025-11-29 01:44:20 | INFO     | PR interval: 60 minutes
2025-11-29 01:44:20 | INFO     | ============================================================
2025-11-29 01:44:20 | INFO     | Setting up git remotes...
2025-11-29 01:44:20 | INFO     | Added upstream remote: https://github.com/Hong-Kong-Emergency-Coordination-Hub/Hong-Kong-Fire-Documentary.git
2025-11-29 01:44:20 | INFO     | Configured origin remote with authentication
2025-11-29 01:44:20 | INFO     | ----------------------------------------
2025-11-29 01:44:20 | INFO     | Starting sync cycle...
2025-11-29 01:44:20 | INFO     | Syncing with upstream...
2025-11-29 01:44:25 | INFO     | Already up to date with upstream
2025-11-29 01:44:25 | INFO     | Running scraper...
2025-11-29 01:44:25 | INFO     | Found 402 new URLs to scrape
2025-11-29 02:05:03 | INFO     | Scraper results: 402 success, 0 failed
2025-11-29 02:05:03 | INFO     | Committing changes...
2025-11-29 02:05:05 | INFO     | Committed: chore(scraper): auto-scrape 2025-11-29 02:05
2025-11-29 02:05:05 | INFO     | Committed log updates
2025-11-29 02:05:05 | INFO     | Sync cycle complete
2025-11-29 02:05:05 | INFO     | ----------------------------------------
2025-11-29 02:05:05 | INFO     | Starting PR cycle...
2025-11-29 02:05:20 | ERROR    | Command failed: git push origin main
2025-11-29 02:05:20 | ERROR    | stderr: fatal: unable to access 'https://github.com/Hilo-Hilo/Hong-Kong-Fire-Documentary.git/': Could not resolve host: github.com

2025-11-29 02:05:20 | INFO     | Managing PR...
2025-11-29 02:05:30 | ERROR    | Failed to check for open PRs: HTTPSConnectionPool(host='api.github.com', port=443): Max retries exceeded with url: /repos/Hong-Kong-Emergency-Coordination-Hub/Hong-Kong-Fire-Documentary/pulls?head=Hilo-Hilo%3Ascraper-updates&state=open (Caused by NameResolutionError("<urllib3.connection.HTTPSConnection object at 0xe8a37cc35400>: Failed to resolve 'api.github.com' ([Errno -3] Temporary failure in name resolution)"))
2025-11-29 02:05:30 | INFO     | Pushing to branch 'scraper-updates'...
2025-11-29 02:05:55 | ERROR    | Command failed: git push origin scraper-updates --force
2025-11-29 02:05:55 | ERROR    | stderr: fatal: unable to access 'https://github.com/Hilo-Hilo/Hong-Kong-Fire-Documentary.git/': Could not resolve host: github.com

2025-11-29 02:05:55 | ERROR    | Failed to push: Command '['git', 'push', 'origin', 'scraper-updates', '--force']' returned non-zero exit status 128.
2025-11-29 02:05:55 | ERROR    | Failed to push to PR branch
2025-11-29 02:05:55 | INFO     | PR cycle complete
2025-11-29 02:05:55 | INFO     | Run once mode, exiting...
2025-11-29 02:10:46 | INFO     | ============================================================
2025-11-29 02:10:46 | INFO     | News Scraper Daemon Starting
2025-11-29 02:10:46 | INFO     | Fork: Hilo-Hilo/Hong-Kong-Fire-Documentary
2025-11-29 02:10:46 | INFO     | Upstream: Hong-Kong-Emergency-Coordination-Hub/Hong-Kong-Fire-Documentary
2025-11-29 02:10:46 | INFO     | Sync interval: 10 minutes
2025-11-29 02:10:46 | INFO     | PR interval: 60 minutes
2025-11-29 02:10:46 | INFO     | ============================================================
2025-11-29 02:10:46 | INFO     | Setting up git remotes...
2025-11-29 02:10:46 | INFO     | Configured origin remote with authentication
2025-11-29 02:10:46 | INFO     | ----------------------------------------
2025-11-29 02:10:46 | INFO     | Starting sync cycle...
2025-11-29 02:10:46 | INFO     | Syncing with upstream...
2025-11-29 02:10:52 | INFO     | Already up to date with upstream
2025-11-29 02:10:52 | INFO     | Running scraper...
2025-11-29 02:10:52 | INFO     | Found 53 new URLs to scrape
2025-11-29 02:26:38 | INFO     | ============================================================
2025-11-29 02:26:38 | INFO     | News Scraper Daemon Starting
2025-11-29 02:26:38 | INFO     | Fork: Hilo-Hilo/Hong-Kong-Fire-Documentary
2025-11-29 02:26:38 | INFO     | Upstream: Hong-Kong-Emergency-Coordination-Hub/Hong-Kong-Fire-Documentary
2025-11-29 02:26:38 | INFO     | Sync interval: 10 minutes
2025-11-29 02:26:38 | INFO     | PR interval: 60 minutes
2025-11-29 02:26:38 | INFO     | ============================================================
2025-11-29 02:26:39 | INFO     | gh CLI authenticated
2025-11-29 02:26:39 | INFO     | Setting up git remotes...
2025-11-29 02:26:39 | INFO     | Configured origin remote
2025-11-29 02:26:39 | INFO     | ----------------------------------------
2025-11-29 02:26:39 | INFO     | Starting sync cycle...
2025-11-29 02:26:39 | INFO     | Syncing with upstream...
2025-11-29 02:26:39 | INFO     | Already up to date with upstream
2025-11-29 02:26:39 | INFO     | Running scraper...
2025-11-29 02:26:39 | INFO     | Found 44 new URLs to scrape
2025-11-29 02:36:40 | ERROR    | Scraper error: [Errno 32] Broken pipe
2025-11-29 02:36:40 | INFO     | Committing changes...
2025-11-29 02:36:40 | INFO     | Committed: chore(scraper): auto-scrape 2025-11-29 02:36
2025-11-29 02:36:40 | INFO     | Committed log updates
2025-11-29 02:36:40 | INFO     | Sync cycle complete
2025-11-29 02:36:40 | INFO     | ----------------------------------------
2025-11-29 02:36:40 | INFO     | Starting PR cycle...
2025-11-29 02:36:42 | INFO     | Managing PR...
2025-11-29 02:36:43 | INFO     | Pushing to branch 'scraper-updates'...
2025-11-29 02:36:43 | ERROR    | Command failed: git checkout scraper-updates
2025-11-29 02:36:43 | ERROR    | stderr: error: Your local changes to the following files would be overwritten by checkout:
	logs/scraper.log
Please commit your changes or stash them before you switch branches.
Aborting

2025-11-29 02:36:43 | ERROR    | Failed to push: Command '['git', 'checkout', 'scraper-updates']' returned non-zero exit status 1.
2025-11-29 02:36:43 | ERROR    | Failed to push to PR branch
2025-11-29 02:36:43 | INFO     | PR cycle complete
2025-11-29 02:36:43 | INFO     | Run once mode, exiting...
2025-11-29 02:40:04 | INFO     | ============================================================
2025-11-29 02:40:04 | INFO     | News Scraper Daemon Starting
2025-11-29 02:40:04 | INFO     | Fork: Hilo-Hilo/Hong-Kong-Fire-Documentary
2025-11-29 02:40:04 | INFO     | Upstream: Hong-Kong-Emergency-Coordination-Hub/Hong-Kong-Fire-Documentary
2025-11-29 02:40:04 | INFO     | Sync interval: 10 minutes
2025-11-29 02:40:04 | INFO     | PR interval: 60 minutes
2025-11-29 02:40:04 | INFO     | ============================================================
2025-11-29 02:40:04 | ERROR    | gh CLI not found! Please install it: https://cli.github.com/
2025-11-29 02:40:35 | INFO     | ============================================================
2025-11-29 02:40:35 | INFO     | News Scraper Daemon Starting
2025-11-29 02:40:35 | INFO     | Fork: Hilo-Hilo/Hong-Kong-Fire-Documentary
2025-11-29 02:40:35 | INFO     | Upstream: Hong-Kong-Emergency-Coordination-Hub/Hong-Kong-Fire-Documentary
2025-11-29 02:40:35 | INFO     | Sync interval: 10 minutes
2025-11-29 02:40:35 | INFO     | PR interval: 60 minutes
2025-11-29 02:40:35 | INFO     | ============================================================
2025-11-29 02:40:35 | ERROR    | gh CLI not found! Please install it: https://cli.github.com/
2025-11-29 02:41:04 | INFO     | ============================================================
2025-11-29 02:41:04 | INFO     | News Scraper Daemon Starting
2025-11-29 02:41:04 | INFO     | Fork: Hilo-Hilo/Hong-Kong-Fire-Documentary
2025-11-29 02:41:04 | INFO     | Upstream: Hong-Kong-Emergency-Coordination-Hub/Hong-Kong-Fire-Documentary
2025-11-29 02:41:04 | INFO     | Sync interval: 10 minutes
2025-11-29 02:41:04 | INFO     | PR interval: 60 minutes
2025-11-29 02:41:04 | INFO     | ============================================================
2025-11-29 02:41:04 | INFO     | gh CLI authenticated
2025-11-29 02:41:04 | INFO     | Setting up git remotes...
2025-11-29 02:41:04 | INFO     | Configured origin remote
2025-11-29 02:41:04 | INFO     | ----------------------------------------
2025-11-29 02:41:04 | INFO     | Starting sync cycle...
2025-11-29 02:41:04 | INFO     | Syncing with upstream...
2025-11-29 02:41:04 | INFO     | Already up to date with upstream
2025-11-29 02:41:04 | INFO     | Running scraper...
2025-11-29 02:41:04 | INFO     | Found 41 new URLs to scrape
2025-11-29 03:41:27 | INFO     | Scraper results: 32 success, 9 failed
2025-11-29 03:41:27 | INFO     | Committing changes...
2025-11-29 03:41:27 | INFO     | Committed: chore(scraper): auto-scrape 2025-11-29 03:41
2025-11-29 03:41:27 | INFO     | Committed log updates
2025-11-29 03:41:27 | INFO     | Sync cycle complete
2025-11-29 03:41:27 | INFO     | ----------------------------------------
2025-11-29 03:41:27 | INFO     | Starting PR cycle...
2025-11-29 03:41:28 | ERROR    | Command failed: git push origin main
2025-11-29 03:41:28 | ERROR    | stderr: To https://github.com/Hilo-Hilo/Hong-Kong-Fire-Documentary.git
 ! [rejected]        main -> main (fetch first)
error: failed to push some refs to 'https://github.com/Hilo-Hilo/Hong-Kong-Fire-Documentary.git'
hint: Updates were rejected because the remote contains work that you do not
hint: have locally. This is usually caused by another repository pushing to
hint: the same ref. If you want to integrate the remote changes, use
hint: 'git pull' before pushing again.
hint: See the 'Note about fast-forwards' in 'git push --help' for details.

2025-11-29 03:41:28 | INFO     | Managing PR...
2025-11-29 03:41:29 | INFO     | Pushing to branch 'scraper-updates'...
2025-11-29 03:41:29 | ERROR    | Command failed: git checkout scraper-updates
2025-11-29 03:41:29 | ERROR    | stderr: error: Your local changes to the following files would be overwritten by checkout:
	logs/scraper.log
Please commit your changes or stash them before you switch branches.
Aborting

2025-11-29 03:41:29 | ERROR    | Failed to push: Command '['git', 'checkout', 'scraper-updates']' returned non-zero exit status 1.
2025-11-29 03:41:29 | ERROR    | Failed to push to PR branch
2025-11-29 03:41:29 | INFO     | PR cycle complete
2025-11-29 03:42:29 | INFO     | ----------------------------------------
2025-11-29 03:42:29 | INFO     | Starting sync cycle...
2025-11-29 03:42:29 | INFO     | Syncing with upstream...
2025-11-29 03:42:29 | INFO     | Already up to date with upstream
2025-11-29 03:42:29 | INFO     | Running scraper...
2025-11-29 03:42:29 | INFO     | Found 9 new URLs to scrape
2025-11-29 04:09:24 | INFO     | Scraper results: 5 success, 4 failed
2025-11-29 04:09:24 | INFO     | Committing changes...
2025-11-29 04:09:24 | INFO     | Committed: chore(scraper): auto-scrape 2025-11-29 04:09
2025-11-29 04:09:24 | INFO     | Committed log updates
2025-11-29 04:09:24 | INFO     | Sync cycle complete
2025-11-29 04:09:24 | INFO     | ----------------------------------------
2025-11-29 04:09:24 | INFO     | Starting PR cycle...
2025-11-29 04:09:24 | ERROR    | Command failed: git push origin main
2025-11-29 04:09:24 | ERROR    | stderr: To https://github.com/Hilo-Hilo/Hong-Kong-Fire-Documentary.git
 ! [rejected]        main -> main (fetch first)
error: failed to push some refs to 'https://github.com/Hilo-Hilo/Hong-Kong-Fire-Documentary.git'
hint: Updates were rejected because the remote contains work that you do not
hint: have locally. This is usually caused by another repository pushing to
hint: the same ref. If you want to integrate the remote changes, use
hint: 'git pull' before pushing again.
hint: See the 'Note about fast-forwards' in 'git push --help' for details.

2025-11-29 04:09:24 | INFO     | Managing PR...
2025-11-29 04:09:25 | INFO     | Pushing to branch 'scraper-updates'...
2025-11-29 04:09:25 | ERROR    | Command failed: git checkout scraper-updates
2025-11-29 04:09:25 | ERROR    | stderr: error: Your local changes to the following files would be overwritten by checkout:
	logs/scraper.log
Please commit your changes or stash them before you switch branches.
Aborting

2025-11-29 04:09:25 | ERROR    | Failed to push: Command '['git', 'checkout', 'scraper-updates']' returned non-zero exit status 1.
2025-11-29 04:09:25 | ERROR    | Failed to push to PR branch
2025-11-29 04:09:25 | INFO     | PR cycle complete
2025-11-29 04:10:25 | INFO     | ----------------------------------------
2025-11-29 04:10:25 | INFO     | Starting sync cycle...
2025-11-29 04:10:25 | INFO     | Syncing with upstream...
2025-11-29 04:10:25 | INFO     | Behind upstream by 18 commits, merging...
2025-11-30 01:26:48 | INFO     | ============================================================
2025-11-30 01:26:48 | INFO     | News Scraper Daemon Starting
2025-11-30 01:26:48 | INFO     | Fork: Hilo-Hilo/Hong-Kong-Fire-Documentary
2025-11-30 01:26:48 | INFO     | Upstream: Hong-Kong-Emergency-Coordination-Hub/Hong-Kong-Fire-Documentary
2025-11-30 01:26:48 | INFO     | Sync interval: 10 minutes
2025-11-30 01:26:48 | INFO     | PR interval: 60 minutes
2025-11-30 01:26:48 | INFO     | ============================================================
2025-11-30 01:26:48 | INFO     | gh CLI authenticated
2025-11-30 01:26:48 | INFO     | Setting up git remotes...
2025-11-30 01:26:48 | INFO     | Configured origin remote
2025-11-30 01:26:48 | INFO     | ----------------------------------------
2025-11-30 01:26:48 | INFO     | Starting sync cycle...
2025-11-30 01:26:48 | INFO     | Syncing with upstream...
2025-11-30 01:26:48 | INFO     | Already up to date with upstream
2025-11-30 01:26:48 | INFO     | Running scraper...
2025-11-30 01:26:49 | ERROR    | Scraper error: Expecting property name enclosed in double quotes: line 5535 column 1 (char 376524)
2025-11-30 01:26:49 | INFO     | Committing changes...
2025-11-30 01:26:49 | INFO     | Committed: chore(scraper): auto-scrape 2025-11-30 01:26
2025-11-30 01:26:49 | ERROR    | Command failed: git add /home/hansonwen/Hong-Kong-Fire-Documentary/logs/scraper.log
2025-11-30 01:26:49 | ERROR    | stderr: The following paths are ignored by one of your .gitignore files:
logs
hint: Use -f if you really want to add them.
hint: Turn this message off by running
hint: "git config advice.addIgnoredFile false"

2025-11-30 01:26:49 | INFO     | Sync cycle complete
2025-11-30 01:26:49 | INFO     | ----------------------------------------
2025-11-30 01:26:49 | INFO     | Starting PR cycle...
2025-11-30 01:26:49 | INFO     | Managing PR...
2025-11-30 01:26:50 | INFO     | Pushing to branch 'scraper-updates'...
2025-11-30 01:29:08 | INFO     | ============================================================
2025-11-30 01:29:08 | INFO     | News Scraper Daemon Starting
2025-11-30 01:29:08 | INFO     | Fork: Hilo-Hilo/Hong-Kong-Fire-Documentary
2025-11-30 01:29:08 | INFO     | Upstream: Hong-Kong-Emergency-Coordination-Hub/Hong-Kong-Fire-Documentary
2025-11-30 01:29:08 | INFO     | Sync interval: 10 minutes
2025-11-30 01:29:08 | INFO     | PR interval: 60 minutes
2025-11-30 01:29:08 | INFO     | ============================================================
2025-11-30 01:29:09 | INFO     | gh CLI authenticated
2025-11-30 01:29:09 | INFO     | Setting up git remotes...
2025-11-30 01:29:09 | INFO     | Configured origin remote
2025-11-30 01:29:09 | INFO     | ----------------------------------------
2025-11-30 01:29:09 | INFO     | Starting sync cycle...
2025-11-30 01:29:09 | INFO     | Syncing with upstream...
2025-11-30 01:29:09 | INFO     | Already up to date with upstream
2025-11-30 01:29:09 | INFO     | Running scraper...
2025-11-30 01:29:09 | ERROR    | Scraper error: Expecting property name enclosed in double quotes: line 5535 column 1 (char 376524)
2025-11-30 01:29:09 | INFO     | Committing changes...
2025-11-30 01:29:09 | INFO     | Committed: chore(scraper): auto-scrape 2025-11-30 01:29
2025-11-30 01:29:09 | ERROR    | Command failed: git add /home/hansonwen/Hong-Kong-Fire-Documentary/logs/scraper.log
2025-11-30 01:29:09 | ERROR    | stderr: The following paths are ignored by one of your .gitignore files:
logs
hint: Use -f if you really want to add them.
hint: Turn this message off by running
hint: "git config advice.addIgnoredFile false"

2025-11-30 01:29:09 | INFO     | Sync cycle complete
2025-11-30 01:29:09 | INFO     | ----------------------------------------
2025-11-30 01:29:09 | INFO     | Starting PR cycle...
2025-11-30 01:29:10 | INFO     | Managing PR...
2025-11-30 01:29:10 | INFO     | Pushing to branch 'scraper-updates'...
2025-11-30 01:30:27 | INFO     | ============================================================
2025-11-30 01:30:27 | INFO     | News Scraper Daemon Starting
2025-11-30 01:30:27 | INFO     | Fork: Hilo-Hilo/Hong-Kong-Fire-Documentary
2025-11-30 01:30:27 | INFO     | Upstream: Hong-Kong-Emergency-Coordination-Hub/Hong-Kong-Fire-Documentary
2025-11-30 01:30:27 | INFO     | Sync interval: 10 minutes
2025-11-30 01:30:27 | INFO     | PR interval: 60 minutes
2025-11-30 01:30:27 | INFO     | ============================================================
2025-11-30 01:30:30 | INFO     | gh CLI authenticated
2025-11-30 01:30:30 | INFO     | Setting up git remotes...
2025-11-30 01:30:30 | INFO     | Configured origin remote
2025-11-30 01:30:30 | INFO     | ----------------------------------------
2025-11-30 01:30:30 | INFO     | Starting sync cycle...
2025-11-30 01:30:30 | INFO     | Syncing with upstream...
2025-11-30 01:30:31 | INFO     | Already up to date with upstream
2025-11-30 01:30:31 | INFO     | Running scraper...
2025-11-30 01:30:31 | INFO     | Found 1 new URLs to scrape
2025-11-30 01:30:39 | INFO     | Scraper results: 0 success, 1 failed
2025-11-30 01:30:39 | INFO     | Committing changes...
2025-11-30 01:30:39 | INFO     | Committed: chore(scraper): auto-scrape 2025-11-30 01:30
2025-11-30 01:30:39 | ERROR    | Command failed: git add /home/hansonwen/Hong-Kong-Fire-Documentary/logs/scraper.log
2025-11-30 01:30:39 | ERROR    | stderr: The following paths are ignored by one of your .gitignore files:
logs
hint: Use -f if you really want to add them.
hint: Turn this message off by running
hint: "git config advice.addIgnoredFile false"

2025-11-30 01:30:39 | INFO     | Sync cycle complete
2025-11-30 01:30:39 | INFO     | ----------------------------------------
2025-11-30 01:30:39 | INFO     | Starting PR cycle...
2025-11-30 01:30:40 | INFO     | Managing PR...
2025-11-30 01:30:41 | INFO     | Pushing to branch 'scraper-updates'...
2025-11-30 01:37:54 | INFO     | ============================================================
2025-11-30 01:37:54 | INFO     | News Scraper Daemon Starting
2025-11-30 01:37:54 | INFO     | Fork: Hilo-Hilo/Hong-Kong-Fire-Documentary
2025-11-30 01:37:54 | INFO     | Upstream: Hong-Kong-Emergency-Coordination-Hub/Hong-Kong-Fire-Documentary
2025-11-30 01:37:54 | INFO     | Sync interval: 10 minutes
2025-11-30 01:37:54 | INFO     | PR interval: 60 minutes
2025-11-30 01:37:54 | INFO     | ============================================================
2025-11-30 01:37:54 | INFO     | gh CLI authenticated
2025-11-30 01:37:54 | INFO     | Setting up git remotes...
2025-11-30 01:37:54 | INFO     | Configured origin remote
2025-11-30 01:37:59 | INFO     | gh CLI authenticated
2025-11-30 01:37:59 | INFO     | ----------------------------------------
2025-11-30 01:37:59 | INFO     | Running periodic health check...
2025-11-30 01:37:59 | INFO     | gh CLI authenticated
2025-11-30 01:37:59 | INFO     | Health check passed
2025-11-30 01:37:59 | INFO     | ----------------------------------------
2025-11-30 01:37:59 | INFO     | Starting sync cycle...
2025-11-30 01:37:59 | INFO     | Syncing with upstream...
2025-11-30 01:38:00 | INFO     | Behind upstream by 2 commits, merging...
2025-11-30 02:03:34 | INFO     | ============================================================
2025-11-30 02:03:34 | INFO     | News Scraper Daemon Starting
2025-11-30 02:03:34 | INFO     | Fork: Hilo-Hilo/Hong-Kong-Fire-Documentary
2025-11-30 02:03:34 | INFO     | Upstream: Hong-Kong-Emergency-Coordination-Hub/Hong-Kong-Fire-Documentary
2025-11-30 02:03:34 | INFO     | Sync interval: 10 minutes
2025-11-30 02:03:34 | INFO     | PR interval: 60 minutes
2025-11-30 02:03:34 | INFO     | ============================================================
2025-11-30 02:03:34 | INFO     | gh CLI authenticated
2025-11-30 02:03:34 | INFO     | Setting up git remotes...
2025-11-30 02:03:34 | INFO     | Configured origin remote
2025-11-30 02:03:34 | INFO     | gh CLI authenticated
2025-11-30 02:03:34 | INFO     | ----------------------------------------
2025-11-30 02:03:34 | INFO     | Running periodic health check...
2025-11-30 02:03:35 | INFO     | gh CLI authenticated
2025-11-30 02:03:35 | INFO     | Health check passed
2025-11-30 02:03:35 | INFO     | ----------------------------------------
2025-11-30 02:03:35 | INFO     | Starting sync cycle...
2025-11-30 02:03:35 | INFO     | Syncing with upstream...
2025-11-30 02:03:35 | INFO     | Already up to date with upstream
2025-11-30 02:03:35 | INFO     | Running scraper...
2025-11-30 02:03:35 | INFO     | Found 1 new URLs to scrape
2025-11-30 02:03:44 | INFO     | Scraper results: 0 success, 1 failed
2025-11-30 02:03:44 | INFO     | Committing changes...
2025-11-30 02:03:44 | INFO     | Committed: chore(scraper): auto-scrape 2025-11-30 02:03
2025-11-30 02:03:44 | INFO     | Sync cycle complete
2025-11-30 02:03:44 | INFO     | ----------------------------------------
2025-11-30 02:03:44 | INFO     | Starting PR cycle...
2025-11-30 02:03:44 | INFO     | Pushed to origin successfully
2025-11-30 02:03:44 | INFO     | Managing PR...
2025-11-30 02:03:45 | INFO     | Pushing to branch 'scraper-updates'...
2025-12-01 12:40:28 | INFO     | ============================================================
2025-12-01 12:40:28 | INFO     | News Scraper Daemon Starting
2025-12-01 12:40:28 | INFO     | Fork: Hilo-Hilo/Hong-Kong-Fire-Documentary
2025-12-01 12:40:28 | INFO     | Upstream: Hong-Kong-Emergency-Coordination-Hub/Hong-Kong-Fire-Documentary
2025-12-01 12:40:28 | INFO     | Sync interval: 10 minutes
2025-12-01 12:40:28 | INFO     | PR interval: 60 minutes
2025-12-01 12:40:28 | INFO     | ============================================================
2025-12-01 12:40:28 | INFO     | gh CLI authenticated
2025-12-01 12:40:28 | INFO     | Setting up git remotes...
2025-12-01 12:40:28 | INFO     | Configured origin remote
2025-12-01 12:40:29 | INFO     | gh CLI authenticated
2025-12-01 12:40:29 | INFO     | ----------------------------------------
2025-12-01 12:40:29 | INFO     | Running periodic health check...
2025-12-01 12:40:29 | INFO     | gh CLI authenticated
2025-12-01 12:40:29 | INFO     | Health check passed
2025-12-01 12:40:29 | INFO     | ----------------------------------------
2025-12-01 12:40:29 | INFO     | Starting sync cycle...
2025-12-01 12:40:29 | INFO     | Syncing with upstream...
2025-12-01 12:40:29 | INFO     | Already up to date with upstream
2025-12-01 12:40:29 | INFO     | Running scraper...
2025-12-01 12:40:29 | ERROR    | Scraper error: No module named 'playwright'
2025-12-01 12:40:29 | INFO     | Committing changes...
2025-12-01 12:40:29 | INFO     | Committed: chore(scraper): auto-scrape 2025-12-01 12:40
2025-12-01 12:40:30 | INFO     | Pushed to origin successfully
2025-12-01 12:40:30 | INFO     | Sync cycle complete
2025-12-01 12:40:30 | INFO     | ----------------------------------------
2025-12-01 12:40:30 | INFO     | Starting PR cycle...
2025-12-01 12:40:31 | INFO     | Pushed to origin successfully
2025-12-01 12:40:31 | INFO     | Managing PR...
2025-12-01 12:40:31 | INFO     | Pushing to branch 'scraper-updates'...
2025-12-01 12:42:08 | INFO     | ============================================================
2025-12-01 12:42:08 | INFO     | News Scraper Daemon Starting
2025-12-01 12:42:08 | INFO     | Fork: Hilo-Hilo/Hong-Kong-Fire-Documentary
2025-12-01 12:42:08 | INFO     | Upstream: Hong-Kong-Emergency-Coordination-Hub/Hong-Kong-Fire-Documentary
2025-12-01 12:42:08 | INFO     | Sync interval: 10 minutes
2025-12-01 12:42:08 | INFO     | PR interval: 60 minutes
2025-12-01 12:42:08 | INFO     | ============================================================
2025-12-01 12:42:08 | INFO     | gh CLI authenticated
2025-12-01 12:42:08 | INFO     | Setting up git remotes...
2025-12-01 12:42:08 | INFO     | Configured origin remote
2025-12-01 12:42:08 | INFO     | gh CLI authenticated
2025-12-01 12:42:08 | INFO     | ----------------------------------------
2025-12-01 12:42:08 | INFO     | Running periodic health check...
2025-12-01 12:42:09 | INFO     | gh CLI authenticated
2025-12-01 12:42:09 | INFO     | Health check passed
2025-12-01 12:42:09 | INFO     | ----------------------------------------
2025-12-01 12:42:09 | INFO     | Starting sync cycle...
2025-12-01 12:42:09 | INFO     | Syncing with upstream...
2025-12-01 12:42:09 | INFO     | Already up to date with upstream
2025-12-01 12:42:09 | INFO     | Running scraper...
2025-12-01 12:42:09 | INFO     | Found 1 new URLs to scrape
2025-12-01 12:42:17 | INFO     | Scraper results: 0 success, 1 failed
2025-12-01 12:42:17 | INFO     | Committing changes...
2025-12-01 12:42:17 | INFO     | Committed: chore(scraper): auto-scrape 2025-12-01 12:42
2025-12-01 12:42:18 | INFO     | Pushed to origin successfully
2025-12-01 12:42:18 | INFO     | Sync cycle complete
2025-12-01 12:42:18 | INFO     | ----------------------------------------
2025-12-01 12:42:18 | INFO     | Starting PR cycle...
2025-12-01 12:42:18 | INFO     | Pushed to origin successfully
2025-12-01 12:42:18 | INFO     | Managing PR...
2025-12-01 12:42:18 | INFO     | Pushing to branch 'scraper-updates'...
2025-12-01 14:18:33 | INFO     | ============================================================
2025-12-01 14:18:33 | INFO     | News Scraper Daemon Starting
2025-12-01 14:18:33 | INFO     | Fork: Hilo-Hilo/Hong-Kong-Fire-Documentary
2025-12-01 14:18:33 | INFO     | Upstream: Hong-Kong-Emergency-Coordination-Hub/Hong-Kong-Fire-Documentary
2025-12-01 14:18:33 | INFO     | Sync interval: 10 minutes
2025-12-01 14:18:33 | INFO     | PR interval: 60 minutes
2025-12-01 14:18:33 | INFO     | ============================================================
2025-12-01 14:18:33 | INFO     | gh CLI authenticated
2025-12-01 14:18:33 | INFO     | Setting up git remotes...
2025-12-01 14:18:33 | INFO     | Configured origin remote
2025-12-01 14:18:33 | INFO     | gh CLI authenticated
2025-12-01 14:18:33 | INFO     | ----------------------------------------
2025-12-01 14:18:33 | INFO     | Running periodic health check...
2025-12-01 14:18:34 | INFO     | gh CLI authenticated
2025-12-01 14:18:34 | INFO     | Health check passed
2025-12-01 14:18:34 | INFO     | ----------------------------------------
2025-12-01 14:18:34 | INFO     | Starting sync cycle...
2025-12-01 14:18:34 | INFO     | Syncing with upstream...
2025-12-01 14:18:34 | INFO     | Already up to date with upstream
2025-12-01 14:18:34 | INFO     | Running scraper...
2025-12-01 14:18:34 | INFO     | Found 1 new URLs to scrape
2025-12-01 14:18:42 | INFO     | Scraper results: 0 success, 1 failed
2025-12-01 14:18:42 | INFO     | Committing changes...
2025-12-01 14:18:42 | INFO     | Committed: chore(scraper): auto-scrape 2025-12-01 14:18
2025-12-01 14:18:43 | INFO     | Pushed to origin successfully
2025-12-01 14:18:43 | INFO     | Sync cycle complete
2025-12-01 14:18:43 | INFO     | ----------------------------------------
2025-12-01 14:18:43 | INFO     | Starting PR cycle...
2025-12-01 14:18:43 | INFO     | Pushed to origin successfully
2025-12-01 14:18:43 | INFO     | Managing PR...
2025-12-01 14:18:43 | INFO     | Pushing to branch 'scraper-updates'...
2025-12-01 14:23:16 | INFO     | ============================================================
2025-12-01 14:23:16 | INFO     | News Scraper Daemon Starting
2025-12-01 14:23:16 | INFO     | Fork: Hilo-Hilo/Hong-Kong-Fire-Documentary
2025-12-01 14:23:16 | INFO     | Upstream: Hong-Kong-Emergency-Coordination-Hub/Hong-Kong-Fire-Documentary
2025-12-01 14:23:16 | INFO     | Sync interval: 10 minutes
2025-12-01 14:23:16 | INFO     | PR interval: 60 minutes
2025-12-01 14:23:16 | INFO     | ============================================================
2025-12-01 14:23:16 | INFO     | gh CLI authenticated
2025-12-01 14:23:16 | INFO     | Setting up git remotes...
2025-12-01 14:23:16 | INFO     | Configured origin remote
2025-12-01 14:23:16 | INFO     | gh CLI authenticated
2025-12-01 14:23:16 | INFO     | ----------------------------------------
2025-12-01 14:23:16 | INFO     | Running periodic health check...
2025-12-01 14:23:16 | INFO     | gh CLI authenticated
2025-12-01 14:23:16 | INFO     | Health check passed
2025-12-01 14:23:16 | INFO     | ----------------------------------------
2025-12-01 14:23:16 | INFO     | Starting sync cycle...
2025-12-01 14:23:16 | INFO     | Syncing with upstream...
2025-12-01 14:23:17 | INFO     | Already up to date with upstream
2025-12-01 14:23:17 | INFO     | Running scraper...
2025-12-01 14:23:17 | INFO     | Found 1 new URLs to scrape
2025-12-01 14:23:25 | INFO     | Scraper results: 0 success, 1 failed
2025-12-01 14:23:25 | INFO     | Committing changes...
2025-12-01 14:23:25 | INFO     | Committed: chore(scraper): auto-scrape 2025-12-01 14:23
2025-12-01 14:23:26 | INFO     | Pushed to origin successfully
2025-12-01 14:23:26 | INFO     | Sync cycle complete
2025-12-01 14:23:26 | INFO     | ----------------------------------------
2025-12-01 14:23:26 | INFO     | Starting PR cycle...
2025-12-01 14:23:26 | INFO     | Pushed to origin successfully
2025-12-01 14:23:26 | INFO     | Managing PR...
2025-12-01 14:23:27 | INFO     | Pushing to branch 'scraper-updates'...
2025-12-01 22:48:05 | INFO     | ============================================================
2025-12-01 22:48:05 | INFO     | News Scraper Daemon Starting
2025-12-01 22:48:05 | INFO     | Fork: Hilo-Hilo/Hong-Kong-Fire-Documentary
2025-12-01 22:48:05 | INFO     | Upstream: Hong-Kong-Emergency-Coordination-Hub/Hong-Kong-Fire-Documentary
2025-12-01 22:48:05 | INFO     | Sync interval: 10 minutes
2025-12-01 22:48:05 | INFO     | PR interval: 60 minutes
2025-12-01 22:48:05 | INFO     | ============================================================
2025-12-01 22:48:05 | INFO     | gh CLI authenticated
2025-12-01 22:48:05 | INFO     | Setting up git remotes...
2025-12-01 22:48:05 | INFO     | Configured origin remote
2025-12-01 22:48:05 | INFO     | gh CLI authenticated
2025-12-01 22:48:05 | INFO     | ----------------------------------------
2025-12-01 22:48:05 | INFO     | Running periodic health check...
2025-12-01 22:48:05 | INFO     | gh CLI authenticated
2025-12-01 22:48:05 | INFO     | Health check passed
2025-12-01 22:48:05 | INFO     | ----------------------------------------
2025-12-01 22:48:05 | INFO     | Starting sync cycle...
2025-12-01 22:48:05 | INFO     | Syncing with upstream...
2025-12-01 22:48:06 | INFO     | Already up to date with upstream
2025-12-01 22:48:06 | INFO     | Running scraper...
2025-12-01 22:48:06 | INFO     | Found 24 new URLs to scrape
2025-12-01 22:52:09 | INFO     | Scraper results: 0 success, 24 failed
2025-12-01 22:52:09 | INFO     | Committing changes...
2025-12-01 22:52:09 | INFO     | Committed: chore(scraper): auto-scrape 2025-12-01 22:52
2025-12-01 22:52:10 | INFO     | Pushed to origin successfully
2025-12-01 22:52:10 | INFO     | Sync cycle complete
2025-12-01 22:52:10 | INFO     | ----------------------------------------
2025-12-01 22:52:10 | INFO     | Starting PR cycle...
2025-12-01 22:52:10 | INFO     | Pushed to origin successfully
2025-12-01 22:52:10 | INFO     | Managing PR...
2025-12-01 22:52:14 | INFO     | Created PR: https://github.com/Hong-Kong-Emergency-Coordination-Hub/Hong-Kong-Fire-Documentary/pull/230
2025-12-01 22:52:14 | INFO     | PR cycle complete
2025-12-01 22:54:59 | INFO     | ============================================================
2025-12-01 22:54:59 | INFO     | News Scraper Daemon Starting
2025-12-01 22:54:59 | INFO     | Fork: Hilo-Hilo/Hong-Kong-Fire-Documentary
2025-12-01 22:54:59 | INFO     | Upstream: Hong-Kong-Emergency-Coordination-Hub/Hong-Kong-Fire-Documentary
2025-12-01 22:54:59 | INFO     | Sync interval: 10 minutes
2025-12-01 22:54:59 | INFO     | PR interval: 60 minutes
2025-12-01 22:54:59 | INFO     | ============================================================
2025-12-01 22:54:59 | INFO     | gh CLI authenticated
2025-12-01 22:54:59 | INFO     | Setting up git remotes...
2025-12-01 22:54:59 | INFO     | Configured origin remote
2025-12-01 22:54:59 | INFO     | gh CLI authenticated
2025-12-01 22:54:59 | INFO     | ----------------------------------------
2025-12-01 22:54:59 | INFO     | Running periodic health check...
2025-12-01 22:55:00 | INFO     | gh CLI authenticated
2025-12-01 22:55:00 | INFO     | Health check passed
2025-12-01 22:55:00 | INFO     | ----------------------------------------
2025-12-01 22:55:00 | INFO     | Starting sync cycle...
2025-12-01 22:55:00 | INFO     | Syncing with upstream...
2025-12-01 22:55:00 | INFO     | Already up to date with upstream
2025-12-01 22:55:00 | INFO     | Running scraper...
2025-12-01 22:55:00 | INFO     | Found 24 new URLs to scrape
2025-12-02 00:04:45 | INFO     | ============================================================
2025-12-02 00:04:45 | INFO     | News Scraper Daemon Starting
2025-12-02 00:04:45 | INFO     | Fork: Hilo-Hilo/Hong-Kong-Fire-Documentary
2025-12-02 00:04:45 | INFO     | Upstream: Hong-Kong-Emergency-Coordination-Hub/Hong-Kong-Fire-Documentary
2025-12-02 00:04:45 | INFO     | Sync interval: 10 minutes
2025-12-02 00:04:45 | INFO     | PR interval: 60 minutes
2025-12-02 00:04:45 | INFO     | ============================================================
2025-12-02 00:04:45 | INFO     | gh CLI authenticated
2025-12-02 00:04:45 | INFO     | Setting up git remotes...
2025-12-02 00:04:45 | INFO     | Configured origin remote
2025-12-02 00:04:46 | INFO     | gh CLI authenticated
2025-12-02 00:04:46 | INFO     | ----------------------------------------
2025-12-02 00:04:46 | INFO     | Running periodic health check...
2025-12-02 00:04:46 | INFO     | gh CLI authenticated
2025-12-02 00:04:46 | INFO     | Health check passed
2025-12-02 00:04:46 | INFO     | ----------------------------------------
2025-12-02 00:04:46 | INFO     | Starting sync cycle...
2025-12-02 00:04:46 | INFO     | Syncing with upstream...
2025-12-02 00:04:46 | INFO     | Already up to date with upstream
2025-12-02 00:04:46 | INFO     | Running scraper...
2025-12-02 00:04:46 | INFO     | Found 1 new URLs to scrape
2025-12-02 00:04:47 | INFO     | Updated cumulative stats: 0 success, 1 failed across 1 cycles
2025-12-02 00:04:47 | INFO     | Scraper results: 0 success, 1 failed
2025-12-02 00:04:47 | INFO     | Committing changes...
2025-12-02 00:04:47 | INFO     | Committed: chore(scraper): auto-scrape 2025-12-02 00:04
2025-12-02 00:04:48 | INFO     | Pushed to origin successfully
2025-12-02 00:04:48 | INFO     | Sync cycle complete
2025-12-02 00:04:48 | INFO     | ----------------------------------------
2025-12-02 00:04:48 | INFO     | Starting PR cycle...
2025-12-02 00:04:48 | INFO     | Pushed to origin successfully
2025-12-02 00:04:48 | INFO     | Managing PR...
2025-12-02 00:04:49 | INFO     | Stats reset for new PR cycle
2025-12-02 00:04:50 | INFO     | PR already exists
2025-12-02 00:04:50 | INFO     | PR cycle complete
2025-12-02 00:06:18 | INFO     | ============================================================
2025-12-02 00:06:18 | INFO     | News Scraper Daemon Starting
2025-12-02 00:06:18 | INFO     | Fork: Hilo-Hilo/Hong-Kong-Fire-Documentary
2025-12-02 00:06:18 | INFO     | Upstream: Hong-Kong-Emergency-Coordination-Hub/Hong-Kong-Fire-Documentary
2025-12-02 00:06:18 | INFO     | Sync interval: 10 minutes
2025-12-02 00:06:18 | INFO     | PR interval: 60 minutes
2025-12-02 00:06:18 | INFO     | ============================================================
2025-12-02 00:06:18 | INFO     | gh CLI authenticated
2025-12-02 00:06:18 | INFO     | Setting up git remotes...
2025-12-02 00:06:18 | INFO     | Configured origin remote
2025-12-02 00:06:19 | INFO     | gh CLI authenticated
2025-12-02 00:06:19 | INFO     | ----------------------------------------
2025-12-02 00:06:19 | INFO     | Running periodic health check...
2025-12-02 00:06:19 | INFO     | gh CLI authenticated
2025-12-02 00:06:19 | INFO     | Health check passed
2025-12-02 00:06:19 | INFO     | ----------------------------------------
2025-12-02 00:06:19 | INFO     | Starting sync cycle...
2025-12-02 00:06:19 | INFO     | Syncing with upstream...
2025-12-02 00:06:19 | INFO     | Already up to date with upstream
2025-12-02 00:06:19 | INFO     | Running scraper...
2025-12-02 00:06:19 | INFO     | Found 1 new URLs to scrape
2025-12-02 00:06:20 | INFO     | Updated cumulative stats: 0 success, 1 failed across 1 cycles
2025-12-02 00:06:20 | INFO     | Scraper results: 0 success, 1 failed
2025-12-02 00:06:20 | INFO     | Committing changes...
2025-12-02 00:06:20 | INFO     | Committed: chore(scraper): auto-scrape 2025-12-02 00:06
2025-12-02 00:06:21 | INFO     | Pushed to origin successfully
2025-12-02 00:06:21 | INFO     | Sync cycle complete
2025-12-02 00:06:21 | INFO     | ----------------------------------------
2025-12-02 00:06:21 | INFO     | Starting PR cycle...
2025-12-02 00:06:21 | INFO     | Pushed to origin successfully
2025-12-02 00:06:21 | INFO     | Managing PR...
2025-12-02 00:06:23 | INFO     | PR already exists
2025-12-02 00:06:23 | INFO     | PR cycle complete
2025-12-02 00:16:23 | INFO     | ----------------------------------------
2025-12-02 00:16:23 | INFO     | Starting sync cycle...
2025-12-02 00:16:23 | INFO     | Syncing with upstream...
2025-12-02 00:16:23 | INFO     | Already up to date with upstream
2025-12-02 00:16:23 | INFO     | Running scraper...
2025-12-02 00:16:23 | INFO     | Found 1 new URLs to scrape
2025-12-02 00:16:24 | INFO     | Updated cumulative stats: 0 success, 2 failed across 2 cycles
2025-12-02 00:16:24 | INFO     | Scraper results: 0 success, 1 failed
2025-12-02 00:16:24 | INFO     | Committing changes...
2025-12-02 00:16:24 | INFO     | Committed: chore(scraper): auto-scrape 2025-12-02 00:16
2025-12-02 00:16:25 | INFO     | Pushed to origin successfully
2025-12-02 00:16:25 | INFO     | Sync cycle complete
2025-12-02 00:22:55 | INFO     | ============================================================
2025-12-02 00:22:55 | INFO     | News Scraper Daemon Starting
2025-12-02 00:22:55 | INFO     | Fork: Hilo-Hilo/Hong-Kong-Fire-Documentary
2025-12-02 00:22:55 | INFO     | Upstream: Hong-Kong-Emergency-Coordination-Hub/Hong-Kong-Fire-Documentary
2025-12-02 00:22:55 | INFO     | Sync interval: 10 minutes
2025-12-02 00:22:55 | INFO     | PR interval: 60 minutes
2025-12-02 00:22:55 | INFO     | ============================================================
2025-12-02 00:22:55 | INFO     | gh CLI authenticated
2025-12-02 00:22:55 | INFO     | Setting up git remotes...
2025-12-02 00:22:55 | INFO     | Configured origin remote
2025-12-02 00:22:56 | INFO     | gh CLI authenticated
2025-12-02 00:22:56 | INFO     | ----------------------------------------
2025-12-02 00:22:56 | INFO     | Running periodic health check...
2025-12-02 00:22:56 | INFO     | gh CLI authenticated
2025-12-02 00:22:56 | INFO     | Health check passed
2025-12-02 00:22:56 | INFO     | ----------------------------------------
2025-12-02 00:22:56 | INFO     | Starting sync cycle...
2025-12-02 00:22:56 | INFO     | Syncing with upstream...
2025-12-02 00:22:56 | INFO     | Already up to date with upstream
2025-12-02 00:22:56 | INFO     | Running scraper...
2025-12-02 00:22:56 | INFO     | Found 1 new URLs to scrape
2025-12-02 00:22:57 | INFO     | Updated cumulative stats: 0 success, 3 failed across 3 cycles
2025-12-02 00:22:57 | INFO     | Scraper results: 0 success, 1 failed
2025-12-02 00:22:58 | INFO     | Committing changes...
2025-12-02 00:22:58 | INFO     | Committed: chore(scraper): auto-scrape 2025-12-02 00:22
2025-12-02 00:22:58 | INFO     | Pushed to origin successfully
2025-12-02 00:22:58 | INFO     | Sync cycle complete
2025-12-02 00:22:58 | INFO     | ----------------------------------------
2025-12-02 00:22:58 | INFO     | Starting PR cycle...
2025-12-02 00:22:59 | INFO     | Pushed to origin successfully
2025-12-02 00:22:59 | INFO     | Managing PR...
2025-12-02 00:23:00 | INFO     | PR already exists
2025-12-02 00:23:00 | INFO     | PR cycle complete
2025-12-02 00:24:05 | INFO     | ============================================================
2025-12-02 00:24:05 | INFO     | News Scraper Daemon Starting
2025-12-02 00:24:05 | INFO     | Fork: Hilo-Hilo/Hong-Kong-Fire-Documentary
2025-12-02 00:24:05 | INFO     | Upstream: Hong-Kong-Emergency-Coordination-Hub/Hong-Kong-Fire-Documentary
2025-12-02 00:24:05 | INFO     | Sync interval: 10 minutes
2025-12-02 00:24:05 | INFO     | PR interval: 60 minutes
2025-12-02 00:24:05 | INFO     | ============================================================
2025-12-02 00:24:05 | INFO     | gh CLI authenticated
2025-12-02 00:24:05 | INFO     | Setting up git remotes...
2025-12-02 00:24:05 | INFO     | Configured origin remote
2025-12-02 00:24:05 | INFO     | gh CLI authenticated
2025-12-02 00:24:06 | INFO     | ----------------------------------------
2025-12-02 00:24:06 | INFO     | Running periodic health check...
2025-12-02 00:24:06 | INFO     | gh CLI authenticated
2025-12-02 00:24:06 | INFO     | Health check passed
2025-12-02 00:24:06 | INFO     | ----------------------------------------
2025-12-02 00:24:06 | INFO     | Starting sync cycle...
2025-12-02 00:24:06 | INFO     | Syncing with upstream...
2025-12-02 00:24:06 | INFO     | Already up to date with upstream
2025-12-02 00:24:06 | INFO     | Running scraper...
2025-12-02 00:24:06 | INFO     | Found 1 new URLs to scrape
2025-12-02 00:24:07 | INFO     | Updated cumulative stats: 0 success, 4 failed across 4 cycles
2025-12-02 00:24:07 | INFO     | Scraper results: 0 success, 1 failed
2025-12-02 00:24:07 | INFO     | Committing changes...
2025-12-02 00:24:07 | INFO     | Committed: chore(scraper): auto-scrape 2025-12-02 00:24
2025-12-02 00:24:08 | INFO     | Pushed to origin successfully
2025-12-02 00:24:08 | INFO     | Sync cycle complete
2025-12-02 00:24:08 | INFO     | ----------------------------------------
2025-12-02 00:24:08 | INFO     | Starting PR cycle...
2025-12-02 00:24:09 | INFO     | Pushed to origin successfully
2025-12-02 00:24:09 | INFO     | Managing PR...
2025-12-02 00:24:09 | INFO     | PR #230 exists, updating description with fresh stats...
2025-12-02 00:24:11 | INFO     | Updated PR #230 with fresh stats
2025-12-02 00:24:11 | INFO     | PR cycle complete
2025-12-02 00:33:58 | INFO     | ============================================================
2025-12-02 00:33:58 | INFO     | News Scraper Daemon Starting
2025-12-02 00:33:58 | INFO     | Fork: Hilo-Hilo/Hong-Kong-Fire-Documentary
2025-12-02 00:33:58 | INFO     | Upstream: Hong-Kong-Emergency-Coordination-Hub/Hong-Kong-Fire-Documentary
2025-12-02 00:33:58 | INFO     | Sync interval: 10 minutes
2025-12-02 00:33:58 | INFO     | PR interval: 60 minutes
2025-12-02 00:33:58 | INFO     | ============================================================
2025-12-02 00:33:58 | INFO     | gh CLI authenticated
2025-12-02 00:33:58 | INFO     | Setting up git remotes...
2025-12-02 00:33:58 | INFO     | Configured origin remote
2025-12-02 00:33:58 | INFO     | gh CLI authenticated
2025-12-02 00:33:58 | INFO     | ----------------------------------------
2025-12-02 00:33:58 | INFO     | Running periodic health check...
2025-12-02 00:33:58 | INFO     | gh CLI authenticated
2025-12-02 00:33:58 | INFO     | Health check passed
2025-12-02 00:33:58 | INFO     | ----------------------------------------
2025-12-02 00:33:58 | INFO     | Starting sync cycle...
2025-12-02 00:33:58 | INFO     | Syncing with upstream...
2025-12-02 00:33:59 | INFO     | Already up to date with upstream
2025-12-02 00:33:59 | INFO     | Running scraper...
2025-12-02 00:33:59 | INFO     | Found 1 new URLs to scrape
2025-12-02 00:34:00 | INFO     | Updated cumulative stats: 0 success, 5 failed across 5 cycles
2025-12-02 00:34:00 | INFO     | Scraper results: 0 success, 1 failed
2025-12-02 00:34:00 | INFO     | Committing changes...
2025-12-02 00:34:00 | INFO     | Committed: chore(scraper): auto-scrape 2025-12-02 00:34
2025-12-02 00:34:01 | INFO     | Pushed to origin successfully
2025-12-02 00:34:01 | INFO     | Sync cycle complete
2025-12-02 00:34:01 | INFO     | ----------------------------------------
2025-12-02 00:34:01 | INFO     | Starting PR cycle...
2025-12-02 00:34:01 | INFO     | Pushed to origin successfully
2025-12-02 00:34:01 | INFO     | Managing PR...
2025-12-02 00:34:02 | INFO     | PR #230 exists, updating description with fresh stats...
2025-12-02 00:34:04 | INFO     | Updated PR #230 with fresh stats
2025-12-02 00:34:04 | INFO     | PR cycle complete
2025-12-02 00:44:04 | INFO     | ----------------------------------------
2025-12-02 00:44:04 | INFO     | Starting sync cycle...
2025-12-02 00:44:04 | INFO     | Syncing with upstream...
2025-12-02 00:44:05 | INFO     | Already up to date with upstream
2025-12-02 00:44:05 | INFO     | Running scraper...
2025-12-02 00:44:05 | INFO     | Found 1 new URLs to scrape
2025-12-02 00:44:05 | INFO     | Updated cumulative stats: 0 success, 6 failed across 6 cycles
2025-12-02 00:44:05 | INFO     | Scraper results: 0 success, 1 failed
2025-12-02 00:44:05 | INFO     | Committing changes...
2025-12-02 00:44:05 | INFO     | Committed: chore(scraper): auto-scrape 2025-12-02 00:44
2025-12-02 00:44:07 | INFO     | Pushed to origin successfully
2025-12-02 00:44:07 | INFO     | Sync cycle complete
2025-12-02 00:54:07 | INFO     | ----------------------------------------
2025-12-02 00:54:07 | INFO     | Starting sync cycle...
2025-12-02 00:54:07 | INFO     | Syncing with upstream...
2025-12-02 00:54:08 | INFO     | Already up to date with upstream
2025-12-02 00:54:08 | INFO     | Running scraper...
2025-12-02 00:54:08 | INFO     | Found 1 new URLs to scrape
2025-12-02 00:54:09 | INFO     | Updated cumulative stats: 0 success, 7 failed across 7 cycles
2025-12-02 00:54:09 | INFO     | Scraper results: 0 success, 1 failed
2025-12-02 00:54:09 | INFO     | Committing changes...
2025-12-02 00:54:09 | INFO     | Committed: chore(scraper): auto-scrape 2025-12-02 00:54
2025-12-02 00:54:09 | INFO     | Pushed to origin successfully
2025-12-02 00:54:09 | INFO     | Sync cycle complete
2025-12-02 01:04:09 | INFO     | ----------------------------------------
2025-12-02 01:04:09 | INFO     | Starting sync cycle...
2025-12-02 01:04:10 | INFO     | Syncing with upstream...
2025-12-02 01:04:10 | INFO     | Already up to date with upstream
2025-12-02 01:04:10 | INFO     | Running scraper...
2025-12-02 01:04:10 | INFO     | Found 1 new URLs to scrape
2025-12-02 01:04:11 | INFO     | Updated cumulative stats: 0 success, 8 failed across 8 cycles
2025-12-02 01:04:11 | INFO     | Scraper results: 0 success, 1 failed
2025-12-02 01:04:11 | INFO     | Committing changes...
2025-12-02 01:04:11 | INFO     | Committed: chore(scraper): auto-scrape 2025-12-02 01:04
2025-12-02 01:04:12 | INFO     | Pushed to origin successfully
2025-12-02 01:04:12 | INFO     | Sync cycle complete
2025-12-02 01:14:12 | INFO     | ----------------------------------------
2025-12-02 01:14:12 | INFO     | Starting sync cycle...
2025-12-02 01:14:12 | INFO     | Syncing with upstream...
2025-12-02 01:14:12 | INFO     | Already up to date with upstream
2025-12-02 01:14:12 | INFO     | Running scraper...
2025-12-02 01:14:12 | INFO     | Found 1 new URLs to scrape
2025-12-02 01:14:13 | INFO     | Updated cumulative stats: 0 success, 9 failed across 9 cycles
2025-12-02 01:14:13 | INFO     | Scraper results: 0 success, 1 failed
2025-12-02 01:14:13 | INFO     | Committing changes...
2025-12-02 01:14:13 | INFO     | Committed: chore(scraper): auto-scrape 2025-12-02 01:14
2025-12-02 01:14:14 | INFO     | Pushed to origin successfully
2025-12-02 01:14:14 | INFO     | Sync cycle complete
2025-12-02 01:24:14 | INFO     | ----------------------------------------
2025-12-02 01:24:14 | INFO     | Starting sync cycle...
2025-12-02 01:24:14 | INFO     | Syncing with upstream...
2025-12-02 01:24:14 | INFO     | Already up to date with upstream
2025-12-02 01:24:14 | INFO     | Running scraper...
2025-12-02 01:24:14 | INFO     | Found 1 new URLs to scrape
2025-12-02 01:24:15 | INFO     | Updated cumulative stats: 0 success, 10 failed across 10 cycles
2025-12-02 01:24:15 | INFO     | Scraper results: 0 success, 1 failed
2025-12-02 01:24:15 | INFO     | Committing changes...
2025-12-02 01:24:15 | INFO     | Committed: chore(scraper): auto-scrape 2025-12-02 01:24
2025-12-02 01:24:16 | INFO     | Pushed to origin successfully
2025-12-02 01:24:16 | INFO     | Sync cycle complete
2025-12-02 01:34:16 | INFO     | ----------------------------------------
2025-12-02 01:34:16 | INFO     | Starting sync cycle...
2025-12-02 01:34:16 | INFO     | Syncing with upstream...
2025-12-02 01:34:16 | INFO     | Already up to date with upstream
2025-12-02 01:34:16 | INFO     | Running scraper...
2025-12-02 01:34:16 | INFO     | Found 1 new URLs to scrape
2025-12-02 01:34:17 | INFO     | Updated cumulative stats: 0 success, 11 failed across 11 cycles
2025-12-02 01:34:17 | INFO     | Scraper results: 0 success, 1 failed
2025-12-02 01:34:17 | INFO     | Committing changes...
2025-12-02 01:34:17 | INFO     | Committed: chore(scraper): auto-scrape 2025-12-02 01:34
2025-12-02 01:34:18 | INFO     | Pushed to origin successfully
2025-12-02 01:34:18 | INFO     | Sync cycle complete
2025-12-02 01:34:18 | INFO     | ----------------------------------------
2025-12-02 01:34:18 | INFO     | Starting PR cycle...
2025-12-02 01:34:18 | INFO     | Pushed to origin successfully
2025-12-02 01:34:18 | INFO     | Managing PR...
2025-12-02 01:34:19 | INFO     | PR #230 exists, updating description with fresh stats...
2025-12-02 01:34:22 | INFO     | Updated PR #230 with fresh stats
2025-12-02 01:34:22 | INFO     | PR cycle complete
2025-12-02 01:44:22 | INFO     | ----------------------------------------
2025-12-02 01:44:22 | INFO     | Starting sync cycle...
2025-12-02 01:44:22 | INFO     | Syncing with upstream...
2025-12-02 01:44:22 | INFO     | Already up to date with upstream
2025-12-02 01:44:22 | INFO     | Running scraper...
2025-12-02 01:44:22 | INFO     | Found 1 new URLs to scrape
2025-12-02 01:44:23 | INFO     | Updated cumulative stats: 0 success, 12 failed across 12 cycles
2025-12-02 01:44:23 | INFO     | Scraper results: 0 success, 1 failed
2025-12-02 01:44:23 | INFO     | Committing changes...
2025-12-02 01:44:23 | INFO     | Committed: chore(scraper): auto-scrape 2025-12-02 01:44
2025-12-02 01:44:24 | INFO     | Pushed to origin successfully
2025-12-02 01:44:24 | INFO     | Sync cycle complete
2025-12-02 01:54:24 | INFO     | ----------------------------------------
2025-12-02 01:54:24 | INFO     | Starting sync cycle...
2025-12-02 01:54:24 | INFO     | Syncing with upstream...
2025-12-02 01:54:24 | INFO     | Already up to date with upstream
2025-12-02 01:54:24 | INFO     | Running scraper...
2025-12-02 01:54:24 | INFO     | Found 1 new URLs to scrape
2025-12-02 01:54:25 | INFO     | Updated cumulative stats: 0 success, 13 failed across 13 cycles
2025-12-02 01:54:25 | INFO     | Scraper results: 0 success, 1 failed
2025-12-02 01:54:25 | INFO     | Committing changes...
2025-12-02 01:54:25 | INFO     | Committed: chore(scraper): auto-scrape 2025-12-02 01:54
2025-12-02 01:54:26 | INFO     | Pushed to origin successfully
2025-12-02 01:54:26 | INFO     | Sync cycle complete
2025-12-02 02:04:26 | INFO     | ----------------------------------------
2025-12-02 02:04:26 | INFO     | Starting sync cycle...
2025-12-02 02:04:26 | INFO     | Syncing with upstream...
2025-12-02 02:04:27 | INFO     | Already up to date with upstream
2025-12-02 02:04:27 | INFO     | Running scraper...
2025-12-02 02:04:27 | INFO     | Found 1 new URLs to scrape
2025-12-02 02:04:28 | INFO     | Updated cumulative stats: 0 success, 14 failed across 14 cycles
2025-12-02 02:04:28 | INFO     | Scraper results: 0 success, 1 failed
2025-12-02 02:04:28 | INFO     | Committing changes...
2025-12-02 02:04:28 | INFO     | Committed: chore(scraper): auto-scrape 2025-12-02 02:04
2025-12-02 02:04:29 | INFO     | Pushed to origin successfully
2025-12-02 02:04:29 | INFO     | Sync cycle complete
2025-12-02 02:14:29 | INFO     | ----------------------------------------
2025-12-02 02:14:29 | INFO     | Starting sync cycle...
2025-12-02 02:14:29 | INFO     | Syncing with upstream...
2025-12-02 02:14:29 | INFO     | Already up to date with upstream
2025-12-02 02:14:29 | INFO     | Running scraper...
2025-12-02 02:14:29 | INFO     | Found 1 new URLs to scrape
2025-12-02 02:14:30 | INFO     | Updated cumulative stats: 0 success, 15 failed across 15 cycles
2025-12-02 02:14:30 | INFO     | Scraper results: 0 success, 1 failed
2025-12-02 02:14:30 | INFO     | Committing changes...
2025-12-02 02:14:30 | INFO     | Committed: chore(scraper): auto-scrape 2025-12-02 02:14
2025-12-02 02:14:31 | INFO     | Pushed to origin successfully
2025-12-02 02:14:31 | INFO     | Sync cycle complete
2025-12-02 02:24:31 | INFO     | ----------------------------------------
2025-12-02 02:24:31 | INFO     | Starting sync cycle...
2025-12-02 02:24:31 | INFO     | Syncing with upstream...
2025-12-02 02:24:31 | INFO     | Already up to date with upstream
2025-12-02 02:24:31 | INFO     | Running scraper...
2025-12-02 02:24:31 | INFO     | Found 1 new URLs to scrape
2025-12-02 02:24:32 | INFO     | Updated cumulative stats: 0 success, 16 failed across 16 cycles
2025-12-02 02:24:32 | INFO     | Scraper results: 0 success, 1 failed
2025-12-02 02:24:32 | INFO     | Committing changes...
2025-12-02 02:24:32 | INFO     | Committed: chore(scraper): auto-scrape 2025-12-02 02:24
2025-12-02 02:24:33 | INFO     | Pushed to origin successfully
2025-12-02 02:24:33 | INFO     | Sync cycle complete
2025-12-02 02:34:33 | INFO     | ----------------------------------------
2025-12-02 02:34:33 | INFO     | Starting sync cycle...
2025-12-02 02:34:33 | INFO     | Syncing with upstream...
2025-12-02 02:34:34 | INFO     | Already up to date with upstream
2025-12-02 02:34:34 | INFO     | Running scraper...
2025-12-02 02:34:34 | INFO     | Found 1 new URLs to scrape
2025-12-02 02:34:34 | INFO     | Updated cumulative stats: 0 success, 17 failed across 17 cycles
2025-12-02 02:34:34 | INFO     | Scraper results: 0 success, 1 failed
2025-12-02 02:34:34 | INFO     | Committing changes...
2025-12-02 02:34:34 | INFO     | Committed: chore(scraper): auto-scrape 2025-12-02 02:34
2025-12-02 02:34:35 | INFO     | Pushed to origin successfully
2025-12-02 02:34:35 | INFO     | Sync cycle complete
2025-12-02 02:34:35 | INFO     | ----------------------------------------
2025-12-02 02:34:35 | INFO     | Starting PR cycle...
2025-12-02 02:34:36 | INFO     | Pushed to origin successfully
2025-12-02 02:34:36 | INFO     | Managing PR...
2025-12-02 02:34:36 | INFO     | PR #230 exists, updating description with fresh stats...
2025-12-02 02:34:39 | INFO     | Updated PR #230 with fresh stats
2025-12-02 02:34:39 | INFO     | PR cycle complete
2025-12-02 02:44:39 | INFO     | ----------------------------------------
2025-12-02 02:44:39 | INFO     | Starting sync cycle...
2025-12-02 02:44:39 | INFO     | Syncing with upstream...
2025-12-02 02:44:39 | INFO     | Already up to date with upstream
2025-12-02 02:44:39 | INFO     | Running scraper...
2025-12-02 02:44:39 | INFO     | Found 1 new URLs to scrape
2025-12-02 02:44:40 | INFO     | Updated cumulative stats: 0 success, 18 failed across 18 cycles
2025-12-02 02:44:40 | INFO     | Scraper results: 0 success, 1 failed
2025-12-02 02:44:40 | INFO     | Committing changes...
2025-12-02 02:44:40 | INFO     | Committed: chore(scraper): auto-scrape 2025-12-02 02:44
2025-12-02 02:44:41 | INFO     | Pushed to origin successfully
2025-12-02 02:44:41 | INFO     | Sync cycle complete
2025-12-02 02:54:41 | INFO     | ----------------------------------------
2025-12-02 02:54:41 | INFO     | Starting sync cycle...
2025-12-02 02:54:41 | INFO     | Syncing with upstream...
2025-12-02 02:54:41 | INFO     | Already up to date with upstream
2025-12-02 02:54:41 | INFO     | Running scraper...
2025-12-02 02:54:41 | INFO     | Found 1 new URLs to scrape
2025-12-02 02:54:42 | INFO     | Updated cumulative stats: 0 success, 19 failed across 19 cycles
2025-12-02 02:54:42 | INFO     | Scraper results: 0 success, 1 failed
2025-12-02 02:54:42 | INFO     | Committing changes...
2025-12-02 02:54:42 | INFO     | Committed: chore(scraper): auto-scrape 2025-12-02 02:54
2025-12-02 02:54:43 | INFO     | Pushed to origin successfully
2025-12-02 02:54:43 | INFO     | Sync cycle complete
2025-12-02 03:04:43 | INFO     | ----------------------------------------
2025-12-02 03:04:43 | INFO     | Starting sync cycle...
2025-12-02 03:04:43 | INFO     | Syncing with upstream...
2025-12-02 03:04:44 | INFO     | Already up to date with upstream
2025-12-02 03:04:44 | INFO     | Running scraper...
2025-12-02 03:04:44 | INFO     | Found 1 new URLs to scrape
2025-12-02 03:04:44 | INFO     | Updated cumulative stats: 0 success, 20 failed across 20 cycles
2025-12-02 03:04:44 | INFO     | Scraper results: 0 success, 1 failed
2025-12-02 03:04:44 | INFO     | Committing changes...
2025-12-02 03:04:44 | INFO     | Committed: chore(scraper): auto-scrape 2025-12-02 03:04
2025-12-02 03:04:45 | INFO     | Pushed to origin successfully
2025-12-02 03:04:45 | INFO     | Sync cycle complete
2025-12-02 03:14:45 | INFO     | ----------------------------------------
2025-12-02 03:14:45 | INFO     | Starting sync cycle...
2025-12-02 03:14:45 | INFO     | Syncing with upstream...
2025-12-02 03:14:46 | INFO     | Already up to date with upstream
2025-12-02 03:14:46 | INFO     | Running scraper...
2025-12-02 03:14:46 | INFO     | Found 1 new URLs to scrape
2025-12-02 03:14:46 | INFO     | Updated cumulative stats: 0 success, 21 failed across 21 cycles
2025-12-02 03:14:46 | INFO     | Scraper results: 0 success, 1 failed
2025-12-02 03:14:46 | INFO     | Committing changes...
2025-12-02 03:14:46 | INFO     | Committed: chore(scraper): auto-scrape 2025-12-02 03:14
2025-12-02 03:14:47 | INFO     | Pushed to origin successfully
2025-12-02 03:14:47 | INFO     | Sync cycle complete
2025-12-02 03:24:47 | INFO     | ----------------------------------------
2025-12-02 03:24:47 | INFO     | Starting sync cycle...
2025-12-02 03:24:47 | INFO     | Syncing with upstream...
2025-12-02 03:24:48 | INFO     | Already up to date with upstream
2025-12-02 03:24:48 | INFO     | Running scraper...
2025-12-02 03:24:48 | INFO     | Found 1 new URLs to scrape
2025-12-02 03:24:49 | INFO     | Updated cumulative stats: 0 success, 22 failed across 22 cycles
2025-12-02 03:24:49 | INFO     | Scraper results: 0 success, 1 failed
2025-12-02 03:24:49 | INFO     | Committing changes...
2025-12-02 03:24:49 | INFO     | Committed: chore(scraper): auto-scrape 2025-12-02 03:24
2025-12-02 03:24:49 | INFO     | Pushed to origin successfully
2025-12-02 03:24:49 | INFO     | Sync cycle complete
2025-12-02 03:34:49 | INFO     | ----------------------------------------
2025-12-02 03:34:49 | INFO     | Starting sync cycle...
2025-12-02 03:34:49 | INFO     | Syncing with upstream...
2025-12-02 03:34:50 | INFO     | Already up to date with upstream
2025-12-02 03:34:50 | INFO     | Running scraper...
2025-12-02 03:34:50 | INFO     | Found 1 new URLs to scrape
2025-12-02 03:34:50 | INFO     | Updated cumulative stats: 0 success, 23 failed across 23 cycles
2025-12-02 03:34:50 | INFO     | Scraper results: 0 success, 1 failed
2025-12-02 03:34:51 | INFO     | Committing changes...
2025-12-02 03:34:51 | INFO     | Committed: chore(scraper): auto-scrape 2025-12-02 03:34
2025-12-02 03:34:51 | INFO     | Pushed to origin successfully
2025-12-02 03:34:51 | INFO     | Sync cycle complete
2025-12-02 03:34:51 | INFO     | ----------------------------------------
2025-12-02 03:34:51 | INFO     | Starting PR cycle...
2025-12-02 03:34:52 | INFO     | Pushed to origin successfully
2025-12-02 03:34:52 | INFO     | Managing PR...
2025-12-02 03:34:53 | INFO     | PR #230 exists, updating description with fresh stats...
2025-12-02 03:34:55 | INFO     | Updated PR #230 with fresh stats
2025-12-02 03:34:55 | INFO     | PR cycle complete
2025-12-02 03:44:55 | INFO     | ----------------------------------------
2025-12-02 03:44:55 | INFO     | Starting sync cycle...
2025-12-02 03:44:55 | INFO     | Syncing with upstream...
2025-12-02 03:44:56 | INFO     | Already up to date with upstream
2025-12-02 03:44:56 | INFO     | Running scraper...
2025-12-02 03:44:56 | INFO     | Found 1 new URLs to scrape
2025-12-02 03:44:57 | INFO     | Updated cumulative stats: 0 success, 24 failed across 24 cycles
2025-12-02 03:44:57 | INFO     | Scraper results: 0 success, 1 failed
2025-12-02 03:44:57 | INFO     | Committing changes...
2025-12-02 03:44:57 | INFO     | Committed: chore(scraper): auto-scrape 2025-12-02 03:44
2025-12-02 03:44:58 | INFO     | Pushed to origin successfully
2025-12-02 03:44:58 | INFO     | Sync cycle complete
2025-12-02 03:54:58 | INFO     | ----------------------------------------
2025-12-02 03:54:58 | INFO     | Starting sync cycle...
2025-12-02 03:54:58 | INFO     | Syncing with upstream...
2025-12-02 03:54:58 | INFO     | Already up to date with upstream
2025-12-02 03:54:58 | INFO     | Running scraper...
2025-12-02 03:54:58 | INFO     | Found 1 new URLs to scrape
2025-12-02 03:54:59 | INFO     | Updated cumulative stats: 0 success, 25 failed across 25 cycles
2025-12-02 03:54:59 | INFO     | Scraper results: 0 success, 1 failed
2025-12-02 03:54:59 | INFO     | Committing changes...
2025-12-02 03:54:59 | INFO     | Committed: chore(scraper): auto-scrape 2025-12-02 03:54
2025-12-02 03:55:00 | INFO     | Pushed to origin successfully
2025-12-02 03:55:00 | INFO     | Sync cycle complete
2025-12-02 04:05:00 | INFO     | ----------------------------------------
2025-12-02 04:05:00 | INFO     | Starting sync cycle...
2025-12-02 04:05:00 | INFO     | Syncing with upstream...
2025-12-02 04:05:00 | INFO     | Already up to date with upstream
2025-12-02 04:05:00 | INFO     | Running scraper...
2025-12-02 04:05:00 | INFO     | Found 1 new URLs to scrape
2025-12-02 04:05:01 | INFO     | Updated cumulative stats: 0 success, 26 failed across 26 cycles
2025-12-02 04:05:01 | INFO     | Scraper results: 0 success, 1 failed
2025-12-02 04:05:01 | INFO     | Committing changes...
2025-12-02 04:05:01 | INFO     | Committed: chore(scraper): auto-scrape 2025-12-02 04:05
2025-12-02 04:05:02 | INFO     | Pushed to origin successfully
2025-12-02 04:05:02 | INFO     | Sync cycle complete
2025-12-02 04:15:02 | INFO     | ----------------------------------------
2025-12-02 04:15:02 | INFO     | Starting sync cycle...
2025-12-02 04:15:02 | INFO     | Syncing with upstream...
2025-12-02 04:15:02 | INFO     | Already up to date with upstream
2025-12-02 04:15:02 | INFO     | Running scraper...
2025-12-02 04:15:02 | INFO     | Found 1 new URLs to scrape
2025-12-02 04:15:03 | INFO     | Updated cumulative stats: 0 success, 27 failed across 27 cycles
2025-12-02 04:15:03 | INFO     | Scraper results: 0 success, 1 failed
2025-12-02 04:15:03 | INFO     | Committing changes...
2025-12-02 04:15:03 | INFO     | Committed: chore(scraper): auto-scrape 2025-12-02 04:15
2025-12-02 04:15:04 | INFO     | Pushed to origin successfully
2025-12-02 04:15:04 | INFO     | Sync cycle complete
2025-12-02 04:25:04 | INFO     | ----------------------------------------
2025-12-02 04:25:04 | INFO     | Starting sync cycle...
2025-12-02 04:25:04 | INFO     | Syncing with upstream...
2025-12-02 04:25:04 | INFO     | Already up to date with upstream
2025-12-02 04:25:04 | INFO     | Running scraper...
2025-12-02 04:25:04 | INFO     | Found 1 new URLs to scrape
2025-12-02 04:25:05 | INFO     | Updated cumulative stats: 0 success, 28 failed across 28 cycles
2025-12-02 04:25:05 | INFO     | Scraper results: 0 success, 1 failed
2025-12-02 04:25:05 | INFO     | Committing changes...
2025-12-02 04:25:05 | INFO     | Committed: chore(scraper): auto-scrape 2025-12-02 04:25
2025-12-02 04:25:06 | INFO     | Pushed to origin successfully
2025-12-02 04:25:06 | INFO     | Sync cycle complete
2025-12-02 04:35:06 | INFO     | ----------------------------------------
2025-12-02 04:35:06 | INFO     | Starting sync cycle...
2025-12-02 04:35:06 | INFO     | Syncing with upstream...
2025-12-02 04:35:06 | INFO     | Already up to date with upstream
2025-12-02 04:35:06 | INFO     | Running scraper...
2025-12-02 04:35:07 | INFO     | Found 1 new URLs to scrape
2025-12-02 04:35:07 | INFO     | Updated cumulative stats: 0 success, 29 failed across 29 cycles
2025-12-02 04:35:07 | INFO     | Scraper results: 0 success, 1 failed
2025-12-02 04:35:07 | INFO     | Committing changes...
2025-12-02 04:35:07 | INFO     | Committed: chore(scraper): auto-scrape 2025-12-02 04:35
2025-12-02 04:35:08 | INFO     | Pushed to origin successfully
2025-12-02 04:35:08 | INFO     | Sync cycle complete
2025-12-02 04:35:08 | INFO     | ----------------------------------------
2025-12-02 04:35:08 | INFO     | Starting PR cycle...
2025-12-02 04:35:09 | INFO     | Pushed to origin successfully
2025-12-02 04:35:09 | INFO     | Managing PR...
2025-12-02 04:35:09 | INFO     | PR #230 exists, updating description with fresh stats...
2025-12-02 04:35:12 | INFO     | Updated PR #230 with fresh stats
2025-12-02 04:35:12 | INFO     | PR cycle complete
2025-12-02 04:45:12 | INFO     | ----------------------------------------
2025-12-02 04:45:12 | INFO     | Starting sync cycle...
2025-12-02 04:45:12 | INFO     | Syncing with upstream...
2025-12-02 04:45:13 | INFO     | Already up to date with upstream
2025-12-02 04:45:13 | INFO     | Running scraper...
2025-12-02 04:45:13 | INFO     | Found 1 new URLs to scrape
2025-12-02 04:45:13 | INFO     | Updated cumulative stats: 0 success, 30 failed across 30 cycles
2025-12-02 04:45:13 | INFO     | Scraper results: 0 success, 1 failed
2025-12-02 04:45:13 | INFO     | Committing changes...
2025-12-02 04:45:13 | INFO     | Committed: chore(scraper): auto-scrape 2025-12-02 04:45
2025-12-02 04:45:14 | INFO     | Pushed to origin successfully
2025-12-02 04:45:14 | INFO     | Sync cycle complete
2025-12-02 04:55:14 | INFO     | ----------------------------------------
2025-12-02 04:55:14 | INFO     | Starting sync cycle...
2025-12-02 04:55:14 | INFO     | Syncing with upstream...
2025-12-02 04:55:15 | INFO     | Already up to date with upstream
2025-12-02 04:55:15 | INFO     | Running scraper...
2025-12-02 04:55:15 | INFO     | Found 1 new URLs to scrape
2025-12-02 04:55:16 | INFO     | Updated cumulative stats: 0 success, 31 failed across 31 cycles
2025-12-02 04:55:16 | INFO     | Scraper results: 0 success, 1 failed
2025-12-02 04:55:16 | INFO     | Committing changes...
2025-12-02 04:55:16 | INFO     | Committed: chore(scraper): auto-scrape 2025-12-02 04:55
2025-12-02 04:55:16 | INFO     | Pushed to origin successfully
2025-12-02 04:55:16 | INFO     | Sync cycle complete
2025-12-02 05:05:16 | INFO     | ----------------------------------------
2025-12-02 05:05:16 | INFO     | Starting sync cycle...
2025-12-02 05:05:16 | INFO     | Syncing with upstream...
2025-12-02 05:05:17 | INFO     | Already up to date with upstream
2025-12-02 05:05:17 | INFO     | Running scraper...
2025-12-02 05:05:17 | INFO     | Found 1 new URLs to scrape
2025-12-02 05:05:18 | INFO     | Updated cumulative stats: 0 success, 32 failed across 32 cycles
2025-12-02 05:05:18 | INFO     | Scraper results: 0 success, 1 failed
2025-12-02 05:05:18 | INFO     | Committing changes...
2025-12-02 05:05:18 | INFO     | Committed: chore(scraper): auto-scrape 2025-12-02 05:05
2025-12-02 05:05:19 | INFO     | Pushed to origin successfully
2025-12-02 05:05:19 | INFO     | Sync cycle complete
2025-12-02 05:15:19 | INFO     | ----------------------------------------
2025-12-02 05:15:19 | INFO     | Starting sync cycle...
2025-12-02 05:15:19 | INFO     | Syncing with upstream...
2025-12-02 05:15:19 | INFO     | Already up to date with upstream
2025-12-02 05:15:19 | INFO     | Running scraper...
2025-12-02 05:15:19 | INFO     | Found 1 new URLs to scrape
2025-12-02 05:15:20 | INFO     | Updated cumulative stats: 0 success, 33 failed across 33 cycles
2025-12-02 05:15:20 | INFO     | Scraper results: 0 success, 1 failed
2025-12-02 05:15:20 | INFO     | Committing changes...
2025-12-02 05:15:20 | INFO     | Committed: chore(scraper): auto-scrape 2025-12-02 05:15
2025-12-02 05:15:21 | INFO     | Pushed to origin successfully
2025-12-02 05:15:21 | INFO     | Sync cycle complete
2025-12-02 05:25:21 | INFO     | ----------------------------------------
2025-12-02 05:25:21 | INFO     | Starting sync cycle...
2025-12-02 05:25:21 | INFO     | Syncing with upstream...
2025-12-02 05:25:21 | INFO     | Already up to date with upstream
2025-12-02 05:25:21 | INFO     | Running scraper...
2025-12-02 05:25:21 | INFO     | Found 1 new URLs to scrape
2025-12-02 05:25:22 | INFO     | Updated cumulative stats: 0 success, 34 failed across 34 cycles
2025-12-02 05:25:22 | INFO     | Scraper results: 0 success, 1 failed
2025-12-02 05:25:22 | INFO     | Committing changes...
2025-12-02 05:25:22 | INFO     | Committed: chore(scraper): auto-scrape 2025-12-02 05:25
2025-12-02 05:25:23 | INFO     | Pushed to origin successfully
2025-12-02 05:25:23 | INFO     | Sync cycle complete
2025-12-02 05:35:23 | INFO     | ----------------------------------------
2025-12-02 05:35:23 | INFO     | Starting sync cycle...
2025-12-02 05:35:23 | INFO     | Syncing with upstream...
2025-12-02 05:35:23 | INFO     | Already up to date with upstream
2025-12-02 05:35:23 | INFO     | Running scraper...
2025-12-02 05:35:23 | INFO     | Found 1 new URLs to scrape
2025-12-02 05:35:24 | INFO     | Updated cumulative stats: 0 success, 35 failed across 35 cycles
2025-12-02 05:35:24 | INFO     | Scraper results: 0 success, 1 failed
2025-12-02 05:35:24 | INFO     | Committing changes...
2025-12-02 05:35:24 | INFO     | Committed: chore(scraper): auto-scrape 2025-12-02 05:35
2025-12-02 05:35:25 | INFO     | Pushed to origin successfully
2025-12-02 05:35:25 | INFO     | Sync cycle complete
2025-12-02 05:35:25 | INFO     | ----------------------------------------
2025-12-02 05:35:25 | INFO     | Starting PR cycle...
2025-12-02 05:35:25 | INFO     | Pushed to origin successfully
2025-12-02 05:35:25 | INFO     | Managing PR...
2025-12-02 05:35:26 | INFO     | PR #230 exists, updating description with fresh stats...
2025-12-02 05:35:29 | INFO     | Updated PR #230 with fresh stats
2025-12-02 05:35:29 | INFO     | PR cycle complete
2025-12-02 05:45:29 | INFO     | ----------------------------------------
2025-12-02 05:45:29 | INFO     | Starting sync cycle...
2025-12-02 05:45:29 | INFO     | Syncing with upstream...
2025-12-02 05:45:29 | INFO     | Already up to date with upstream
2025-12-02 05:45:29 | INFO     | Running scraper...
2025-12-02 05:45:29 | INFO     | Found 1 new URLs to scrape
2025-12-02 05:45:30 | INFO     | Updated cumulative stats: 0 success, 36 failed across 36 cycles
2025-12-02 05:45:30 | INFO     | Scraper results: 0 success, 1 failed
2025-12-02 05:45:30 | INFO     | Committing changes...
2025-12-02 05:45:30 | INFO     | Committed: chore(scraper): auto-scrape 2025-12-02 05:45
2025-12-02 05:45:31 | INFO     | Pushed to origin successfully
2025-12-02 05:45:31 | INFO     | Sync cycle complete
2025-12-02 05:55:31 | INFO     | ----------------------------------------
2025-12-02 05:55:31 | INFO     | Starting sync cycle...
2025-12-02 05:55:31 | INFO     | Syncing with upstream...
2025-12-02 05:55:31 | INFO     | Already up to date with upstream
2025-12-02 05:55:31 | INFO     | Running scraper...
2025-12-02 05:55:31 | INFO     | Found 1 new URLs to scrape
2025-12-02 05:55:33 | INFO     | Updated cumulative stats: 0 success, 37 failed across 37 cycles
2025-12-02 05:55:33 | INFO     | Scraper results: 0 success, 1 failed
2025-12-02 05:55:33 | INFO     | Committing changes...
2025-12-02 05:55:33 | INFO     | Committed: chore(scraper): auto-scrape 2025-12-02 05:55
2025-12-02 05:55:34 | INFO     | Pushed to origin successfully
2025-12-02 05:55:34 | INFO     | Sync cycle complete
2025-12-02 06:05:34 | INFO     | ----------------------------------------
2025-12-02 06:05:34 | INFO     | Starting sync cycle...
2025-12-02 06:05:34 | INFO     | Syncing with upstream...
2025-12-02 06:05:34 | INFO     | Already up to date with upstream
2025-12-02 06:05:34 | INFO     | Running scraper...
2025-12-02 06:05:34 | INFO     | Found 1 new URLs to scrape
2025-12-02 06:05:35 | INFO     | Updated cumulative stats: 0 success, 38 failed across 38 cycles
2025-12-02 06:05:35 | INFO     | Scraper results: 0 success, 1 failed
2025-12-02 06:05:35 | INFO     | Committing changes...
2025-12-02 06:05:35 | INFO     | Committed: chore(scraper): auto-scrape 2025-12-02 06:05
2025-12-02 06:05:36 | INFO     | Pushed to origin successfully
2025-12-02 06:05:36 | INFO     | Sync cycle complete
2025-12-02 06:15:36 | INFO     | ----------------------------------------
2025-12-02 06:15:36 | INFO     | Starting sync cycle...
2025-12-02 06:15:36 | INFO     | Syncing with upstream...
2025-12-02 06:15:36 | INFO     | Already up to date with upstream
2025-12-02 06:15:36 | INFO     | Running scraper...
2025-12-02 06:15:36 | INFO     | Found 1 new URLs to scrape
2025-12-02 06:15:37 | INFO     | Updated cumulative stats: 0 success, 39 failed across 39 cycles
2025-12-02 06:15:37 | INFO     | Scraper results: 0 success, 1 failed
2025-12-02 06:15:37 | INFO     | Committing changes...
2025-12-02 06:15:37 | INFO     | Committed: chore(scraper): auto-scrape 2025-12-02 06:15
2025-12-02 06:15:38 | INFO     | Pushed to origin successfully
2025-12-02 06:15:38 | INFO     | Sync cycle complete
2025-12-02 06:25:38 | INFO     | ----------------------------------------
2025-12-02 06:25:38 | INFO     | Starting sync cycle...
2025-12-02 06:25:38 | INFO     | Syncing with upstream...
2025-12-02 06:25:38 | INFO     | Already up to date with upstream
2025-12-02 06:25:38 | INFO     | Running scraper...
2025-12-02 06:25:38 | INFO     | Found 1 new URLs to scrape
2025-12-02 06:25:39 | INFO     | Updated cumulative stats: 0 success, 40 failed across 40 cycles
2025-12-02 06:25:39 | INFO     | Scraper results: 0 success, 1 failed
2025-12-02 06:25:39 | INFO     | Committing changes...
2025-12-02 06:25:39 | INFO     | Committed: chore(scraper): auto-scrape 2025-12-02 06:25
2025-12-02 06:25:40 | INFO     | Pushed to origin successfully
2025-12-02 06:25:40 | INFO     | Sync cycle complete
2025-12-02 06:34:40 | INFO     | ----------------------------------------
2025-12-02 06:34:40 | INFO     | Running periodic health check...
2025-12-02 06:34:41 | INFO     | gh CLI authenticated
2025-12-02 06:34:41 | INFO     | Health check passed
2025-12-02 06:35:41 | INFO     | ----------------------------------------
2025-12-02 06:35:41 | INFO     | Starting sync cycle...
2025-12-02 06:35:41 | INFO     | Syncing with upstream...
2025-12-02 06:35:41 | INFO     | Already up to date with upstream
2025-12-02 06:35:41 | INFO     | Running scraper...
2025-12-02 06:35:41 | INFO     | Found 1 new URLs to scrape
2025-12-02 06:35:42 | INFO     | Updated cumulative stats: 0 success, 41 failed across 41 cycles
2025-12-02 06:35:42 | INFO     | Scraper results: 0 success, 1 failed
2025-12-02 06:35:42 | INFO     | Committing changes...
2025-12-02 06:35:42 | INFO     | Committed: chore(scraper): auto-scrape 2025-12-02 06:35
2025-12-02 06:35:43 | INFO     | Pushed to origin successfully
2025-12-02 06:35:43 | INFO     | Sync cycle complete
2025-12-02 06:35:43 | INFO     | ----------------------------------------
2025-12-02 06:35:43 | INFO     | Starting PR cycle...
2025-12-02 06:35:43 | INFO     | Pushed to origin successfully
2025-12-02 06:35:43 | INFO     | Managing PR...
2025-12-02 06:35:44 | INFO     | PR #230 exists, updating description with fresh stats...
2025-12-02 06:35:47 | INFO     | Updated PR #230 with fresh stats
2025-12-02 06:35:47 | INFO     | PR cycle complete
2025-12-02 06:45:47 | INFO     | ----------------------------------------
2025-12-02 06:45:47 | INFO     | Starting sync cycle...
2025-12-02 06:45:47 | INFO     | Syncing with upstream...
2025-12-02 06:45:48 | INFO     | Already up to date with upstream
2025-12-02 06:45:48 | INFO     | Running scraper...
2025-12-02 06:45:48 | INFO     | Found 1 new URLs to scrape
2025-12-02 06:45:48 | INFO     | Updated cumulative stats: 0 success, 42 failed across 42 cycles
2025-12-02 06:45:48 | INFO     | Scraper results: 0 success, 1 failed
2025-12-02 06:45:48 | INFO     | Committing changes...
2025-12-02 06:45:48 | INFO     | Committed: chore(scraper): auto-scrape 2025-12-02 06:45
2025-12-02 06:45:49 | INFO     | Pushed to origin successfully
2025-12-02 06:45:49 | INFO     | Sync cycle complete
2025-12-02 06:55:49 | INFO     | ----------------------------------------
2025-12-02 06:55:49 | INFO     | Starting sync cycle...
2025-12-02 06:55:49 | INFO     | Syncing with upstream...
2025-12-02 06:55:50 | INFO     | Already up to date with upstream
2025-12-02 06:55:50 | INFO     | Running scraper...
2025-12-02 06:55:50 | INFO     | Found 1 new URLs to scrape
2025-12-02 06:55:51 | INFO     | Updated cumulative stats: 0 success, 43 failed across 43 cycles
2025-12-02 06:55:51 | INFO     | Scraper results: 0 success, 1 failed
2025-12-02 06:55:51 | INFO     | Committing changes...
2025-12-02 06:55:51 | INFO     | Committed: chore(scraper): auto-scrape 2025-12-02 06:55
2025-12-02 06:55:52 | INFO     | Pushed to origin successfully
2025-12-02 06:55:52 | INFO     | Sync cycle complete
2025-12-02 07:05:52 | INFO     | ----------------------------------------
2025-12-02 07:05:52 | INFO     | Starting sync cycle...
2025-12-02 07:05:52 | INFO     | Syncing with upstream...
2025-12-02 07:05:52 | INFO     | Already up to date with upstream
2025-12-02 07:05:52 | INFO     | Running scraper...
2025-12-02 07:05:52 | INFO     | Found 1 new URLs to scrape
2025-12-02 07:05:53 | INFO     | Updated cumulative stats: 0 success, 44 failed across 44 cycles
2025-12-02 07:05:53 | INFO     | Scraper results: 0 success, 1 failed
2025-12-02 07:05:53 | INFO     | Committing changes...
2025-12-02 07:05:53 | INFO     | Committed: chore(scraper): auto-scrape 2025-12-02 07:05
2025-12-02 07:05:54 | INFO     | Pushed to origin successfully
2025-12-02 07:05:54 | INFO     | Sync cycle complete
2025-12-02 07:15:54 | INFO     | ----------------------------------------
2025-12-02 07:15:54 | INFO     | Starting sync cycle...
2025-12-02 07:15:54 | INFO     | Syncing with upstream...
2025-12-02 07:15:54 | INFO     | Already up to date with upstream
2025-12-02 07:15:54 | INFO     | Running scraper...
2025-12-02 07:15:54 | INFO     | Found 1 new URLs to scrape
2025-12-02 07:15:55 | INFO     | Updated cumulative stats: 0 success, 45 failed across 45 cycles
2025-12-02 07:15:55 | INFO     | Scraper results: 0 success, 1 failed
2025-12-02 07:15:55 | INFO     | Committing changes...
2025-12-02 07:15:55 | INFO     | Committed: chore(scraper): auto-scrape 2025-12-02 07:15
2025-12-02 07:15:56 | INFO     | Pushed to origin successfully
2025-12-02 07:15:56 | INFO     | Sync cycle complete
2025-12-02 07:25:56 | INFO     | ----------------------------------------
2025-12-02 07:25:56 | INFO     | Starting sync cycle...
2025-12-02 07:25:56 | INFO     | Syncing with upstream...
2025-12-02 07:25:56 | INFO     | Already up to date with upstream
2025-12-02 07:25:56 | INFO     | Running scraper...
2025-12-02 07:25:56 | INFO     | Found 1 new URLs to scrape
2025-12-02 07:25:57 | INFO     | Updated cumulative stats: 0 success, 46 failed across 46 cycles
2025-12-02 07:25:57 | INFO     | Scraper results: 0 success, 1 failed
2025-12-02 07:25:57 | INFO     | Committing changes...
2025-12-02 07:25:57 | INFO     | Committed: chore(scraper): auto-scrape 2025-12-02 07:25
2025-12-02 07:25:58 | INFO     | Pushed to origin successfully
2025-12-02 07:25:58 | INFO     | Sync cycle complete
2025-12-02 07:35:58 | INFO     | ----------------------------------------
2025-12-02 07:35:58 | INFO     | Starting sync cycle...
2025-12-02 07:35:58 | INFO     | Syncing with upstream...
2025-12-02 07:35:59 | INFO     | Already up to date with upstream
2025-12-02 07:35:59 | INFO     | Running scraper...
2025-12-02 07:35:59 | INFO     | Found 1 new URLs to scrape
2025-12-02 07:35:59 | INFO     | Updated cumulative stats: 0 success, 47 failed across 47 cycles
2025-12-02 07:35:59 | INFO     | Scraper results: 0 success, 1 failed
2025-12-02 07:35:59 | INFO     | Committing changes...
2025-12-02 07:36:00 | INFO     | Committed: chore(scraper): auto-scrape 2025-12-02 07:36
2025-12-02 07:36:00 | INFO     | Pushed to origin successfully
2025-12-02 07:36:00 | INFO     | Sync cycle complete
2025-12-02 07:36:00 | INFO     | ----------------------------------------
2025-12-02 07:36:00 | INFO     | Starting PR cycle...
2025-12-02 07:36:01 | INFO     | Pushed to origin successfully
2025-12-02 07:36:01 | INFO     | Managing PR...
2025-12-02 07:36:01 | INFO     | PR #230 exists, updating description with fresh stats...
2025-12-02 07:36:05 | INFO     | Updated PR #230 with fresh stats
2025-12-02 07:36:05 | INFO     | PR cycle complete
2025-12-02 07:46:05 | INFO     | ----------------------------------------
2025-12-02 07:46:05 | INFO     | Starting sync cycle...
2025-12-02 07:46:05 | INFO     | Syncing with upstream...
2025-12-02 07:46:05 | INFO     | Already up to date with upstream
2025-12-02 07:46:05 | INFO     | Running scraper...
2025-12-02 07:46:05 | INFO     | Found 1 new URLs to scrape
2025-12-02 07:46:06 | INFO     | Updated cumulative stats: 0 success, 48 failed across 48 cycles
2025-12-02 07:46:06 | INFO     | Scraper results: 0 success, 1 failed
2025-12-02 07:46:06 | INFO     | Committing changes...
2025-12-02 07:46:06 | INFO     | Committed: chore(scraper): auto-scrape 2025-12-02 07:46
2025-12-02 07:46:07 | INFO     | Pushed to origin successfully
2025-12-02 07:46:07 | INFO     | Sync cycle complete
2025-12-02 07:56:07 | INFO     | ----------------------------------------
2025-12-02 07:56:07 | INFO     | Starting sync cycle...
2025-12-02 07:56:07 | INFO     | Syncing with upstream...
2025-12-02 07:56:07 | INFO     | Already up to date with upstream
2025-12-02 07:56:07 | INFO     | Running scraper...
2025-12-02 07:56:07 | INFO     | Found 1 new URLs to scrape
2025-12-02 07:56:08 | INFO     | Updated cumulative stats: 0 success, 49 failed across 49 cycles
2025-12-02 07:56:08 | INFO     | Scraper results: 0 success, 1 failed
2025-12-02 07:56:08 | INFO     | Committing changes...
2025-12-02 07:56:08 | INFO     | Committed: chore(scraper): auto-scrape 2025-12-02 07:56
2025-12-02 07:56:09 | INFO     | Pushed to origin successfully
2025-12-02 07:56:09 | INFO     | Sync cycle complete
2025-12-02 08:06:09 | INFO     | ----------------------------------------
2025-12-02 08:06:09 | INFO     | Starting sync cycle...
2025-12-02 08:06:09 | INFO     | Syncing with upstream...
2025-12-02 08:06:09 | INFO     | Already up to date with upstream
2025-12-02 08:06:09 | INFO     | Running scraper...
2025-12-02 08:06:09 | INFO     | Found 1 new URLs to scrape
2025-12-02 08:06:10 | INFO     | Updated cumulative stats: 0 success, 50 failed across 50 cycles
2025-12-02 08:06:10 | INFO     | Scraper results: 0 success, 1 failed
2025-12-02 08:06:10 | INFO     | Committing changes...
2025-12-02 08:06:10 | INFO     | Committed: chore(scraper): auto-scrape 2025-12-02 08:06
2025-12-02 08:06:11 | INFO     | Pushed to origin successfully
2025-12-02 08:06:11 | INFO     | Sync cycle complete
2025-12-02 08:16:11 | INFO     | ----------------------------------------
2025-12-02 08:16:11 | INFO     | Starting sync cycle...
2025-12-02 08:16:11 | INFO     | Syncing with upstream...
2025-12-02 08:16:12 | INFO     | Already up to date with upstream
2025-12-02 08:16:12 | INFO     | Running scraper...
2025-12-02 08:16:12 | INFO     | Found 1 new URLs to scrape
2025-12-02 08:16:12 | INFO     | Updated cumulative stats: 0 success, 51 failed across 51 cycles
2025-12-02 08:16:12 | INFO     | Scraper results: 0 success, 1 failed
2025-12-02 08:16:12 | INFO     | Committing changes...
2025-12-02 08:16:12 | INFO     | Committed: chore(scraper): auto-scrape 2025-12-02 08:16
2025-12-02 08:16:13 | INFO     | Pushed to origin successfully
2025-12-02 08:16:13 | INFO     | Sync cycle complete
2025-12-02 08:26:13 | INFO     | ----------------------------------------
2025-12-02 08:26:13 | INFO     | Starting sync cycle...
2025-12-02 08:26:13 | INFO     | Syncing with upstream...
2025-12-02 08:26:14 | INFO     | Already up to date with upstream
2025-12-02 08:26:14 | INFO     | Running scraper...
2025-12-02 08:26:14 | INFO     | Found 1 new URLs to scrape
2025-12-02 08:26:15 | INFO     | Updated cumulative stats: 0 success, 52 failed across 52 cycles
2025-12-02 08:26:15 | INFO     | Scraper results: 0 success, 1 failed
2025-12-02 08:26:15 | INFO     | Committing changes...
2025-12-02 08:26:15 | INFO     | Committed: chore(scraper): auto-scrape 2025-12-02 08:26
2025-12-02 08:26:16 | INFO     | Pushed to origin successfully
2025-12-02 08:26:16 | INFO     | Sync cycle complete
2025-12-02 08:36:16 | INFO     | ----------------------------------------
2025-12-02 08:36:16 | INFO     | Starting sync cycle...
2025-12-02 08:36:16 | INFO     | Syncing with upstream...
2025-12-02 08:36:16 | INFO     | Behind upstream by 3 commits, merging...
2025-12-07 01:42:26 | INFO     | ============================================================
2025-12-07 01:42:26 | INFO     | News Scraper Daemon Starting
2025-12-07 01:42:26 | ERROR    | FORK_REPO environment variable not set!
2025-12-07 01:42:26 | ERROR    | Please set it: export FORK_REPO='username/repo-name'
2025-12-07 01:43:31 | INFO     | ============================================================
2025-12-07 01:43:31 | INFO     | News Scraper Daemon Starting
2025-12-07 01:43:31 | ERROR    | FORK_REPO environment variable not set!
2025-12-07 01:43:31 | ERROR    | Please set it: export FORK_REPO='username/repo-name'
2025-12-07 01:44:42 | INFO     | ============================================================
2025-12-07 01:44:42 | INFO     | News Scraper Daemon Starting
2025-12-07 01:44:42 | INFO     | Fork: https://github.com/hk-hack-007/Hong-Kong-Fire-Documentary-i.git
2025-12-07 01:44:42 | INFO     | Upstream: adminlby/Hong-Kong-Fire-Documentary
2025-12-07 01:44:42 | INFO     | Sync interval: 10 minutes
2025-12-07 01:44:42 | INFO     | PR interval: 60 minutes
2025-12-07 01:44:42 | INFO     | ============================================================
2025-12-07 01:44:43 | INFO     | gh CLI authenticated
2025-12-07 01:44:43 | INFO     | Setting up git remotes...
2025-12-07 01:44:43 | INFO     | Configured origin remote
2025-12-07 01:44:44 | INFO     | gh CLI authenticated
2025-12-07 01:44:44 | INFO     | ----------------------------------------
2025-12-07 01:44:44 | INFO     | Running periodic health check...
2025-12-07 01:44:45 | INFO     | gh CLI authenticated
2025-12-07 01:44:45 | INFO     | Health check passed
2025-12-07 01:44:45 | INFO     | ----------------------------------------
2025-12-07 01:44:45 | INFO     | Starting sync cycle...
2025-12-07 01:44:45 | INFO     | Syncing with upstream...
2025-12-07 01:44:46 | INFO     | Already up to date with upstream
2025-12-07 01:44:46 | INFO     | Running scraper...
2025-12-07 01:44:46 | ERROR    | Scraper error: No module named 'playwright'
2025-12-07 01:44:46 | INFO     | Committing changes...
2025-12-07 01:44:46 | ERROR    | Command failed: git commit -m chore(scraper): auto-scrape 2025-12-07 01:44
2025-12-07 01:44:46 | ERROR    | stderr:
*** Please tell me who you are.

Run

  git config --global user.email "you@example.com"
  git config --global user.name "Your Name"

to set your account's default identity.
Omit --global to set the identity only in this repository.

fatal: unable to auto-detect email address (got 'hk-hack@fcy-mint.(none)')

2025-12-07 01:44:46 | ERROR    | Failed to commit: Command '['git', 'commit', '-m', 'chore(scraper): auto-scrape 2025-12-07 01:44']' returned non-zero exit status 128.
2025-12-07 01:44:46 | ERROR    | Push failed with unexpected error: remote: Not Found
fatal: repository 'https://github.com/https://github.com/hk-hack-007/Hong-Kong-Fire-Documentary-i.git.git/' not found

2025-12-07 01:44:47 | ERROR    | Push failed with unexpected error: remote: Not Found
fatal: repository 'https://github.com/https://github.com/hk-hack-007/Hong-Kong-Fire-Documentary-i.git.git/' not found

2025-12-07 01:44:50 | ERROR    | Push failed with unexpected error: remote: Not Found
fatal: repository 'https://github.com/https://github.com/hk-hack-007/Hong-Kong-Fire-Documentary-i.git.git/' not found

2025-12-07 01:44:50 | INFO     | Daemon stopped by user
2025-12-07 01:45:31 | INFO     | ============================================================
2025-12-07 01:45:31 | INFO     | News Scraper Daemon Starting
2025-12-07 01:45:31 | INFO     | Fork: hk-hack-007/Hong-Kong-Fire-Documentary-i
2025-12-07 01:45:31 | INFO     | Upstream: adminlby/Hong-Kong-Fire-Documentary
2025-12-07 01:45:31 | INFO     | Sync interval: 10 minutes
2025-12-07 01:45:31 | INFO     | PR interval: 60 minutes
2025-12-07 01:45:31 | INFO     | ============================================================
2025-12-07 01:45:31 | INFO     | gh CLI authenticated
2025-12-07 01:45:31 | INFO     | Setting up git remotes...
2025-12-07 01:45:31 | INFO     | Configured origin remote
2025-12-07 01:45:32 | INFO     | gh CLI authenticated
2025-12-07 01:45:32 | INFO     | ----------------------------------------
2025-12-07 01:45:32 | INFO     | Running periodic health check...
2025-12-07 01:45:33 | INFO     | gh CLI authenticated
2025-12-07 01:45:33 | INFO     | Health check passed
2025-12-07 01:45:33 | INFO     | ----------------------------------------
2025-12-07 01:45:33 | INFO     | Starting sync cycle...
2025-12-07 01:45:33 | INFO     | Syncing with upstream...
2025-12-07 01:45:34 | INFO     | Already up to date with upstream
2025-12-07 01:45:34 | INFO     | Running scraper...
2025-12-07 01:45:34 | ERROR    | Scraper error: No module named 'playwright'
2025-12-07 01:45:34 | INFO     | Committing changes...
2025-12-07 01:45:34 | ERROR    | Command failed: git commit -m chore(scraper): auto-scrape 2025-12-07 01:45
2025-12-07 01:45:34 | ERROR    | stderr:
*** Please tell me who you are.

Run

  git config --global user.email "you@example.com"
  git config --global user.name "Your Name"

to set your account's default identity.
Omit --global to set the identity only in this repository.

fatal: unable to auto-detect email address (got 'hk-hack@fcy-mint.(none)')

2025-12-07 01:45:34 | ERROR    | Failed to commit: Command '['git', 'commit', '-m', 'chore(scraper): auto-scrape 2025-12-07 01:45']' returned non-zero exit status 128.
2025-12-07 01:45:35 | INFO     | Pushed to origin successfully
2025-12-07 01:45:35 | INFO     | Sync cycle complete
2025-12-07 01:45:35 | INFO     | ----------------------------------------
2025-12-07 01:45:35 | INFO     | Starting PR cycle...
2025-12-07 01:45:36 | INFO     | Pushed to origin successfully
2025-12-07 01:45:36 | INFO     | Managing PR...
2025-12-07 01:45:40 | ERROR    | Failed to create PR: Warning: 58 uncommitted changes
pull request create failed: GraphQL: No commits between adminlby:main and hk-hack-007:main (createPullRequest)

2025-12-07 01:45:40 | INFO     | PR cycle complete
2025-12-07 01:45:40 | INFO     | Run once mode, exiting...
2025-12-07 01:46:02 | INFO     | ============================================================
2025-12-07 01:46:02 | INFO     | News Scraper Daemon Starting
2025-12-07 01:46:02 | INFO     | Fork: hk-hack-007/Hong-Kong-Fire-Documentary-i
2025-12-07 01:46:02 | INFO     | Upstream: adminlby/Hong-Kong-Fire-Documentary
2025-12-07 01:46:02 | INFO     | Sync interval: 10 minutes
2025-12-07 01:46:02 | INFO     | PR interval: 60 minutes
2025-12-07 01:46:02 | INFO     | ============================================================
2025-12-07 01:46:02 | INFO     | gh CLI authenticated
2025-12-07 01:46:02 | INFO     | Setting up git remotes...
2025-12-07 01:46:02 | INFO     | Configured origin remote
2025-12-07 01:46:03 | INFO     | gh CLI authenticated
2025-12-07 01:46:03 | INFO     | ----------------------------------------
2025-12-07 01:46:03 | INFO     | Running periodic health check...
2025-12-07 01:46:04 | INFO     | gh CLI authenticated
2025-12-07 01:46:04 | INFO     | Health check passed
2025-12-07 01:46:04 | INFO     | ----------------------------------------
2025-12-07 01:46:04 | INFO     | Starting sync cycle...
2025-12-07 01:46:04 | INFO     | Syncing with upstream...
2025-12-07 01:46:05 | INFO     | Already up to date with upstream
2025-12-07 01:46:05 | INFO     | Running scraper...
2025-12-07 01:46:05 | ERROR    | Scraper error: No module named 'playwright'
2025-12-07 01:46:05 | INFO     | Committing changes...
2025-12-07 01:46:05 | ERROR    | Command failed: git commit -m chore(scraper): auto-scrape 2025-12-07 01:46
2025-12-07 01:46:05 | ERROR    | stderr:
*** Please tell me who you are.

Run

  git config --global user.email "you@example.com"
  git config --global user.name "Your Name"

to set your account's default identity.
Omit --global to set the identity only in this repository.

fatal: unable to auto-detect email address (got 'hk-hack@fcy-mint.(none)')

2025-12-07 01:46:05 | ERROR    | Failed to commit: Command '['git', 'commit', '-m', 'chore(scraper): auto-scrape 2025-12-07 01:46']' returned non-zero exit status 128.
2025-12-07 01:46:06 | INFO     | Pushed to origin successfully
2025-12-07 01:46:06 | INFO     | Sync cycle complete
2025-12-07 01:46:06 | INFO     | ----------------------------------------
2025-12-07 01:46:06 | INFO     | Starting PR cycle...
2025-12-07 01:46:07 | INFO     | Pushed to origin successfully
2025-12-07 01:46:07 | INFO     | Managing PR...
2025-12-07 01:46:11 | ERROR    | Failed to create PR: Warning: 58 uncommitted changes
pull request create failed: GraphQL: No commits between adminlby:main and hk-hack-007:main (createPullRequest)

2025-12-07 01:46:11 | INFO     | PR cycle complete
2025-12-07 01:46:11 | INFO     | Run once mode, exiting...
2025-12-07 01:47:21 | INFO     | ============================================================
2025-12-07 01:47:21 | INFO     | News Scraper Daemon Starting
2025-12-07 01:47:21 | INFO     | Fork: hk-hack-007/Hong-Kong-Fire-Documentary-i
2025-12-07 01:47:21 | INFO     | Upstream: adminlby/Hong-Kong-Fire-Documentary
2025-12-07 01:47:21 | INFO     | Sync interval: 10 minutes
2025-12-07 01:47:21 | INFO     | PR interval: 60 minutes
2025-12-07 01:47:21 | INFO     | ============================================================
2025-12-07 01:47:22 | INFO     | gh CLI authenticated
2025-12-07 01:47:22 | INFO     | Setting up git remotes...
2025-12-07 01:47:22 | INFO     | Configured origin remote
2025-12-07 01:47:23 | INFO     | gh CLI authenticated
2025-12-07 01:47:23 | INFO     | ----------------------------------------
2025-12-07 01:47:23 | INFO     | Running periodic health check...
2025-12-07 01:47:24 | INFO     | gh CLI authenticated
2025-12-07 01:47:24 | INFO     | Health check passed
2025-12-07 01:47:24 | INFO     | ----------------------------------------
2025-12-07 01:47:24 | INFO     | Starting sync cycle...
2025-12-07 01:47:24 | INFO     | Syncing with upstream...
2025-12-07 01:47:24 | INFO     | Already up to date with upstream
2025-12-07 01:47:24 | INFO     | Running scraper...
2025-12-07 01:47:24 | ERROR    | Scraper error: No module named 'playwright'
2025-12-07 01:47:25 | INFO     | Committing changes...
2025-12-07 01:47:25 | ERROR    | Command failed: git commit -m chore(scraper): auto-scrape 2025-12-07 01:47
2025-12-07 01:47:25 | ERROR    | stderr:
*** Please tell me who you are.

Run

  git config --global user.email "you@example.com"
  git config --global user.name "Your Name"

to set your account's default identity.
Omit --global to set the identity only in this repository.

fatal: unable to auto-detect email address (got 'hk-hack@fcy-mint.(none)')

2025-12-07 01:47:25 | ERROR    | Failed to commit: Command '['git', 'commit', '-m', 'chore(scraper): auto-scrape 2025-12-07 01:47']' returned non-zero exit status 128.
2025-12-07 01:47:26 | INFO     | Pushed to origin successfully
2025-12-07 01:47:26 | INFO     | Sync cycle complete
2025-12-07 01:47:26 | INFO     | ----------------------------------------
2025-12-07 01:47:26 | INFO     | Starting PR cycle...
2025-12-07 01:47:27 | INFO     | Pushed to origin successfully
2025-12-07 01:47:27 | INFO     | Managing PR...
2025-12-07 01:47:27 | INFO     | Daemon stopped by user
2025-12-07 01:49:32 | INFO     | ============================================================
2025-12-07 01:49:32 | INFO     | News Scraper Daemon Starting
2025-12-07 01:49:32 | INFO     | Fork: hk-hack-007/Hong-Kong-Fire-Documentary-i
2025-12-07 01:49:32 | INFO     | Upstream: adminlby/Hong-Kong-Fire-Documentary
2025-12-07 01:49:32 | INFO     | Sync interval: 10 minutes
2025-12-07 01:49:32 | INFO     | PR interval: 60 minutes
2025-12-07 01:49:32 | INFO     | ============================================================
2025-12-07 01:49:33 | INFO     | gh CLI authenticated
2025-12-07 01:49:33 | INFO     | Setting up git remotes...
2025-12-07 01:49:33 | INFO     | Configured origin remote
2025-12-07 01:49:33 | INFO     | gh CLI authenticated
2025-12-07 01:49:33 | INFO     | ----------------------------------------
2025-12-07 01:49:33 | INFO     | Running periodic health check...
2025-12-07 01:49:34 | INFO     | gh CLI authenticated
2025-12-07 01:49:34 | INFO     | Health check passed
2025-12-07 01:49:34 | INFO     | ----------------------------------------
2025-12-07 01:49:34 | INFO     | Starting sync cycle...
2025-12-07 01:49:34 | INFO     | Syncing with upstream...
2025-12-07 01:49:34 | INFO     | Already up to date with upstream
2025-12-07 01:49:34 | INFO     | Running scraper...
2025-12-07 01:49:35 | ERROR    | Scraper error: No module named 'playwright'
2025-12-07 01:49:35 | INFO     | Committing changes...
2025-12-07 01:49:35 | INFO     | Committed: chore(scraper): auto-scrape 2025-12-07 01:49
2025-12-07 01:49:37 | INFO     | Pushed to origin successfully
2025-12-07 01:49:37 | INFO     | Sync cycle complete
2025-12-07 01:49:37 | INFO     | ----------------------------------------
2025-12-07 01:49:37 | INFO     | Starting PR cycle...
2025-12-07 01:49:38 | INFO     | Pushed to origin successfully
2025-12-07 01:49:38 | INFO     | Managing PR...
2025-12-07 01:49:43 | INFO     | Created PR: https://github.com/adminlby/Hong-Kong-Fire-Documentary/pull/6
2025-12-07 01:49:43 | INFO     | Stats reset for new PR cycle
2025-12-07 01:49:43 | INFO     | PR cycle complete
2025-12-07 01:49:43 | INFO     | Run once mode, exiting...
2025-12-07 01:51:26 | INFO     | ============================================================
2025-12-07 01:51:26 | INFO     | News Scraper Daemon Starting
2025-12-07 01:51:26 | INFO     | Fork: hk-hack-007/Hong-Kong-Fire-Documentary-i
2025-12-07 01:51:26 | INFO     | Upstream: adminlby/Hong-Kong-Fire-Documentary
2025-12-07 01:51:26 | INFO     | Sync interval: 10 minutes
2025-12-07 01:51:26 | INFO     | PR interval: 60 minutes
2025-12-07 01:51:26 | INFO     | ============================================================
2025-12-07 01:51:27 | INFO     | gh CLI authenticated
2025-12-07 01:51:27 | INFO     | Setting up git remotes...
2025-12-07 01:51:27 | INFO     | Configured origin remote
2025-12-07 01:51:28 | INFO     | gh CLI authenticated
2025-12-07 01:51:28 | INFO     | ----------------------------------------
2025-12-07 01:51:28 | INFO     | Running periodic health check...
2025-12-07 01:51:28 | INFO     | gh CLI authenticated
2025-12-07 01:51:28 | INFO     | Health check passed
2025-12-07 01:51:28 | INFO     | ----------------------------------------
2025-12-07 01:51:28 | INFO     | Starting sync cycle...
2025-12-07 01:51:28 | INFO     | Syncing with upstream...
2025-12-07 01:51:29 | INFO     | Already up to date with upstream
2025-12-07 01:51:29 | INFO     | Running scraper...
2025-12-07 01:51:29 | ERROR    | Scraper error: No module named 'playwright'
2025-12-07 01:51:29 | INFO     | Committing changes...
2025-12-07 01:51:29 | INFO     | Committed: chore(scraper): auto-scrape 2025-12-07 01:51
2025-12-07 01:51:31 | INFO     | Pushed to origin successfully
2025-12-07 01:51:31 | INFO     | Sync cycle complete
2025-12-07 01:51:31 | INFO     | ----------------------------------------
2025-12-07 01:51:31 | INFO     | Starting PR cycle...
2025-12-07 01:51:32 | INFO     | Pushed to origin successfully
2025-12-07 01:51:32 | INFO     | Managing PR...
2025-12-07 01:51:32 | INFO     | PR #6 exists, updating description with fresh stats...
2025-12-07 01:51:34 | ERROR    | Failed to update PR #6: GraphQL: Projects (classic) is being deprecated in favor of the new Projects experience, see: https://github.blog/changelog/2024-05-23-sunset-notice-projects-classic/. (repository.pullRequest.projectCards)

2025-12-07 01:51:34 | INFO     | PR cycle complete
2025-12-07 01:51:34 | INFO     | Run once mode, exiting...
2025-12-07 01:55:58 | INFO     | ============================================================
2025-12-07 01:55:58 | INFO     | News Scraper Daemon Starting
2025-12-07 01:55:58 | INFO     | Fork: hk-hack-007/Hong-Kong-Fire-Documentary-i
2025-12-07 01:55:58 | INFO     | Upstream: adminlby/Hong-Kong-Fire-Documentary
2025-12-07 01:55:58 | INFO     | Sync interval: 10 minutes
2025-12-07 01:55:58 | INFO     | PR interval: 60 minutes
2025-12-07 01:55:58 | INFO     | ============================================================
2025-12-07 01:55:58 | INFO     | gh CLI authenticated
2025-12-07 01:55:58 | INFO     | Setting up git remotes...
2025-12-07 01:55:58 | INFO     | Configured origin remote
2025-12-07 01:55:59 | INFO     | gh CLI authenticated
2025-12-07 01:55:59 | WARNING  | Health check: on branch 'hk-hack-007', expected 'main'
2025-12-07 01:55:59 | INFO     | ----------------------------------------
2025-12-07 01:55:59 | INFO     | Running periodic health check...
2025-12-07 01:55:59 | INFO     | gh CLI authenticated
2025-12-07 01:56:00 | INFO     | Health check passed
2025-12-07 01:56:00 | INFO     | ----------------------------------------
2025-12-07 01:56:00 | INFO     | Starting sync cycle...
2025-12-07 01:56:00 | INFO     | Syncing with upstream...
2025-12-07 01:56:00 | INFO     | Already up to date with upstream
2025-12-07 01:56:00 | INFO     | Running scraper...
2025-12-07 01:56:00 | ERROR    | Scraper error: No module named 'playwright'
2025-12-07 01:56:00 | INFO     | Committing changes...
2025-12-07 02:13:37 | INFO     | ============================================================
2025-12-07 02:13:37 | INFO     | News Scraper Daemon Starting
2025-12-07 02:13:37 | INFO     | Fork: hk-hack-007/Hong-Kong-Fire-Documentary-i
2025-12-07 02:13:37 | INFO     | Upstream: adminlby/Hong-Kong-Fire-Documentary
2025-12-07 02:13:37 | INFO     | Sync interval: 10 minutes
2025-12-07 02:13:37 | INFO     | PR interval: 60 minutes
2025-12-07 02:13:37 | INFO     | ============================================================
2025-12-07 02:13:38 | INFO     | gh CLI authenticated
2025-12-07 02:13:38 | INFO     | Setting up git remotes...
2025-12-07 02:13:38 | INFO     | Configured origin remote
2025-12-07 02:13:39 | INFO     | gh CLI authenticated
2025-12-07 02:13:39 | INFO     | ----------------------------------------
2025-12-07 02:13:39 | INFO     | Running periodic health check...
2025-12-07 02:13:40 | INFO     | gh CLI authenticated
2025-12-07 02:13:40 | INFO     | Health check passed
2025-12-07 02:13:40 | INFO     | ----------------------------------------
2025-12-07 02:13:40 | INFO     | Starting sync cycle...
2025-12-07 02:13:40 | INFO     | Syncing with upstream...
2025-12-07 02:13:41 | INFO     | Already up to date with upstream
2025-12-07 02:13:41 | INFO     | Running scraper...
2025-12-07 02:13:41 | INFO     | Found 2 new URLs to scrape
2025-12-07 02:13:42 | ERROR    | Scraper error: BrowserType.launch: Executable doesn't exist at /home/hk-hack/.cache/ms-playwright/chromium_headless_shell-1194/chrome-linux/headless_shell
╔════════════════════════════════════════════════════════════╗
║ Looks like Playwright was just installed or updated.       ║
║ Please run the following command to download new browsers: ║
║                                                            ║
║     playwright install                                     ║
║                                                            ║
║ <3 Playwright Team                                         ║
╚════════════════════════════════════════════════════════════╝
2025-12-07 02:13:42 | INFO     | Committing changes...
2025-12-07 02:13:42 | INFO     | Committed: chore(scraper): auto-scrape 2025-12-07 02:13
2025-12-07 02:13:44 | INFO     | Pushed to origin successfully
2025-12-07 02:13:44 | INFO     | Sync cycle complete
2025-12-07 02:13:44 | INFO     | ----------------------------------------
2025-12-07 02:13:44 | INFO     | Starting PR cycle...
2025-12-07 02:13:45 | INFO     | Pushed to origin successfully
2025-12-07 02:13:45 | INFO     | Managing PR...
2025-12-07 02:13:46 | INFO     | PR #6 exists, updating description with fresh stats...
2025-12-07 02:13:47 | ERROR    | Failed to update PR #6: GraphQL: Projects (classic) is being deprecated in favor of the new Projects experience, see: https://github.blog/changelog/2024-05-23-sunset-notice-projects-classic/. (repository.pullRequest.projectCards)

2025-12-07 02:13:47 | INFO     | PR cycle complete
2025-12-07 02:13:47 | INFO     | Run once mode, exiting...
2025-12-07 02:43:45 | INFO     | ============================================================
2025-12-07 02:43:45 | INFO     | News Scraper Daemon Starting
2025-12-07 02:43:45 | INFO     | Fork: hk-hack-007/Hong-Kong-Fire-Documentary-i
2025-12-07 02:43:45 | INFO     | Upstream: adminlby/Hong-Kong-Fire-Documentary
2025-12-07 02:43:45 | INFO     | Sync interval: 10 minutes
2025-12-07 02:43:45 | INFO     | PR interval: 60 minutes
2025-12-07 02:43:45 | INFO     | ============================================================
2025-12-07 02:43:46 | INFO     | gh CLI authenticated
2025-12-07 02:43:46 | INFO     | Setting up git remotes...
2025-12-07 02:43:46 | INFO     | Configured origin remote
2025-12-07 02:43:47 | INFO     | gh CLI authenticated
2025-12-07 02:43:49 | INFO     | ----------------------------------------
2025-12-07 02:43:49 | INFO     | Running periodic health check...
2025-12-07 02:43:49 | INFO     | gh CLI authenticated
2025-12-07 02:43:50 | INFO     | Health check passed
2025-12-07 02:43:50 | INFO     | ----------------------------------------
2025-12-07 02:43:50 | INFO     | Starting sync cycle...
2025-12-07 02:43:50 | INFO     | Syncing with upstream...
2025-12-07 02:43:51 | INFO     | Already up to date with upstream
2025-12-07 02:43:51 | INFO     | Running scraper...
2025-12-07 02:43:52 | INFO     | Found 66 new URLs to scrape
2025-12-07 02:49:53 | INFO     | Updated cumulative stats: 65 success, 1 failed across 1 cycles
2025-12-07 02:49:53 | INFO     | Scraper results: 65 success, 1 failed
2025-12-07 02:49:54 | INFO     | Committing changes...
2025-12-07 04:00:41 | INFO     | ============================================================
2025-12-07 04:00:41 | INFO     | News Scraper Daemon Starting
2025-12-07 04:00:41 | INFO     | Fork: hk-hack-007/Hong-Kong-Fire-Documentary-i
2025-12-07 04:00:41 | INFO     | Upstream: adminlby/Hong-Kong-Fire-Documentary
2025-12-07 04:00:41 | INFO     | Sync interval: 10 minutes
2025-12-07 04:00:41 | INFO     | PR interval: 60 minutes
2025-12-07 04:00:41 | INFO     | ============================================================
2025-12-07 04:00:42 | INFO     | gh CLI authenticated
2025-12-07 04:00:42 | INFO     | Setting up git remotes...
2025-12-07 04:00:42 | INFO     | Configured origin remote
2025-12-07 04:00:42 | INFO     | gh CLI authenticated
2025-12-07 04:00:43 | INFO     | ----------------------------------------
2025-12-07 04:00:43 | INFO     | Running periodic health check...
2025-12-07 04:00:44 | INFO     | gh CLI authenticated
2025-12-07 04:00:44 | INFO     | Health check passed
2025-12-07 04:00:44 | INFO     | ----------------------------------------
2025-12-07 04:00:44 | INFO     | Starting sync cycle...
2025-12-07 04:00:44 | INFO     | Syncing with upstream...
2025-12-07 04:00:45 | INFO     | Already up to date with upstream
2025-12-07 04:00:45 | INFO     | Running scraper...
2025-12-07 04:00:45 | ERROR    | Scraper error: No module named 'yaml'
2025-12-07 04:00:46 | INFO     | Committing changes...
2025-12-07 04:00:46 | ERROR    | Command failed: git commit -m chore(scraper): auto-scrape 2025-12-07 04:00
2025-12-07 04:00:46 | ERROR    | stderr: Author identity unknown

*** Please tell me who you are.

Run

  git config --global user.email "you@example.com"
  git config --global user.name "Your Name"

to set your account's default identity.
Omit --global to set the identity only in this repository.

fatal: unable to auto-detect email address (got 'user@DESKTOP-0PEBUUP.(none)')

2025-12-07 04:00:46 | ERROR    | Failed to commit: Command '['git', 'commit', '-m', 'chore(scraper): auto-scrape 2025-12-07 04:00']' returned non-zero exit status 128.
2025-12-07 04:00:47 | INFO     | Pushed to origin successfully
2025-12-07 04:00:47 | INFO     | Sync cycle complete
2025-12-07 04:00:47 | INFO     | ----------------------------------------
2025-12-07 04:00:47 | INFO     | Starting PR cycle...
2025-12-07 04:00:48 | INFO     | Pushed to origin successfully
2025-12-07 04:00:48 | INFO     | Managing PR...
2025-12-07 04:00:50 | INFO     | PR #6 exists, updating description with fresh stats...
2025-12-07 04:00:53 | INFO     | Updated PR #6 with fresh stats
2025-12-07 04:00:53 | INFO     | PR cycle complete
2025-12-07 04:01:06 | INFO     | Daemon stopped by user
2025-12-07 04:02:04 | INFO     | ============================================================
2025-12-07 04:02:04 | INFO     | News Scraper Daemon Starting
2025-12-07 04:02:04 | INFO     | Fork: hk-hack-007/Hong-Kong-Fire-Documentary-i
2025-12-07 04:02:04 | INFO     | Upstream: adminlby/Hong-Kong-Fire-Documentary
2025-12-07 04:02:04 | INFO     | Sync interval: 10 minutes
2025-12-07 04:02:04 | INFO     | PR interval: 60 minutes
2025-12-07 04:02:04 | INFO     | ============================================================
2025-12-07 04:02:05 | INFO     | gh CLI authenticated
2025-12-07 04:02:05 | INFO     | Setting up git remotes...
2025-12-07 04:02:05 | INFO     | Configured origin remote
2025-12-07 04:02:06 | INFO     | gh CLI authenticated
2025-12-07 04:02:06 | INFO     | ----------------------------------------
2025-12-07 04:02:06 | INFO     | Running periodic health check...
2025-12-07 04:02:07 | INFO     | gh CLI authenticated
2025-12-07 04:02:07 | INFO     | Health check passed
2025-12-07 04:02:07 | INFO     | ----------------------------------------
2025-12-07 04:02:07 | INFO     | Starting sync cycle...
2025-12-07 04:02:07 | INFO     | Syncing with upstream...
2025-12-07 04:02:07 | INFO     | Daemon stopped by user
2025-12-07 04:16:42 | INFO     | ============================================================
2025-12-07 04:16:42 | INFO     | News Scraper Daemon Starting
2025-12-07 04:16:42 | INFO     | Fork: hk-hack-007/Hong-Kong-Fire-Documentary-i
2025-12-07 04:16:42 | INFO     | Upstream: adminlby/Hong-Kong-Fire-Documentary
2025-12-07 04:16:42 | INFO     | Sync interval: 10 minutes
2025-12-07 04:16:42 | INFO     | PR interval: 60 minutes
2025-12-07 04:16:42 | INFO     | ============================================================
2025-12-07 04:16:43 | INFO     | gh CLI authenticated
2025-12-07 04:16:43 | INFO     | Setting up git remotes...
2025-12-07 04:16:43 | INFO     | Configured origin remote
2025-12-07 04:16:43 | INFO     | gh CLI authenticated
2025-12-07 04:16:43 | INFO     | ----------------------------------------
2025-12-07 04:16:43 | INFO     | Running periodic health check...
2025-12-07 04:16:44 | INFO     | gh CLI authenticated
2025-12-07 04:16:44 | INFO     | Health check passed
2025-12-07 04:16:44 | INFO     | ----------------------------------------
2025-12-07 04:16:44 | INFO     | Starting sync cycle...
2025-12-07 04:16:44 | INFO     | Syncing with upstream...
2025-12-07 04:16:45 | INFO     | Daemon stopped by user
2025-12-07 04:17:46 | INFO     | ============================================================
2025-12-07 04:17:46 | INFO     | News Scraper Daemon Starting
2025-12-07 04:17:46 | INFO     | Fork: hk-hack-007/Hong-Kong-Fire-Documentary-i
2025-12-07 04:17:46 | INFO     | Upstream: adminlby/Hong-Kong-Fire-Documentary
2025-12-07 04:17:46 | INFO     | Sync interval: 10 minutes
2025-12-07 04:17:46 | INFO     | PR interval: 60 minutes
2025-12-07 04:17:46 | INFO     | ============================================================
2025-12-07 04:17:46 | INFO     | gh CLI authenticated
2025-12-07 04:17:46 | INFO     | Setting up git remotes...
2025-12-07 04:17:46 | INFO     | Configured origin remote
2025-12-07 04:17:47 | INFO     | gh CLI authenticated
2025-12-07 04:20:12 | INFO     | ============================================================
2025-12-07 04:20:12 | INFO     | News Scraper Daemon Starting
2025-12-07 04:20:12 | INFO     | Fork: hk-hack-007/Hong-Kong-Fire-Documentary-i
2025-12-07 04:20:12 | INFO     | Upstream: adminlby/Hong-Kong-Fire-Documentary
2025-12-07 04:20:12 | INFO     | Sync interval: 10 minutes
2025-12-07 04:20:12 | INFO     | PR interval: 60 minutes
2025-12-07 04:20:12 | INFO     | ============================================================
2025-12-07 04:20:12 | INFO     | gh CLI authenticated
2025-12-07 04:20:12 | INFO     | Setting up git remotes...
2025-12-07 04:20:12 | INFO     | Configured origin remote
2025-12-07 04:32:47 | INFO     | ============================================================
2025-12-07 04:32:47 | INFO     | News Scraper Daemon Starting
2025-12-07 04:32:47 | INFO     | Fork: hk-hack-007/Hong-Kong-Fire-Documentary-i
2025-12-07 04:32:47 | INFO     | Upstream: adminlby/Hong-Kong-Fire-Documentary
2025-12-07 04:32:47 | INFO     | Sync interval: 10 minutes
2025-12-07 04:32:47 | INFO     | PR interval: 60 minutes
2025-12-07 04:32:47 | INFO     | ============================================================
2025-12-07 04:32:47 | INFO     | gh CLI authenticated
2025-12-07 04:32:47 | INFO     | Setting up git remotes...
2025-12-07 04:32:47 | INFO     | Configured origin remote
2025-12-07 04:32:48 | INFO     | gh CLI authenticated
2025-12-07 04:32:48 | INFO     | ----------------------------------------
2025-12-07 04:32:48 | INFO     | Running periodic health check...
2025-12-07 04:32:48 | INFO     | Daemon stopped by user
2025-12-07 04:34:13 | INFO     | ============================================================
2025-12-07 04:34:13 | INFO     | News Scraper Daemon Starting
2025-12-07 04:34:13 | INFO     | Fork: hk-hack-007/Hong-Kong-Fire-Documentary-i
2025-12-07 04:34:13 | INFO     | Upstream: adminlby/Hong-Kong-Fire-Documentary
2025-12-07 04:34:13 | INFO     | Sync interval: 10 minutes
2025-12-07 04:34:13 | INFO     | PR interval: 60 minutes
2025-12-07 04:34:13 | INFO     | ============================================================
2025-12-07 04:34:13 | INFO     | gh CLI authenticated
2025-12-07 04:34:13 | INFO     | Setting up git remotes...
2025-12-07 04:34:13 | INFO     | Configured origin remote
2025-12-07 04:34:14 | INFO     | gh CLI authenticated
2025-12-07 04:34:14 | INFO     | ----------------------------------------
2025-12-07 04:34:14 | INFO     | Running periodic health check...
2025-12-07 04:34:16 | INFO     | gh CLI authenticated
2025-12-07 04:34:16 | INFO     | Health check passed
2025-12-07 04:34:16 | INFO     | ----------------------------------------
2025-12-07 04:34:16 | INFO     | Starting sync cycle...
2025-12-07 04:34:16 | INFO     | Syncing with upstream...
2025-12-07 04:34:17 | INFO     | Already up to date with upstream
2025-12-07 04:34:17 | INFO     | Running scraper...
2025-12-07 04:34:17 | ERROR    | Scraper error: No module named 'yaml'
2025-12-07 04:34:17 | INFO     | Committing changes...
2025-12-07 04:34:17 | INFO     | Committed: chore(scraper): auto-scrape 2025-12-07 04:34
2025-12-07 04:34:19 | INFO     | Pushed to origin successfully
2025-12-07 04:34:19 | INFO     | Sync cycle complete
2025-12-07 04:34:19 | INFO     | ----------------------------------------
2025-12-07 04:34:19 | INFO     | Starting PR cycle...
2025-12-07 04:34:20 | INFO     | Daemon stopped by user
2025-12-07 04:35:53 | INFO     | ============================================================
2025-12-07 04:35:53 | INFO     | News Scraper Daemon Starting
2025-12-07 04:35:53 | INFO     | Fork: hk-hack-007/Hong-Kong-Fire-Documentary-i
2025-12-07 04:35:53 | INFO     | Upstream: adminlby/Hong-Kong-Fire-Documentary
2025-12-07 04:35:53 | INFO     | Sync interval: 10 minutes
2025-12-07 04:35:53 | INFO     | PR interval: 60 minutes
2025-12-07 04:35:53 | INFO     | ============================================================
2025-12-07 04:35:53 | INFO     | gh CLI authenticated
2025-12-07 04:35:53 | INFO     | Setting up git remotes...
2025-12-07 04:35:54 | INFO     | Configured origin remote
2025-12-07 04:35:54 | INFO     | gh CLI authenticated
2025-12-07 04:35:54 | INFO     | ----------------------------------------
2025-12-07 04:35:54 | INFO     | Running periodic health check...
2025-12-07 04:35:56 | INFO     | gh CLI authenticated
2025-12-07 04:35:56 | INFO     | Health check passed
2025-12-07 04:35:56 | INFO     | ----------------------------------------
2025-12-07 04:35:56 | INFO     | Starting sync cycle...
2025-12-07 04:35:56 | INFO     | Syncing with upstream...
2025-12-07 04:35:57 | INFO     | Daemon stopped by user
2025-12-07 04:36:02 | INFO     | ============================================================
2025-12-07 04:36:02 | INFO     | News Scraper Daemon Starting
2025-12-07 04:36:02 | INFO     | Fork: hk-hack-007/Hong-Kong-Fire-Documentary-i
2025-12-07 04:36:02 | INFO     | Upstream: adminlby/Hong-Kong-Fire-Documentary
2025-12-07 04:36:02 | INFO     | Sync interval: 10 minutes
2025-12-07 04:36:02 | INFO     | PR interval: 60 minutes
2025-12-07 04:36:02 | INFO     | ============================================================
2025-12-07 04:36:03 | INFO     | gh CLI authenticated
2025-12-07 04:36:03 | INFO     | Setting up git remotes...
2025-12-07 04:36:04 | INFO     | Configured origin remote
2025-12-07 04:36:04 | INFO     | gh CLI authenticated
2025-12-07 04:36:04 | INFO     | ----------------------------------------
2025-12-07 04:36:04 | INFO     | Running periodic health check...
2025-12-07 04:36:05 | INFO     | gh CLI authenticated
2025-12-07 04:36:05 | INFO     | Health check passed
2025-12-07 04:36:05 | INFO     | ----------------------------------------
2025-12-07 04:36:05 | INFO     | Starting sync cycle...
2025-12-07 04:36:05 | INFO     | Syncing with upstream...
2025-12-07 04:36:07 | INFO     | Already up to date with upstream
2025-12-07 04:36:07 | INFO     | Running scraper...
2025-12-07 04:36:07 | INFO     | Found 595 new URLs to scrape
2025-12-07 04:36:59 | ERROR    | Scraper error: No module named 'requests'
2025-12-07 04:36:59 | INFO     | Committing changes...
2025-12-07 04:37:00 | INFO     | Committed: chore(scraper): auto-scrape 2025-12-07 04:37
2025-12-07 04:37:03 | INFO     | Pushed to origin successfully
2025-12-07 04:37:03 | INFO     | Sync cycle complete
2025-12-07 04:37:03 | INFO     | ----------------------------------------
2025-12-07 04:37:03 | INFO     | Starting PR cycle...
2025-12-07 04:37:04 | INFO     | Pushed to origin successfully
2025-12-07 04:37:04 | INFO     | Managing PR...
2025-12-07 04:37:05 | INFO     | Daemon stopped by user
2025-12-07 04:37:05 | ERROR    | Future exception was never retrieved
future: <Future finished exception=TargetClosedError('Target page, context or browser has been closed')>
Traceback (most recent call last):
  File "C:\y\Hong-Kong-Fire-Documentary-i\scripts\scrapers\content_scraper\scraper.py", line 507, in bounded_scrape
    await scrape_domain_queue(domain, urls, browser, config, registry, results, progress)
  File "C:\y\Hong-Kong-Fire-Documentary-i\scripts\scrapers\content_scraper\scraper.py", line 393, in scrape_domain_queue
    html, success = await scrape_url_async(url_info, context, config, browser=browser)
                    ^^^^^^^^^^^^^^^^^^^^^^^^^^^^^^^^^^^^^^^^^^^^^^^^^^^^^^^^^^^^^^^^^^
  File "C:\y\Hong-Kong-Fire-Documentary-i\scripts\scrapers\content_scraper\scraper.py", line 329, in scrape_url_async
    await page.goto(url, timeout=timeout, wait_until=strategy["wait_until"])
  File "C:\Users\user\AppData\Local\Programs\Python\Python314\Lib\site-packages\playwright\async_api\_generated.py", line 8992, in goto
    await self._impl_obj.goto(
        url=url, timeout=timeout, waitUntil=wait_until, referer=referer
    )
  File "C:\Users\user\AppData\Local\Programs\Python\Python314\Lib\site-packages\playwright\_impl\_page.py", line 555, in goto
    return await self._main_frame.goto(**locals_to_params(locals()))
           ^^^^^^^^^^^^^^^^^^^^^^^^^^^^^^^^^^^^^^^^^^^^^^^^^^^^^^^^^
  File "C:\Users\user\AppData\Local\Programs\Python\Python314\Lib\site-packages\playwright\_impl\_frame.py", line 153, in goto
    await self._channel.send(
        "goto", self._navigation_timeout, locals_to_params(locals())
    )
  File "C:\Users\user\AppData\Local\Programs\Python\Python314\Lib\site-packages\playwright\_impl\_connection.py", line 69, in send
    return await self._connection.wrap_api_call(
           ^^^^^^^^^^^^^^^^^^^^^^^^^^^^^^^^^^^^^
    ...<3 lines>...
    )
    ^
  File "C:\Users\user\AppData\Local\Programs\Python\Python314\Lib\site-packages\playwright\_impl\_connection.py", line 557, in wrap_api_call
    return await cb()
           ^^^^^^^^^^
  File "C:\Users\user\AppData\Local\Programs\Python\Python314\Lib\site-packages\playwright\_impl\_connection.py", line 123, in _inner_send
    done, _ = await asyncio.wait(
              ^^^^^^^^^^^^^^^^^^^
    ...<5 lines>...
    )
    ^
  File "C:\Users\user\AppData\Local\Programs\Python\Python314\Lib\asyncio\tasks.py", line 432, in wait
    return await _wait(fs, timeout, return_when, loop)
           ^^^^^^^^^^^^^^^^^^^^^^^^^^^^^^^^^^^^^^^^^^^
  File "C:\Users\user\AppData\Local\Programs\Python\Python314\Lib\asyncio\tasks.py", line 521, in _wait
    await waiter
asyncio.exceptions.CancelledError

During handling of the above exception, another exception occurred:

Traceback (most recent call last):
  File "C:\Users\user\AppData\Local\Programs\Python\Python314\Lib\site-packages\playwright\_impl\_connection.py", line 557, in wrap_api_call
    return await cb()
           ^^^^^^^^^^
  File "C:\Users\user\AppData\Local\Programs\Python\Python314\Lib\site-packages\playwright\_impl\_connection.py", line 120, in _inner_send
    callback = self._connection._send_message_to_server(
        self._object, method, _augment_params(params, timeout_calculator)
    )
  File "C:\Users\user\AppData\Local\Programs\Python\Python314\Lib\site-packages\playwright\_impl\_connection.py", line 358, in _send_message_to_server
    raise self._closed_error
  File "C:\Users\user\AppData\Local\Programs\Python\Python314\Lib\site-packages\playwright\_impl\_connection.py", line 557, in wrap_api_call
    return await cb()
           ^^^^^^^^^^
  File "C:\Users\user\AppData\Local\Programs\Python\Python314\Lib\site-packages\playwright\_impl\_connection.py", line 120, in _inner_send
    callback = self._connection._send_message_to_server(
        self._object, method, _augment_params(params, timeout_calculator)
    )
  File "C:\Users\user\AppData\Local\Programs\Python\Python314\Lib\site-packages\playwright\_impl\_connection.py", line 358, in _send_message_to_server
    raise self._closed_error
  File "C:\Users\user\AppData\Local\Programs\Python\Python314\Lib\site-packages\playwright\_impl\_connection.py", line 557, in wrap_api_call
    return await cb()
           ^^^^^^^^^^
  File "C:\Users\user\AppData\Local\Programs\Python\Python314\Lib\site-packages\playwright\_impl\_connection.py", line 120, in _inner_send
    callback = self._connection._send_message_to_server(
        self._object, method, _augment_params(params, timeout_calculator)
    )
  File "C:\Users\user\AppData\Local\Programs\Python\Python314\Lib\site-packages\playwright\_impl\_connection.py", line 358, in _send_message_to_server
    raise self._closed_error
  File "C:\Users\user\AppData\Local\Programs\Python\Python314\Lib\site-packages\playwright\_impl\_connection.py", line 557, in wrap_api_call
    return await cb()
           ^^^^^^^^^^
  File "C:\Users\user\AppData\Local\Programs\Python\Python314\Lib\site-packages\playwright\_impl\_connection.py", line 120, in _inner_send
    callback = self._connection._send_message_to_server(
        self._object, method, _augment_params(params, timeout_calculator)
    )
  File "C:\Users\user\AppData\Local\Programs\Python\Python314\Lib\site-packages\playwright\_impl\_connection.py", line 358, in _send_message_to_server
    raise self._closed_error
playwright._impl._errors.TargetClosedError: Target page, context or browser has been closed
2025-12-07 04:37:05 | ERROR    | Future exception was never retrieved
future: <Future finished exception=TargetClosedError('Target page, context or browser has been closed')>
Traceback (most recent call last):
  File "C:\y\Hong-Kong-Fire-Documentary-i\scripts\scrapers\content_scraper\scraper.py", line 507, in bounded_scrape
    await scrape_domain_queue(domain, urls, browser, config, registry, results, progress)
  File "C:\y\Hong-Kong-Fire-Documentary-i\scripts\scrapers\content_scraper\scraper.py", line 393, in scrape_domain_queue
    html, success = await scrape_url_async(url_info, context, config, browser=browser)
                    ^^^^^^^^^^^^^^^^^^^^^^^^^^^^^^^^^^^^^^^^^^^^^^^^^^^^^^^^^^^^^^^^^^
  File "C:\y\Hong-Kong-Fire-Documentary-i\scripts\scrapers\content_scraper\scraper.py", line 329, in scrape_url_async
    await page.goto(url, timeout=timeout, wait_until=strategy["wait_until"])
  File "C:\Users\user\AppData\Local\Programs\Python\Python314\Lib\site-packages\playwright\async_api\_generated.py", line 8992, in goto
    await self._impl_obj.goto(
        url=url, timeout=timeout, waitUntil=wait_until, referer=referer
    )
  File "C:\Users\user\AppData\Local\Programs\Python\Python314\Lib\site-packages\playwright\_impl\_page.py", line 555, in goto
    return await self._main_frame.goto(**locals_to_params(locals()))
           ^^^^^^^^^^^^^^^^^^^^^^^^^^^^^^^^^^^^^^^^^^^^^^^^^^^^^^^^^
  File "C:\Users\user\AppData\Local\Programs\Python\Python314\Lib\site-packages\playwright\_impl\_frame.py", line 153, in goto
    await self._channel.send(
        "goto", self._navigation_timeout, locals_to_params(locals())
    )
  File "C:\Users\user\AppData\Local\Programs\Python\Python314\Lib\site-packages\playwright\_impl\_connection.py", line 69, in send
    return await self._connection.wrap_api_call(
           ^^^^^^^^^^^^^^^^^^^^^^^^^^^^^^^^^^^^^
    ...<3 lines>...
    )
    ^
  File "C:\Users\user\AppData\Local\Programs\Python\Python314\Lib\site-packages\playwright\_impl\_connection.py", line 557, in wrap_api_call
    return await cb()
           ^^^^^^^^^^
  File "C:\Users\user\AppData\Local\Programs\Python\Python314\Lib\site-packages\playwright\_impl\_connection.py", line 123, in _inner_send
    done, _ = await asyncio.wait(
              ^^^^^^^^^^^^^^^^^^^
    ...<5 lines>...
    )
    ^
  File "C:\Users\user\AppData\Local\Programs\Python\Python314\Lib\asyncio\tasks.py", line 432, in wait
    return await _wait(fs, timeout, return_when, loop)
           ^^^^^^^^^^^^^^^^^^^^^^^^^^^^^^^^^^^^^^^^^^^
  File "C:\Users\user\AppData\Local\Programs\Python\Python314\Lib\asyncio\tasks.py", line 521, in _wait
    await waiter
asyncio.exceptions.CancelledError

During handling of the above exception, another exception occurred:

Traceback (most recent call last):
  File "C:\Users\user\AppData\Local\Programs\Python\Python314\Lib\site-packages\playwright\_impl\_connection.py", line 557, in wrap_api_call
    return await cb()
           ^^^^^^^^^^
  File "C:\Users\user\AppData\Local\Programs\Python\Python314\Lib\site-packages\playwright\_impl\_connection.py", line 120, in _inner_send
    callback = self._connection._send_message_to_server(
        self._object, method, _augment_params(params, timeout_calculator)
    )
  File "C:\Users\user\AppData\Local\Programs\Python\Python314\Lib\site-packages\playwright\_impl\_connection.py", line 358, in _send_message_to_server
    raise self._closed_error
  File "C:\Users\user\AppData\Local\Programs\Python\Python314\Lib\site-packages\playwright\_impl\_connection.py", line 557, in wrap_api_call
    return await cb()
           ^^^^^^^^^^
  File "C:\Users\user\AppData\Local\Programs\Python\Python314\Lib\site-packages\playwright\_impl\_connection.py", line 120, in _inner_send
    callback = self._connection._send_message_to_server(
        self._object, method, _augment_params(params, timeout_calculator)
    )
  File "C:\Users\user\AppData\Local\Programs\Python\Python314\Lib\site-packages\playwright\_impl\_connection.py", line 358, in _send_message_to_server
    raise self._closed_error
  File "C:\Users\user\AppData\Local\Programs\Python\Python314\Lib\site-packages\playwright\_impl\_connection.py", line 557, in wrap_api_call
    return await cb()
           ^^^^^^^^^^
  File "C:\Users\user\AppData\Local\Programs\Python\Python314\Lib\site-packages\playwright\_impl\_connection.py", line 120, in _inner_send
    callback = self._connection._send_message_to_server(
        self._object, method, _augment_params(params, timeout_calculator)
    )
  File "C:\Users\user\AppData\Local\Programs\Python\Python314\Lib\site-packages\playwright\_impl\_connection.py", line 358, in _send_message_to_server
    raise self._closed_error
  File "C:\Users\user\AppData\Local\Programs\Python\Python314\Lib\site-packages\playwright\_impl\_connection.py", line 557, in wrap_api_call
    return await cb()
           ^^^^^^^^^^
  File "C:\Users\user\AppData\Local\Programs\Python\Python314\Lib\site-packages\playwright\_impl\_connection.py", line 120, in _inner_send
    callback = self._connection._send_message_to_server(
        self._object, method, _augment_params(params, timeout_calculator)
    )
  File "C:\Users\user\AppData\Local\Programs\Python\Python314\Lib\site-packages\playwright\_impl\_connection.py", line 358, in _send_message_to_server
    raise self._closed_error
playwright._impl._errors.TargetClosedError: Target page, context or browser has been closed
2025-12-07 04:37:05 | ERROR    | Future exception was never retrieved
future: <Future finished exception=TargetClosedError('Target page, context or browser has been closed')>
Traceback (most recent call last):
  File "C:\y\Hong-Kong-Fire-Documentary-i\scripts\scrapers\content_scraper\scraper.py", line 507, in bounded_scrape
    await scrape_domain_queue(domain, urls, browser, config, registry, results, progress)
  File "C:\y\Hong-Kong-Fire-Documentary-i\scripts\scrapers\content_scraper\scraper.py", line 393, in scrape_domain_queue
    html, success = await scrape_url_async(url_info, context, config, browser=browser)
                    ^^^^^^^^^^^^^^^^^^^^^^^^^^^^^^^^^^^^^^^^^^^^^^^^^^^^^^^^^^^^^^^^^^
  File "C:\y\Hong-Kong-Fire-Documentary-i\scripts\scrapers\content_scraper\scraper.py", line 329, in scrape_url_async
    await page.goto(url, timeout=timeout, wait_until=strategy["wait_until"])
  File "C:\Users\user\AppData\Local\Programs\Python\Python314\Lib\site-packages\playwright\async_api\_generated.py", line 8992, in goto
    await self._impl_obj.goto(
        url=url, timeout=timeout, waitUntil=wait_until, referer=referer
    )
  File "C:\Users\user\AppData\Local\Programs\Python\Python314\Lib\site-packages\playwright\_impl\_page.py", line 555, in goto
    return await self._main_frame.goto(**locals_to_params(locals()))
           ^^^^^^^^^^^^^^^^^^^^^^^^^^^^^^^^^^^^^^^^^^^^^^^^^^^^^^^^^
  File "C:\Users\user\AppData\Local\Programs\Python\Python314\Lib\site-packages\playwright\_impl\_frame.py", line 153, in goto
    await self._channel.send(
        "goto", self._navigation_timeout, locals_to_params(locals())
    )
  File "C:\Users\user\AppData\Local\Programs\Python\Python314\Lib\site-packages\playwright\_impl\_connection.py", line 69, in send
    return await self._connection.wrap_api_call(
           ^^^^^^^^^^^^^^^^^^^^^^^^^^^^^^^^^^^^^
    ...<3 lines>...
    )
    ^
  File "C:\Users\user\AppData\Local\Programs\Python\Python314\Lib\site-packages\playwright\_impl\_connection.py", line 557, in wrap_api_call
    return await cb()
           ^^^^^^^^^^
  File "C:\Users\user\AppData\Local\Programs\Python\Python314\Lib\site-packages\playwright\_impl\_connection.py", line 123, in _inner_send
    done, _ = await asyncio.wait(
              ^^^^^^^^^^^^^^^^^^^
    ...<5 lines>...
    )
    ^
  File "C:\Users\user\AppData\Local\Programs\Python\Python314\Lib\asyncio\tasks.py", line 432, in wait
    return await _wait(fs, timeout, return_when, loop)
           ^^^^^^^^^^^^^^^^^^^^^^^^^^^^^^^^^^^^^^^^^^^
  File "C:\Users\user\AppData\Local\Programs\Python\Python314\Lib\asyncio\tasks.py", line 521, in _wait
    await waiter
asyncio.exceptions.CancelledError

During handling of the above exception, another exception occurred:

Traceback (most recent call last):
  File "C:\Users\user\AppData\Local\Programs\Python\Python314\Lib\site-packages\playwright\_impl\_connection.py", line 557, in wrap_api_call
    return await cb()
           ^^^^^^^^^^
  File "C:\Users\user\AppData\Local\Programs\Python\Python314\Lib\site-packages\playwright\_impl\_connection.py", line 120, in _inner_send
    callback = self._connection._send_message_to_server(
        self._object, method, _augment_params(params, timeout_calculator)
    )
  File "C:\Users\user\AppData\Local\Programs\Python\Python314\Lib\site-packages\playwright\_impl\_connection.py", line 358, in _send_message_to_server
    raise self._closed_error
  File "C:\Users\user\AppData\Local\Programs\Python\Python314\Lib\site-packages\playwright\_impl\_connection.py", line 557, in wrap_api_call
    return await cb()
           ^^^^^^^^^^
  File "C:\Users\user\AppData\Local\Programs\Python\Python314\Lib\site-packages\playwright\_impl\_connection.py", line 120, in _inner_send
    callback = self._connection._send_message_to_server(
        self._object, method, _augment_params(params, timeout_calculator)
    )
  File "C:\Users\user\AppData\Local\Programs\Python\Python314\Lib\site-packages\playwright\_impl\_connection.py", line 358, in _send_message_to_server
    raise self._closed_error
  File "C:\Users\user\AppData\Local\Programs\Python\Python314\Lib\site-packages\playwright\_impl\_connection.py", line 557, in wrap_api_call
    return await cb()
           ^^^^^^^^^^
  File "C:\Users\user\AppData\Local\Programs\Python\Python314\Lib\site-packages\playwright\_impl\_connection.py", line 120, in _inner_send
    callback = self._connection._send_message_to_server(
        self._object, method, _augment_params(params, timeout_calculator)
    )
  File "C:\Users\user\AppData\Local\Programs\Python\Python314\Lib\site-packages\playwright\_impl\_connection.py", line 358, in _send_message_to_server
    raise self._closed_error
  File "C:\Users\user\AppData\Local\Programs\Python\Python314\Lib\site-packages\playwright\_impl\_connection.py", line 557, in wrap_api_call
    return await cb()
           ^^^^^^^^^^
  File "C:\Users\user\AppData\Local\Programs\Python\Python314\Lib\site-packages\playwright\_impl\_connection.py", line 120, in _inner_send
    callback = self._connection._send_message_to_server(
        self._object, method, _augment_params(params, timeout_calculator)
    )
  File "C:\Users\user\AppData\Local\Programs\Python\Python314\Lib\site-packages\playwright\_impl\_connection.py", line 358, in _send_message_to_server
    raise self._closed_error
playwright._impl._errors.TargetClosedError: Target page, context or browser has been closed
2025-12-07 04:37:05 | ERROR    | Future exception was never retrieved
future: <Future finished exception=TargetClosedError('Target page, context or browser has been closed')>
Traceback (most recent call last):
  File "C:\y\Hong-Kong-Fire-Documentary-i\scripts\scrapers\content_scraper\scraper.py", line 507, in bounded_scrape
    await scrape_domain_queue(domain, urls, browser, config, registry, results, progress)
  File "C:\y\Hong-Kong-Fire-Documentary-i\scripts\scrapers\content_scraper\scraper.py", line 393, in scrape_domain_queue
    html, success = await scrape_url_async(url_info, context, config, browser=browser)
                    ^^^^^^^^^^^^^^^^^^^^^^^^^^^^^^^^^^^^^^^^^^^^^^^^^^^^^^^^^^^^^^^^^^
  File "C:\y\Hong-Kong-Fire-Documentary-i\scripts\scrapers\content_scraper\scraper.py", line 329, in scrape_url_async
    await page.goto(url, timeout=timeout, wait_until=strategy["wait_until"])
  File "C:\Users\user\AppData\Local\Programs\Python\Python314\Lib\site-packages\playwright\async_api\_generated.py", line 8992, in goto
    await self._impl_obj.goto(
        url=url, timeout=timeout, waitUntil=wait_until, referer=referer
    )
  File "C:\Users\user\AppData\Local\Programs\Python\Python314\Lib\site-packages\playwright\_impl\_page.py", line 555, in goto
    return await self._main_frame.goto(**locals_to_params(locals()))
           ^^^^^^^^^^^^^^^^^^^^^^^^^^^^^^^^^^^^^^^^^^^^^^^^^^^^^^^^^
  File "C:\Users\user\AppData\Local\Programs\Python\Python314\Lib\site-packages\playwright\_impl\_frame.py", line 153, in goto
    await self._channel.send(
        "goto", self._navigation_timeout, locals_to_params(locals())
    )
  File "C:\Users\user\AppData\Local\Programs\Python\Python314\Lib\site-packages\playwright\_impl\_connection.py", line 69, in send
    return await self._connection.wrap_api_call(
           ^^^^^^^^^^^^^^^^^^^^^^^^^^^^^^^^^^^^^
    ...<3 lines>...
    )
    ^
  File "C:\Users\user\AppData\Local\Programs\Python\Python314\Lib\site-packages\playwright\_impl\_connection.py", line 557, in wrap_api_call
    return await cb()
           ^^^^^^^^^^
  File "C:\Users\user\AppData\Local\Programs\Python\Python314\Lib\site-packages\playwright\_impl\_connection.py", line 123, in _inner_send
    done, _ = await asyncio.wait(
              ^^^^^^^^^^^^^^^^^^^
    ...<5 lines>...
    )
    ^
  File "C:\Users\user\AppData\Local\Programs\Python\Python314\Lib\asyncio\tasks.py", line 432, in wait
    return await _wait(fs, timeout, return_when, loop)
           ^^^^^^^^^^^^^^^^^^^^^^^^^^^^^^^^^^^^^^^^^^^
  File "C:\Users\user\AppData\Local\Programs\Python\Python314\Lib\asyncio\tasks.py", line 521, in _wait
    await waiter
asyncio.exceptions.CancelledError

During handling of the above exception, another exception occurred:

Traceback (most recent call last):
  File "C:\Users\user\AppData\Local\Programs\Python\Python314\Lib\site-packages\playwright\_impl\_connection.py", line 557, in wrap_api_call
    return await cb()
           ^^^^^^^^^^
  File "C:\Users\user\AppData\Local\Programs\Python\Python314\Lib\site-packages\playwright\_impl\_connection.py", line 120, in _inner_send
    callback = self._connection._send_message_to_server(
        self._object, method, _augment_params(params, timeout_calculator)
    )
  File "C:\Users\user\AppData\Local\Programs\Python\Python314\Lib\site-packages\playwright\_impl\_connection.py", line 358, in _send_message_to_server
    raise self._closed_error
  File "C:\Users\user\AppData\Local\Programs\Python\Python314\Lib\site-packages\playwright\_impl\_connection.py", line 557, in wrap_api_call
    return await cb()
           ^^^^^^^^^^
  File "C:\Users\user\AppData\Local\Programs\Python\Python314\Lib\site-packages\playwright\_impl\_connection.py", line 120, in _inner_send
    callback = self._connection._send_message_to_server(
        self._object, method, _augment_params(params, timeout_calculator)
    )
  File "C:\Users\user\AppData\Local\Programs\Python\Python314\Lib\site-packages\playwright\_impl\_connection.py", line 358, in _send_message_to_server
    raise self._closed_error
  File "C:\Users\user\AppData\Local\Programs\Python\Python314\Lib\site-packages\playwright\_impl\_connection.py", line 557, in wrap_api_call
    return await cb()
           ^^^^^^^^^^
  File "C:\Users\user\AppData\Local\Programs\Python\Python314\Lib\site-packages\playwright\_impl\_connection.py", line 120, in _inner_send
    callback = self._connection._send_message_to_server(
        self._object, method, _augment_params(params, timeout_calculator)
    )
  File "C:\Users\user\AppData\Local\Programs\Python\Python314\Lib\site-packages\playwright\_impl\_connection.py", line 358, in _send_message_to_server
    raise self._closed_error
  File "C:\Users\user\AppData\Local\Programs\Python\Python314\Lib\site-packages\playwright\_impl\_connection.py", line 557, in wrap_api_call
    return await cb()
           ^^^^^^^^^^
  File "C:\Users\user\AppData\Local\Programs\Python\Python314\Lib\site-packages\playwright\_impl\_connection.py", line 120, in _inner_send
    callback = self._connection._send_message_to_server(
        self._object, method, _augment_params(params, timeout_calculator)
    )
  File "C:\Users\user\AppData\Local\Programs\Python\Python314\Lib\site-packages\playwright\_impl\_connection.py", line 358, in _send_message_to_server
    raise self._closed_error
playwright._impl._errors.TargetClosedError: Target page, context or browser has been closed
2025-12-07 04:37:05 | ERROR    | Future exception was never retrieved
future: <Future finished exception=TargetClosedError('Target page, context or browser has been closed')>
Traceback (most recent call last):
  File "C:\y\Hong-Kong-Fire-Documentary-i\scripts\scrapers\content_scraper\scraper.py", line 507, in bounded_scrape
    await scrape_domain_queue(domain, urls, browser, config, registry, results, progress)
  File "C:\y\Hong-Kong-Fire-Documentary-i\scripts\scrapers\content_scraper\scraper.py", line 393, in scrape_domain_queue
    html, success = await scrape_url_async(url_info, context, config, browser=browser)
                    ^^^^^^^^^^^^^^^^^^^^^^^^^^^^^^^^^^^^^^^^^^^^^^^^^^^^^^^^^^^^^^^^^^
  File "C:\y\Hong-Kong-Fire-Documentary-i\scripts\scrapers\content_scraper\scraper.py", line 329, in scrape_url_async
    await page.goto(url, timeout=timeout, wait_until=strategy["wait_until"])
  File "C:\Users\user\AppData\Local\Programs\Python\Python314\Lib\site-packages\playwright\async_api\_generated.py", line 8992, in goto
    await self._impl_obj.goto(
        url=url, timeout=timeout, waitUntil=wait_until, referer=referer
    )
  File "C:\Users\user\AppData\Local\Programs\Python\Python314\Lib\site-packages\playwright\_impl\_page.py", line 555, in goto
    return await self._main_frame.goto(**locals_to_params(locals()))
           ^^^^^^^^^^^^^^^^^^^^^^^^^^^^^^^^^^^^^^^^^^^^^^^^^^^^^^^^^
  File "C:\Users\user\AppData\Local\Programs\Python\Python314\Lib\site-packages\playwright\_impl\_frame.py", line 153, in goto
    await self._channel.send(
        "goto", self._navigation_timeout, locals_to_params(locals())
    )
  File "C:\Users\user\AppData\Local\Programs\Python\Python314\Lib\site-packages\playwright\_impl\_connection.py", line 69, in send
    return await self._connection.wrap_api_call(
           ^^^^^^^^^^^^^^^^^^^^^^^^^^^^^^^^^^^^^
    ...<3 lines>...
    )
    ^
  File "C:\Users\user\AppData\Local\Programs\Python\Python314\Lib\site-packages\playwright\_impl\_connection.py", line 557, in wrap_api_call
    return await cb()
           ^^^^^^^^^^
  File "C:\Users\user\AppData\Local\Programs\Python\Python314\Lib\site-packages\playwright\_impl\_connection.py", line 123, in _inner_send
    done, _ = await asyncio.wait(
              ^^^^^^^^^^^^^^^^^^^
    ...<5 lines>...
    )
    ^
  File "C:\Users\user\AppData\Local\Programs\Python\Python314\Lib\asyncio\tasks.py", line 432, in wait
    return await _wait(fs, timeout, return_when, loop)
           ^^^^^^^^^^^^^^^^^^^^^^^^^^^^^^^^^^^^^^^^^^^
  File "C:\Users\user\AppData\Local\Programs\Python\Python314\Lib\asyncio\tasks.py", line 521, in _wait
    await waiter
asyncio.exceptions.CancelledError

During handling of the above exception, another exception occurred:

Traceback (most recent call last):
  File "C:\Users\user\AppData\Local\Programs\Python\Python314\Lib\site-packages\playwright\_impl\_connection.py", line 557, in wrap_api_call
    return await cb()
           ^^^^^^^^^^
  File "C:\Users\user\AppData\Local\Programs\Python\Python314\Lib\site-packages\playwright\_impl\_connection.py", line 120, in _inner_send
    callback = self._connection._send_message_to_server(
        self._object, method, _augment_params(params, timeout_calculator)
    )
  File "C:\Users\user\AppData\Local\Programs\Python\Python314\Lib\site-packages\playwright\_impl\_connection.py", line 358, in _send_message_to_server
    raise self._closed_error
  File "C:\Users\user\AppData\Local\Programs\Python\Python314\Lib\site-packages\playwright\_impl\_connection.py", line 557, in wrap_api_call
    return await cb()
           ^^^^^^^^^^
  File "C:\Users\user\AppData\Local\Programs\Python\Python314\Lib\site-packages\playwright\_impl\_connection.py", line 120, in _inner_send
    callback = self._connection._send_message_to_server(
        self._object, method, _augment_params(params, timeout_calculator)
    )
  File "C:\Users\user\AppData\Local\Programs\Python\Python314\Lib\site-packages\playwright\_impl\_connection.py", line 358, in _send_message_to_server
    raise self._closed_error
  File "C:\Users\user\AppData\Local\Programs\Python\Python314\Lib\site-packages\playwright\_impl\_connection.py", line 557, in wrap_api_call
    return await cb()
           ^^^^^^^^^^
  File "C:\Users\user\AppData\Local\Programs\Python\Python314\Lib\site-packages\playwright\_impl\_connection.py", line 120, in _inner_send
    callback = self._connection._send_message_to_server(
        self._object, method, _augment_params(params, timeout_calculator)
    )
  File "C:\Users\user\AppData\Local\Programs\Python\Python314\Lib\site-packages\playwright\_impl\_connection.py", line 358, in _send_message_to_server
    raise self._closed_error
  File "C:\Users\user\AppData\Local\Programs\Python\Python314\Lib\site-packages\playwright\_impl\_connection.py", line 557, in wrap_api_call
    return await cb()
           ^^^^^^^^^^
  File "C:\Users\user\AppData\Local\Programs\Python\Python314\Lib\site-packages\playwright\_impl\_connection.py", line 120, in _inner_send
    callback = self._connection._send_message_to_server(
        self._object, method, _augment_params(params, timeout_calculator)
    )
  File "C:\Users\user\AppData\Local\Programs\Python\Python314\Lib\site-packages\playwright\_impl\_connection.py", line 358, in _send_message_to_server
    raise self._closed_error
playwright._impl._errors.TargetClosedError: Target page, context or browser has been closed
2025-12-07 04:37:33 | INFO     | ============================================================
2025-12-07 04:37:33 | INFO     | News Scraper Daemon Starting
2025-12-07 04:37:33 | INFO     | Fork: hk-hack-007/Hong-Kong-Fire-Documentary-i
2025-12-07 04:37:33 | INFO     | Upstream: adminlby/Hong-Kong-Fire-Documentary
2025-12-07 04:37:33 | INFO     | Sync interval: 10 minutes
2025-12-07 04:37:33 | INFO     | PR interval: 60 minutes
2025-12-07 04:37:33 | INFO     | ============================================================
2025-12-07 04:37:34 | INFO     | gh CLI authenticated
2025-12-07 04:37:34 | INFO     | Setting up git remotes...
2025-12-07 04:37:34 | INFO     | Configured origin remote
2025-12-07 04:37:34 | INFO     | gh CLI authenticated
2025-12-07 04:37:34 | INFO     | ----------------------------------------
2025-12-07 04:37:34 | INFO     | Running periodic health check...
2025-12-07 04:37:35 | INFO     | gh CLI authenticated
2025-12-07 04:37:36 | INFO     | Health check passed
2025-12-07 04:37:36 | INFO     | ----------------------------------------
2025-12-07 04:37:36 | INFO     | Starting sync cycle...
2025-12-07 04:37:36 | INFO     | Syncing with upstream...
2025-12-07 04:37:36 | INFO     | Already up to date with upstream
2025-12-07 04:37:36 | INFO     | Running scraper...
2025-12-07 04:37:36 | INFO     | Found 595 new URLs to scrape
2025-12-07 05:02:59 | INFO     | Updated cumulative stats: 627 success, 34 failed across 2 cycles
2025-12-07 05:02:59 | INFO     | Scraper results: 562 success, 33 failed
2025-12-07 05:02:59 | INFO     | Committing changes...
2025-12-07 05:03:05 | INFO     | Committed: chore(scraper): auto-scrape 2025-12-07 05:03
2025-12-07 05:03:15 | INFO     | Pushed to origin successfully
2025-12-07 05:03:15 | INFO     | Sync cycle complete
2025-12-07 05:03:15 | INFO     | ----------------------------------------
2025-12-07 05:03:15 | INFO     | Starting PR cycle...
2025-12-07 05:03:17 | INFO     | Pushed to origin successfully
2025-12-07 05:03:17 | INFO     | Managing PR...
2025-12-07 05:03:17 | INFO     | PR #6 exists, updating description with fresh stats...
2025-12-07 05:03:22 | INFO     | Updated PR #6 with fresh stats
2025-12-07 05:03:22 | INFO     | PR cycle complete
2025-12-07 05:03:22 | INFO     | Run once mode, exiting...
2025-12-07 14:41:59 | INFO     | ============================================================
2025-12-07 14:41:59 | INFO     | News Scraper Daemon Starting
2025-12-07 14:41:59 | INFO     | Fork: hk-hack-007/Hong-Kong-Fire-Documentary-i
2025-12-07 14:41:59 | INFO     | Upstream: adminlby/Hong-Kong-Fire-Documentary
2025-12-07 14:41:59 | INFO     | Sync interval: 10 minutes
2025-12-07 14:41:59 | INFO     | PR interval: 60 minutes
2025-12-07 14:41:59 | INFO     | ============================================================
2025-12-07 14:42:00 | INFO     | gh CLI authenticated
2025-12-07 14:42:00 | INFO     | Setting up git remotes...
2025-12-07 14:42:00 | INFO     | Configured origin remote
2025-12-07 14:42:01 | INFO     | gh CLI authenticated
2025-12-07 14:42:01 | INFO     | ----------------------------------------
2025-12-07 14:42:01 | INFO     | Running periodic health check...
2025-12-07 14:42:02 | INFO     | gh CLI authenticated
2025-12-07 14:42:02 | INFO     | Health check passed
2025-12-07 14:42:02 | INFO     | ----------------------------------------
2025-12-07 14:42:02 | INFO     | Starting sync cycle...
2025-12-07 14:42:02 | INFO     | Syncing with upstream...
2025-12-07 14:42:05 | INFO     | Behind upstream by 1 commits, merging...
2025-12-07 14:42:06 | WARNING  | Stash pop failed, dropping stash to continue
2025-12-07 14:42:06 | INFO     | Synced with upstream successfully
2025-12-07 14:42:06 | INFO     | Running scraper...
2025-12-07 14:42:07 | INFO     | Found 83 new URLs to scrape
2025-12-07 14:42:42 | INFO     | Daemon stopped by user
2025-12-07 14:42:42 | ERROR    | Future exception was never retrieved
future: <Future finished exception=TargetClosedError('Target page, context or browser has been closed')>
Traceback (most recent call last):
  File "C:\y\Hong-Kong-Fire-Documentary-i\scripts\scrapers\content_scraper\scraper.py", line 335, in scrape_url_async
    raise ValueError("Page content too short, likely blocked")
ValueError: Page content too short, likely blocked

During handling of the above exception, another exception occurred:

Traceback (most recent call last):
  File "C:\y\Hong-Kong-Fire-Documentary-i\scripts\scrapers\content_scraper\scraper.py", line 507, in bounded_scrape
    await scrape_domain_queue(domain, urls, browser, config, registry, results, progress)
  File "C:\y\Hong-Kong-Fire-Documentary-i\scripts\scrapers\content_scraper\scraper.py", line 393, in scrape_domain_queue
    html, success = await scrape_url_async(url_info, context, config, browser=browser)
                    ^^^^^^^^^^^^^^^^^^^^^^^^^^^^^^^^^^^^^^^^^^^^^^^^^^^^^^^^^^^^^^^^^^
  File "C:\y\Hong-Kong-Fire-Documentary-i\scripts\scrapers\content_scraper\scraper.py", line 357, in scrape_url_async
    return await scrape_url_async(url_info, context, config, retries + 1, browser)
           ^^^^^^^^^^^^^^^^^^^^^^^^^^^^^^^^^^^^^^^^^^^^^^^^^^^^^^^^^^^^^^^^^^^^^^^
  File "C:\y\Hong-Kong-Fire-Documentary-i\scripts\scrapers\content_scraper\scraper.py", line 357, in scrape_url_async
    return await scrape_url_async(url_info, context, config, retries + 1, browser)
           ^^^^^^^^^^^^^^^^^^^^^^^^^^^^^^^^^^^^^^^^^^^^^^^^^^^^^^^^^^^^^^^^^^^^^^^
  File "C:\y\Hong-Kong-Fire-Documentary-i\scripts\scrapers\content_scraper\scraper.py", line 361, in scrape_url_async
    await page.close()
  File "C:\Users\user\AppData\Local\Programs\Python\Python314\Lib\site-packages\playwright\async_api\_generated.py", line 9794, in close
    await self._impl_obj.close(runBeforeUnload=run_before_unload, reason=reason)
  File "C:\Users\user\AppData\Local\Programs\Python\Python314\Lib\site-packages\playwright\_impl\_page.py", line 833, in close
    await self._channel.send("close", None, locals_to_params(locals()))
  File "C:\Users\user\AppData\Local\Programs\Python\Python314\Lib\site-packages\playwright\_impl\_connection.py", line 69, in send
    return await self._connection.wrap_api_call(
           ^^^^^^^^^^^^^^^^^^^^^^^^^^^^^^^^^^^^^
    ...<3 lines>...
    )
    ^
  File "C:\Users\user\AppData\Local\Programs\Python\Python314\Lib\site-packages\playwright\_impl\_connection.py", line 557, in wrap_api_call
    return await cb()
           ^^^^^^^^^^
  File "C:\Users\user\AppData\Local\Programs\Python\Python314\Lib\site-packages\playwright\_impl\_connection.py", line 123, in _inner_send
    done, _ = await asyncio.wait(
              ^^^^^^^^^^^^^^^^^^^
    ...<5 lines>...
    )
    ^
  File "C:\Users\user\AppData\Local\Programs\Python\Python314\Lib\asyncio\tasks.py", line 432, in wait
    return await _wait(fs, timeout, return_when, loop)
           ^^^^^^^^^^^^^^^^^^^^^^^^^^^^^^^^^^^^^^^^^^^
  File "C:\Users\user\AppData\Local\Programs\Python\Python314\Lib\asyncio\tasks.py", line 521, in _wait
    await waiter
asyncio.exceptions.CancelledError

During handling of the above exception, another exception occurred:

Traceback (most recent call last):
  File "C:\Users\user\AppData\Local\Programs\Python\Python314\Lib\site-packages\playwright\_impl\_connection.py", line 557, in wrap_api_call
    return await cb()
           ^^^^^^^^^^
  File "C:\Users\user\AppData\Local\Programs\Python\Python314\Lib\site-packages\playwright\_impl\_connection.py", line 120, in _inner_send
    callback = self._connection._send_message_to_server(
        self._object, method, _augment_params(params, timeout_calculator)
    )
  File "C:\Users\user\AppData\Local\Programs\Python\Python314\Lib\site-packages\playwright\_impl\_connection.py", line 358, in _send_message_to_server
    raise self._closed_error
  File "C:\Users\user\AppData\Local\Programs\Python\Python314\Lib\site-packages\playwright\_impl\_connection.py", line 557, in wrap_api_call
    return await cb()
           ^^^^^^^^^^
  File "C:\Users\user\AppData\Local\Programs\Python\Python314\Lib\site-packages\playwright\_impl\_connection.py", line 120, in _inner_send
    callback = self._connection._send_message_to_server(
        self._object, method, _augment_params(params, timeout_calculator)
    )
  File "C:\Users\user\AppData\Local\Programs\Python\Python314\Lib\site-packages\playwright\_impl\_connection.py", line 358, in _send_message_to_server
    raise self._closed_error
playwright._impl._errors.TargetClosedError: Target page, context or browser has been closed
2025-12-07 14:42:42 | ERROR    | Future exception was never retrieved
future: <Future finished exception=TargetClosedError('Target page, context or browser has been closed')>
Traceback (most recent call last):
  File "C:\y\Hong-Kong-Fire-Documentary-i\scripts\scrapers\content_scraper\scraper.py", line 335, in scrape_url_async
    raise ValueError("Page content too short, likely blocked")
ValueError: Page content too short, likely blocked

During handling of the above exception, another exception occurred:

Traceback (most recent call last):
  File "C:\y\Hong-Kong-Fire-Documentary-i\scripts\scrapers\content_scraper\scraper.py", line 507, in bounded_scrape
    await scrape_domain_queue(domain, urls, browser, config, registry, results, progress)
  File "C:\y\Hong-Kong-Fire-Documentary-i\scripts\scrapers\content_scraper\scraper.py", line 393, in scrape_domain_queue
    html, success = await scrape_url_async(url_info, context, config, browser=browser)
                    ^^^^^^^^^^^^^^^^^^^^^^^^^^^^^^^^^^^^^^^^^^^^^^^^^^^^^^^^^^^^^^^^^^
  File "C:\y\Hong-Kong-Fire-Documentary-i\scripts\scrapers\content_scraper\scraper.py", line 357, in scrape_url_async
    return await scrape_url_async(url_info, context, config, retries + 1, browser)
           ^^^^^^^^^^^^^^^^^^^^^^^^^^^^^^^^^^^^^^^^^^^^^^^^^^^^^^^^^^^^^^^^^^^^^^^
  File "C:\y\Hong-Kong-Fire-Documentary-i\scripts\scrapers\content_scraper\scraper.py", line 357, in scrape_url_async
    return await scrape_url_async(url_info, context, config, retries + 1, browser)
           ^^^^^^^^^^^^^^^^^^^^^^^^^^^^^^^^^^^^^^^^^^^^^^^^^^^^^^^^^^^^^^^^^^^^^^^
  File "C:\y\Hong-Kong-Fire-Documentary-i\scripts\scrapers\content_scraper\scraper.py", line 361, in scrape_url_async
    await page.close()
  File "C:\Users\user\AppData\Local\Programs\Python\Python314\Lib\site-packages\playwright\async_api\_generated.py", line 9794, in close
    await self._impl_obj.close(runBeforeUnload=run_before_unload, reason=reason)
  File "C:\Users\user\AppData\Local\Programs\Python\Python314\Lib\site-packages\playwright\_impl\_page.py", line 833, in close
    await self._channel.send("close", None, locals_to_params(locals()))
  File "C:\Users\user\AppData\Local\Programs\Python\Python314\Lib\site-packages\playwright\_impl\_connection.py", line 69, in send
    return await self._connection.wrap_api_call(
           ^^^^^^^^^^^^^^^^^^^^^^^^^^^^^^^^^^^^^
    ...<3 lines>...
    )
    ^
  File "C:\Users\user\AppData\Local\Programs\Python\Python314\Lib\site-packages\playwright\_impl\_connection.py", line 557, in wrap_api_call
    return await cb()
           ^^^^^^^^^^
  File "C:\Users\user\AppData\Local\Programs\Python\Python314\Lib\site-packages\playwright\_impl\_connection.py", line 123, in _inner_send
    done, _ = await asyncio.wait(
              ^^^^^^^^^^^^^^^^^^^
    ...<5 lines>...
    )
    ^
  File "C:\Users\user\AppData\Local\Programs\Python\Python314\Lib\asyncio\tasks.py", line 432, in wait
    return await _wait(fs, timeout, return_when, loop)
           ^^^^^^^^^^^^^^^^^^^^^^^^^^^^^^^^^^^^^^^^^^^
  File "C:\Users\user\AppData\Local\Programs\Python\Python314\Lib\asyncio\tasks.py", line 521, in _wait
    await waiter
asyncio.exceptions.CancelledError

During handling of the above exception, another exception occurred:

Traceback (most recent call last):
  File "C:\Users\user\AppData\Local\Programs\Python\Python314\Lib\site-packages\playwright\_impl\_connection.py", line 557, in wrap_api_call
    return await cb()
           ^^^^^^^^^^
  File "C:\Users\user\AppData\Local\Programs\Python\Python314\Lib\site-packages\playwright\_impl\_connection.py", line 120, in _inner_send
    callback = self._connection._send_message_to_server(
        self._object, method, _augment_params(params, timeout_calculator)
    )
  File "C:\Users\user\AppData\Local\Programs\Python\Python314\Lib\site-packages\playwright\_impl\_connection.py", line 358, in _send_message_to_server
    raise self._closed_error
  File "C:\Users\user\AppData\Local\Programs\Python\Python314\Lib\site-packages\playwright\_impl\_connection.py", line 557, in wrap_api_call
    return await cb()
           ^^^^^^^^^^
  File "C:\Users\user\AppData\Local\Programs\Python\Python314\Lib\site-packages\playwright\_impl\_connection.py", line 120, in _inner_send
    callback = self._connection._send_message_to_server(
        self._object, method, _augment_params(params, timeout_calculator)
    )
  File "C:\Users\user\AppData\Local\Programs\Python\Python314\Lib\site-packages\playwright\_impl\_connection.py", line 358, in _send_message_to_server
    raise self._closed_error
playwright._impl._errors.TargetClosedError: Target page, context or browser has been closed
2025-12-07 14:42:44 | INFO     | ============================================================
2025-12-07 14:42:44 | INFO     | News Scraper Daemon Starting
2025-12-07 14:42:44 | INFO     | Fork: hk-hack-007/Hong-Kong-Fire-Documentary-i
2025-12-07 14:42:44 | INFO     | Upstream: adminlby/Hong-Kong-Fire-Documentary
2025-12-07 14:42:44 | INFO     | Sync interval: 10 minutes
2025-12-07 14:42:44 | INFO     | PR interval: 60 minutes
2025-12-07 14:42:44 | INFO     | ============================================================
2025-12-07 14:42:44 | INFO     | gh CLI authenticated
2025-12-07 14:42:44 | INFO     | Setting up git remotes...
2025-12-07 14:42:44 | INFO     | Configured origin remote
2025-12-07 14:42:45 | INFO     | gh CLI authenticated
2025-12-07 14:42:45 | INFO     | ----------------------------------------
2025-12-07 14:42:45 | INFO     | Running periodic health check...
2025-12-07 14:42:46 | INFO     | gh CLI authenticated
2025-12-07 14:42:46 | INFO     | Health check passed
2025-12-07 14:42:46 | INFO     | ----------------------------------------
2025-12-07 14:42:46 | INFO     | Starting sync cycle...
2025-12-07 14:42:46 | INFO     | Syncing with upstream...
2025-12-07 14:42:47 | INFO     | Already up to date with upstream
2025-12-07 14:42:47 | INFO     | Running scraper...
2025-12-07 14:42:47 | INFO     | Found 79 new URLs to scrape
2025-12-07 14:42:49 | INFO     | Daemon stopped by user
2025-12-07 14:43:47 | INFO     | ============================================================
2025-12-07 14:43:47 | INFO     | News Scraper Daemon Starting
2025-12-07 14:43:47 | INFO     | Fork: hk-hack-007/Hong-Kong-Fire-Documentary-i
2025-12-07 14:43:47 | INFO     | Upstream: adminlby/Hong-Kong-Fire-Documentary
2025-12-07 14:43:47 | INFO     | Sync interval: 10 minutes
2025-12-07 14:43:47 | INFO     | PR interval: 60 minutes
2025-12-07 14:43:47 | INFO     | ============================================================
2025-12-07 14:43:54 | INFO     | gh CLI authenticated
2025-12-07 14:43:54 | INFO     | Setting up git remotes...
2025-12-07 14:43:55 | INFO     | Configured origin remote
2025-12-07 14:43:55 | INFO     | gh CLI authenticated
2025-12-07 14:43:55 | INFO     | ----------------------------------------
2025-12-07 14:43:55 | INFO     | Running periodic health check...
2025-12-07 14:43:56 | INFO     | gh CLI authenticated
2025-12-07 14:43:56 | INFO     | Health check passed
2025-12-07 14:43:56 | INFO     | ----------------------------------------
2025-12-07 14:43:56 | INFO     | Starting sync cycle...
2025-12-07 14:43:56 | INFO     | Syncing with upstream...
2025-12-07 14:43:57 | INFO     | Already up to date with upstream
2025-12-07 14:43:57 | INFO     | Running scraper...
2025-12-07 14:43:57 | INFO     | Found 79 new URLs to scrape
2025-12-07 14:44:32 | INFO     | Daemon stopped by user
2025-12-07 14:44:32 | ERROR    | Future exception was never retrieved
future: <Future finished exception=TargetClosedError('Target page, context or browser has been closed\nCall log:\n  - navigating to "https://hk.news.yahoo.com/%E5%AE%8F%E7%A6%8F%E8%8B%91%E4%BA%94%E7%B4%9A%E7%81%AB%EF%BD%9C%E4%BF%9D%E7%9B%A3%E5%B1%80%EF%BC%9A%E6%B6%89%E5%AE%8F%E7%A6%8F%E8%8B%91%E4%BF%9D%E5%96%AE%E5%85%B1-8700-%E5%BC%B5-%E5%B7%B2%E8%A8%AD%E5%B0%88%E8%B2%AC%E5%B0%8F%E7%B5%84%E5%8D%94%E8%AA%BF%EF%BD%9Cyahoo-073800120.html", waiting until "domcontentloaded"\n')>
playwright._impl._errors.TargetClosedError: Target page, context or browser has been closed
Call log:
  - navigating to "https://hk.news.yahoo.com/%E5%AE%8F%E7%A6%8F%E8%8B%91%E4%BA%94%E7%B4%9A%E7%81%AB%EF%BD%9C%E4%BF%9D%E7%9B%A3%E5%B1%80%EF%BC%9A%E6%B6%89%E5%AE%8F%E7%A6%8F%E8%8B%91%E4%BF%9D%E5%96%AE%E5%85%B1-8700-%E5%BC%B5-%E5%B7%B2%E8%A8%AD%E5%B0%88%E8%B2%AC%E5%B0%8F%E7%B5%84%E5%8D%94%E8%AA%BF%EF%BD%9Cyahoo-073800120.html", waiting until "domcontentloaded"

2025-12-07 14:44:32 | ERROR    | Future exception was never retrieved
future: <Future finished exception=TargetClosedError('Target page, context or browser has been closed')>
playwright._impl._errors.TargetClosedError: Target page, context or browser has been closed
2025-12-07 14:44:57 | INFO     | ============================================================
2025-12-07 14:44:57 | INFO     | News Scraper Daemon Starting
2025-12-07 14:44:57 | INFO     | Fork: hk-hack-007/Hong-Kong-Fire-Documentary-i
2025-12-07 14:44:57 | INFO     | Upstream: adminlby/Hong-Kong-Fire-Documentary
2025-12-07 14:44:57 | INFO     | Sync interval: 10 minutes
2025-12-07 14:44:57 | INFO     | PR interval: 60 minutes
2025-12-07 14:44:57 | INFO     | ============================================================
2025-12-07 14:44:58 | INFO     | gh CLI authenticated
2025-12-07 14:44:58 | INFO     | Setting up git remotes...
2025-12-07 14:44:58 | INFO     | Configured origin remote
2025-12-07 14:44:59 | INFO     | gh CLI authenticated
2025-12-07 14:44:59 | INFO     | ----------------------------------------
2025-12-07 14:44:59 | INFO     | Running periodic health check...
2025-12-07 14:45:00 | INFO     | gh CLI authenticated
2025-12-07 14:45:00 | INFO     | Health check passed
2025-12-07 14:45:00 | INFO     | ----------------------------------------
2025-12-07 14:45:00 | INFO     | Starting sync cycle...
2025-12-07 14:45:00 | INFO     | Syncing with upstream...
2025-12-07 14:45:01 | INFO     | Already up to date with upstream
2025-12-07 14:45:01 | INFO     | Running scraper...
2025-12-07 14:45:02 | INFO     | Found 77 new URLs to scrape
2025-12-07 14:55:36 | INFO     | Updated cumulative stats: 671 success, 67 failed across 3 cycles
2025-12-07 14:55:36 | INFO     | Scraper results: 44 success, 33 failed
2025-12-07 14:55:36 | INFO     | Committing changes...
2025-12-07 14:55:38 | INFO     | Committed: chore(scraper): auto-scrape 2025-12-07 14:55
2025-12-07 14:56:18 | INFO     | Pushed to origin successfully
2025-12-07 14:56:18 | INFO     | Sync cycle complete
2025-12-07 14:56:18 | INFO     | ----------------------------------------
2025-12-07 14:56:18 | INFO     | Starting PR cycle...
2025-12-07 14:56:20 | INFO     | Pushed to origin successfully
2025-12-07 14:56:20 | INFO     | Managing PR...
2025-12-07 14:56:26 | INFO     | Created PR: https://github.com/adminlby/Hong-Kong-Fire-Documentary/pull/7
2025-12-07 14:56:26 | INFO     | Stats reset for new PR cycle
2025-12-07 14:56:26 | INFO     | PR cycle complete
2025-12-07 14:56:26 | INFO     | Run once mode, exiting...
2025-12-07 23:52:18 | INFO     | ============================================================
2025-12-07 23:52:18 | INFO     | News Scraper Daemon Starting
2025-12-07 23:52:18 | INFO     | Fork: hk-hack-007/Hong-Kong-Fire-Documentary-i
2025-12-07 23:52:18 | INFO     | Upstream: adminlby/Hong-Kong-Fire-Documentary
2025-12-07 23:52:18 | INFO     | Sync interval: 10 minutes
2025-12-07 23:52:18 | INFO     | PR interval: 60 minutes
2025-12-07 23:52:18 | INFO     | ============================================================
2025-12-07 23:52:19 | INFO     | gh CLI authenticated
2025-12-07 23:52:19 | INFO     | Setting up git remotes...
2025-12-07 23:52:19 | INFO     | Configured origin remote
2025-12-07 23:52:20 | INFO     | gh CLI authenticated
2025-12-07 23:52:20 | INFO     | ----------------------------------------
2025-12-07 23:52:20 | INFO     | Running periodic health check...
2025-12-07 23:52:20 | INFO     | gh CLI authenticated
2025-12-07 23:52:20 | INFO     | Health check passed
2025-12-07 23:52:20 | INFO     | ----------------------------------------
2025-12-07 23:52:20 | INFO     | Starting sync cycle...
2025-12-07 23:52:20 | INFO     | Syncing with upstream...
2025-12-07 23:52:22 | INFO     | Behind upstream by 1 commits, merging...
2025-12-07 23:52:23 | WARNING  | Stash pop failed, dropping stash to continue
2025-12-07 23:52:23 | INFO     | Synced with upstream successfully
2025-12-07 23:52:23 | INFO     | Running scraper...
2025-12-07 23:52:24 | INFO     | Found 33 new URLs to scrape
2025-12-07 23:54:21 | INFO     | Daemon stopped by user
2025-12-08 00:19:35 | INFO     | ============================================================
2025-12-08 00:19:35 | INFO     | News Scraper Daemon Starting
2025-12-08 00:19:35 | INFO     | Fork: hk-hack-007/Hong-Kong-Fire-Documentary-i
2025-12-08 00:19:35 | INFO     | Upstream: adminlby/Hong-Kong-Fire-Documentary
2025-12-08 00:19:35 | INFO     | Sync interval: 10 minutes
2025-12-08 00:19:35 | INFO     | PR interval: 60 minutes
2025-12-08 00:19:35 | INFO     | ============================================================
2025-12-08 00:19:47 | INFO     | gh CLI authenticated
2025-12-08 00:19:47 | INFO     | Setting up git remotes...
2025-12-08 00:19:47 | INFO     | Configured origin remote
2025-12-08 00:19:49 | INFO     | gh CLI authenticated
2025-12-08 00:19:49 | INFO     | ----------------------------------------
2025-12-08 00:19:49 | INFO     | Running periodic health check...
2025-12-08 00:19:50 | INFO     | gh CLI authenticated
2025-12-08 00:19:50 | INFO     | Health check passed
2025-12-08 00:19:50 | INFO     | ----------------------------------------
2025-12-08 00:19:50 | INFO     | Starting sync cycle...
2025-12-08 00:19:50 | INFO     | Syncing with upstream...
2025-12-08 00:19:51 | INFO     | Already up to date with upstream
2025-12-08 00:19:51 | INFO     | Running scraper...
2025-12-08 00:19:51 | INFO     | Found 33 new URLs to scrape
2025-12-08 00:19:53 | ERROR    | Scraper error: scrape_with_uc() missing 1 required positional argument: 'config'
2025-12-08 00:19:53 | INFO     | Committing changes...
2025-12-08 00:19:53 | INFO     | Committed: chore(scraper): auto-scrape 2025-12-08 00:19
2025-12-08 00:19:55 | INFO     | Pushed to origin successfully
2025-12-08 00:19:55 | INFO     | Sync cycle complete
2025-12-08 00:19:55 | INFO     | ----------------------------------------
2025-12-08 00:19:55 | INFO     | Starting PR cycle...
2025-12-08 00:19:57 | INFO     | Pushed to origin successfully
2025-12-08 00:19:57 | INFO     | Managing PR...
2025-12-08 00:20:01 | INFO     | Created PR: https://github.com/adminlby/Hong-Kong-Fire-Documentary/pull/8
2025-12-08 00:20:01 | INFO     | Stats reset for new PR cycle
2025-12-08 00:20:01 | INFO     | PR cycle complete
2025-12-08 00:20:01 | INFO     | Run once mode, exiting...
2025-12-08 00:20:01 | ERROR    | Future exception was never retrieved
future: <Future finished exception=TargetClosedError('Target page, context or browser has been closed')>
playwright._impl._errors.TargetClosedError: Target page, context or browser has been closed
2025-12-08 00:20:27 | INFO     | ============================================================
2025-12-08 00:20:27 | INFO     | News Scraper Daemon Starting
2025-12-08 00:20:27 | INFO     | Fork: hk-hack-007/Hong-Kong-Fire-Documentary-i
2025-12-08 00:20:27 | INFO     | Upstream: adminlby/Hong-Kong-Fire-Documentary
2025-12-08 00:20:27 | INFO     | Sync interval: 10 minutes
2025-12-08 00:20:27 | INFO     | PR interval: 60 minutes
2025-12-08 00:20:27 | INFO     | ============================================================
2025-12-08 00:20:27 | INFO     | gh CLI authenticated
2025-12-08 00:20:27 | INFO     | Setting up git remotes...
2025-12-08 00:20:27 | INFO     | Configured origin remote
2025-12-08 00:20:28 | INFO     | gh CLI authenticated
2025-12-08 00:20:28 | INFO     | ----------------------------------------
2025-12-08 00:20:28 | INFO     | Running periodic health check...
2025-12-08 00:20:28 | INFO     | gh CLI authenticated
2025-12-08 00:20:28 | INFO     | Health check passed
2025-12-08 00:20:28 | INFO     | ----------------------------------------
2025-12-08 00:20:28 | INFO     | Starting sync cycle...
2025-12-08 00:20:28 | INFO     | Syncing with upstream...
2025-12-08 00:20:29 | INFO     | Already up to date with upstream
2025-12-08 00:20:29 | INFO     | Running scraper...
2025-12-08 00:20:29 | INFO     | Found 33 new URLs to scrape
2025-12-08 00:20:31 | ERROR    | Scraper error: No module named 'distutils'
2025-12-08 00:20:31 | INFO     | Committing changes...
2025-12-08 00:20:31 | INFO     | Committed: chore(scraper): auto-scrape 2025-12-08 00:20
2025-12-08 00:20:33 | INFO     | Pushed to origin successfully
2025-12-08 00:20:33 | INFO     | Sync cycle complete
2025-12-08 00:20:33 | INFO     | ----------------------------------------
2025-12-08 00:20:33 | INFO     | Starting PR cycle...
2025-12-08 00:20:34 | INFO     | Pushed to origin successfully
2025-12-08 00:20:34 | INFO     | Managing PR...
2025-12-08 00:20:35 | INFO     | PR #8 exists, updating description with fresh stats...
2025-12-08 00:20:39 | INFO     | Updated PR #8 with fresh stats
2025-12-08 00:20:39 | INFO     | PR cycle complete
2025-12-08 00:20:39 | INFO     | Run once mode, exiting...
2025-12-08 00:20:39 | ERROR    | Future exception was never retrieved
future: <Future finished exception=TargetClosedError('Target page, context or browser has been closed')>
playwright._impl._errors.TargetClosedError: Target page, context or browser has been closed
2025-12-08 00:23:01 | INFO     | ============================================================
2025-12-08 00:23:01 | INFO     | News Scraper Daemon Starting
2025-12-08 00:23:01 | INFO     | Fork: hk-hack-007/Hong-Kong-Fire-Documentary-i
2025-12-08 00:23:01 | INFO     | Upstream: adminlby/Hong-Kong-Fire-Documentary
2025-12-08 00:23:01 | INFO     | Sync interval: 10 minutes
2025-12-08 00:23:01 | INFO     | PR interval: 60 minutes
2025-12-08 00:23:01 | INFO     | ============================================================
2025-12-08 00:23:02 | INFO     | gh CLI authenticated
2025-12-08 00:23:02 | INFO     | Setting up git remotes...
2025-12-08 00:23:02 | INFO     | Configured origin remote
2025-12-08 00:23:02 | INFO     | gh CLI authenticated
2025-12-08 00:23:02 | INFO     | ----------------------------------------
2025-12-08 00:23:02 | INFO     | Running periodic health check...
2025-12-08 00:23:03 | INFO     | gh CLI authenticated
2025-12-08 00:23:03 | INFO     | Health check passed
2025-12-08 00:23:03 | INFO     | ----------------------------------------
2025-12-08 00:23:03 | INFO     | Starting sync cycle...
2025-12-08 00:23:03 | INFO     | Syncing with upstream...
2025-12-08 00:23:04 | INFO     | Already up to date with upstream
2025-12-08 00:23:04 | INFO     | Running scraper...
2025-12-08 00:23:04 | INFO     | Found 33 new URLs to scrape
2025-12-08 00:23:11 | INFO     | patching driver executable C:\Users\user\appdata\roaming\undetected_chromedriver\undetected_chromedriver.exe
2025-12-08 00:23:23 | INFO     | patching driver executable C:\Users\user\appdata\roaming\undetected_chromedriver\undetected_chromedriver.exe
2025-12-08 00:23:36 | INFO     | patching driver executable C:\Users\user\appdata\roaming\undetected_chromedriver\undetected_chromedriver.exe
2025-12-08 00:23:37 | INFO     | Daemon stopped by user
2025-12-08 00:23:37 | INFO     | ensuring close
2025-12-08 00:23:37 | INFO     | ensuring close
2025-12-08 00:23:37 | INFO     | ensuring close
2025-12-08 00:23:39 | ERROR    | Task was destroyed but it is pending!
task: <Task cancelling name='Task-1' coro=<run_scraper_async() running at C:\y\Hong-Kong-Fire-Documentary-i\scripts\scrapers\content_scraper\scraper.py:528> wait_for=<Future pending cb=[Task.task_wakeup()]> cb=[gather.<locals>._done_callback() at C:\Users\user\AppData\Local\Programs\Python\Python314\Lib\asyncio\tasks.py:810]>
2025-12-08 00:26:56 | INFO     | ============================================================
2025-12-08 00:26:56 | INFO     | News Scraper Daemon Starting
2025-12-08 00:26:56 | INFO     | Fork: hk-hack-007/Hong-Kong-Fire-Documentary-i
2025-12-08 00:26:56 | INFO     | Upstream: adminlby/Hong-Kong-Fire-Documentary
2025-12-08 00:26:56 | INFO     | Sync interval: 10 minutes
2025-12-08 00:26:56 | INFO     | PR interval: 60 minutes
2025-12-08 00:26:56 | INFO     | ============================================================
2025-12-08 00:27:16 | ERROR    | gh CLI is not authenticated!
2025-12-08 00:27:16 | ERROR    | Please run: gh auth login
2025-12-08 00:30:08 | INFO     | ============================================================
2025-12-08 00:30:08 | INFO     | News Scraper Daemon Starting
2025-12-08 00:30:08 | INFO     | Fork: hk-hack-007/Hong-Kong-Fire-Documentary-i
2025-12-08 00:30:08 | INFO     | Upstream: adminlby/Hong-Kong-Fire-Documentary
2025-12-08 00:30:08 | INFO     | Sync interval: 10 minutes
2025-12-08 00:30:08 | INFO     | PR interval: 60 minutes
2025-12-08 00:30:08 | INFO     | ============================================================
2025-12-08 00:30:08 | INFO     | gh CLI authenticated
2025-12-08 00:30:08 | INFO     | Setting up git remotes...
2025-12-08 00:30:08 | INFO     | Configured origin remote
2025-12-08 00:30:09 | INFO     | gh CLI authenticated
2025-12-08 00:30:09 | INFO     | ----------------------------------------
2025-12-08 00:30:09 | INFO     | Running periodic health check...
2025-12-08 00:30:10 | INFO     | gh CLI authenticated
2025-12-08 00:30:10 | INFO     | Health check passed
2025-12-08 00:30:10 | INFO     | ----------------------------------------
2025-12-08 00:30:10 | INFO     | Starting sync cycle...
2025-12-08 00:30:10 | INFO     | Syncing with upstream...
2025-12-08 00:30:11 | INFO     | Already up to date with upstream
2025-12-08 00:30:11 | INFO     | Running scraper...
2025-12-08 00:30:11 | INFO     | Found 33 new URLs to scrape
2025-12-08 00:30:16 | INFO     | patching driver executable C:\Users\user\appdata\roaming\undetected_chromedriver\undetected_chromedriver.exe
2025-12-08 00:30:28 | INFO     | Daemon stopped by user
2025-12-08 00:30:28 | INFO     | ensuring close
2025-12-08 00:31:06 | INFO     | ============================================================
2025-12-08 00:31:06 | INFO     | News Scraper Daemon Starting
2025-12-08 00:31:06 | INFO     | Fork: hk-hack-007/Hong-Kong-Fire-Documentary-i
2025-12-08 00:31:06 | INFO     | Upstream: adminlby/Hong-Kong-Fire-Documentary
2025-12-08 00:31:06 | INFO     | Sync interval: 10 minutes
2025-12-08 00:31:06 | INFO     | PR interval: 60 minutes
2025-12-08 00:31:06 | INFO     | ============================================================
2025-12-08 00:31:07 | INFO     | gh CLI authenticated
2025-12-08 00:31:07 | INFO     | Setting up git remotes...
2025-12-08 00:31:07 | INFO     | Configured origin remote
2025-12-08 00:31:07 | INFO     | gh CLI authenticated
2025-12-08 00:31:07 | INFO     | ----------------------------------------
2025-12-08 00:31:07 | INFO     | Running periodic health check...
2025-12-08 00:31:08 | INFO     | gh CLI authenticated
2025-12-08 00:31:08 | INFO     | Health check passed
2025-12-08 00:31:08 | INFO     | ----------------------------------------
2025-12-08 00:31:08 | INFO     | Starting sync cycle...
2025-12-08 00:31:08 | INFO     | Syncing with upstream...
2025-12-08 00:31:09 | INFO     | Already up to date with upstream
2025-12-08 00:31:09 | INFO     | Running scraper...
2025-12-08 00:31:09 | INFO     | Found 33 new URLs to scrape
2025-12-08 00:31:13 | INFO     | patching driver executable C:\Users\user\appdata\roaming\undetected_chromedriver\undetected_chromedriver.exe
2025-12-08 00:31:21 | INFO     | Daemon stopped by user
2025-12-08 00:31:21 | INFO     | ensuring close
2025-12-08 19:49:25 | INFO     | ============================================================
2025-12-08 19:49:25 | INFO     | News Scraper Daemon Starting
2025-12-08 19:49:25 | INFO     | Fork: hk-hack-007/Hong-Kong-Fire-Documentary-i
2025-12-08 19:49:25 | INFO     | Upstream: adminlby/Hong-Kong-Fire-Documentary
2025-12-08 19:49:25 | INFO     | Sync interval: 10 minutes
2025-12-08 19:49:25 | INFO     | PR interval: 60 minutes
2025-12-08 19:49:25 | INFO     | ============================================================
2025-12-08 19:49:26 | INFO     | gh CLI authenticated
2025-12-08 19:49:26 | INFO     | Setting up git remotes...
2025-12-08 19:49:26 | INFO     | Configured origin remote
2025-12-08 19:49:27 | INFO     | gh CLI authenticated
2025-12-08 19:49:27 | INFO     | ----------------------------------------
2025-12-08 19:49:27 | INFO     | Running periodic health check...
2025-12-08 19:49:28 | INFO     | gh CLI authenticated
2025-12-08 19:49:28 | INFO     | Health check passed
2025-12-08 19:49:28 | INFO     | ----------------------------------------
2025-12-08 19:49:28 | INFO     | Starting sync cycle...
2025-12-08 19:49:28 | INFO     | Syncing with upstream...
2025-12-08 19:49:29 | INFO     | Already up to date with upstream
2025-12-08 19:49:29 | INFO     | Running scraper...
2025-12-08 19:49:30 | INFO     | Found 4 new URLs to scrape
2025-12-08 19:49:58 | INFO     | patching driver executable C:\Users\user\appdata\roaming\undetected_chromedriver\undetected_chromedriver.exe
2025-12-08 19:50:00 | INFO     | setting properties for headless
2025-12-08 19:50:11 | WARNING  | could not detect version_main.therefore, we are assuming it is chrome 108 or higher
2025-12-08 19:50:12 | INFO     | setting properties for headless
2025-12-08 19:50:20 | WARNING  | could not detect version_main.therefore, we are assuming it is chrome 108 or higher
2025-12-08 19:50:21 | INFO     | setting properties for headless
2025-12-08 19:50:25 | INFO     | Updated cumulative stats: 27 success, 8 failed across 2 cycles
2025-12-08 19:50:25 | INFO     | Scraper results: 0 success, 4 failed
2025-12-08 19:50:25 | INFO     | Committing changes...
2025-12-08 19:50:25 | INFO     | Committed: chore(scraper): auto-scrape 2025-12-08 19:50
2025-12-08 19:50:27 | INFO     | Pushed to origin successfully
2025-12-08 19:50:27 | INFO     | Sync cycle complete
2025-12-08 19:50:27 | INFO     | ----------------------------------------
2025-12-08 19:50:27 | INFO     | Starting PR cycle...
2025-12-08 19:50:29 | INFO     | Pushed to origin successfully
2025-12-08 19:50:29 | INFO     | Managing PR...
2025-12-08 19:50:33 | ERROR    | Failed to create PR: pull request create failed: GraphQL: No commits between adminlby:main and hk-hack-007:main (createPullRequest)

2025-12-08 19:50:33 | INFO     | PR cycle complete
2025-12-08 19:50:33 | INFO     | Run once mode, exiting...
2025-12-08 19:50:33 | INFO     | ensuring close
2025-12-08 19:50:33 | INFO     | ensuring close
2025-12-08 19:50:33 | INFO     | ensuring close
2025-12-08 19:54:48 | INFO     | ============================================================
2025-12-08 20:22:15 | INFO     | ============================================================
2025-12-08 20:22:15 | INFO     | News Scraper Daemon Starting
2025-12-08 20:22:15 | INFO     | Fork: hk-hack-007/Hong-Kong-Fire-Documentary-i
2025-12-08 20:22:15 | INFO     | Upstream: adminlby/Hong-Kong-Fire-Documentary
2025-12-08 20:22:15 | INFO     | Sync interval: 10 minutes
2025-12-08 20:22:15 | INFO     | PR interval: 60 minutes
2025-12-08 20:22:15 | INFO     | ============================================================
2025-12-08 20:22:16 | INFO     | gh CLI authenticated
2025-12-08 20:22:16 | INFO     | Setting up git remotes...
2025-12-08 20:22:16 | INFO     | Configured origin remote
2025-12-08 20:22:16 | INFO     | gh CLI authenticated
2025-12-08 20:22:16 | INFO     | ----------------------------------------
2025-12-08 20:22:16 | INFO     | Running periodic health check...
2025-12-08 20:22:17 | INFO     | gh CLI authenticated
2025-12-08 20:22:17 | INFO     | Health check passed
2025-12-08 20:22:17 | INFO     | ----------------------------------------
2025-12-08 20:22:17 | INFO     | Starting sync cycle...
2025-12-08 20:22:17 | INFO     | Syncing with upstream...
2025-12-08 20:22:18 | INFO     | Already up to date with upstream
2025-12-08 20:22:18 | INFO     | Running scraper...
2025-12-08 20:22:18 | INFO     | Found 5 new URLs to scrape
2025-12-08 20:22:22 | INFO     | patching driver executable C:\Users\user\appdata\roaming\undetected_chromedriver\undetected_chromedriver.exe
2025-12-08 20:22:23 | INFO     | setting properties for headless
2025-12-08 20:22:37 | WARNING  | could not detect version_main.therefore, we are assuming it is chrome 108 or higher
2025-12-08 20:22:38 | INFO     | setting properties for headless
2025-12-08 20:22:45 | WARNING  | could not detect version_main.therefore, we are assuming it is chrome 108 or higher
2025-12-08 20:22:46 | INFO     | Daemon stopped by user
2025-12-08 20:22:46 | INFO     | ensuring close
2025-12-08 20:22:46 | INFO     | ensuring close
2025-12-08 20:22:46 | INFO     | ensuring close
2025-12-08 20:22:46 | ERROR    | Future exception was never retrieved
future: <Future finished exception=TargetClosedError('Target page, context or browser has been closed')>
playwright._impl._errors.TargetClosedError: Target page, context or browser has been closed
2025-12-08 20:22:46 | ERROR    | Future exception was never retrieved
future: <Future finished exception=TargetClosedError('Target page, context or browser has been closed')>
playwright._impl._errors.TargetClosedError: Target page, context or browser has been closed
2025-12-08 20:25:00 | INFO     | ============================================================
2025-12-08 20:25:00 | INFO     | News Scraper Daemon Starting
2025-12-08 20:25:00 | INFO     | Fork: hk-hack-007/Hong-Kong-Fire-Documentary-i
2025-12-08 20:25:00 | INFO     | Upstream: adminlby/Hong-Kong-Fire-Documentary
2025-12-08 20:25:00 | INFO     | Sync interval: 10 minutes
2025-12-08 20:25:00 | INFO     | PR interval: 60 minutes
2025-12-08 20:25:00 | INFO     | ============================================================
2025-12-08 20:25:01 | INFO     | gh CLI authenticated
2025-12-08 20:25:01 | INFO     | Setting up git remotes...
2025-12-08 20:25:01 | INFO     | Configured origin remote
2025-12-08 20:25:01 | INFO     | gh CLI authenticated
2025-12-08 20:25:01 | INFO     | ----------------------------------------
2025-12-08 20:25:01 | INFO     | Running periodic health check...
2025-12-08 20:25:02 | INFO     | gh CLI authenticated
2025-12-08 20:25:02 | INFO     | Health check passed
2025-12-08 20:25:02 | INFO     | ----------------------------------------
2025-12-08 20:25:02 | INFO     | Starting sync cycle...
2025-12-08 20:25:03 | INFO     | Syncing with upstream...
2025-12-08 20:25:03 | INFO     | Already up to date with upstream
2025-12-08 20:25:03 | INFO     | Running scraper...
2025-12-08 20:25:04 | INFO     | Found 5 new URLs to scrape
2025-12-08 20:25:07 | INFO     | patching driver executable C:\Users\user\appdata\roaming\undetected_chromedriver\undetected_chromedriver.exe
2025-12-08 20:25:08 | INFO     | setting properties for headless
2025-12-08 20:25:22 | WARNING  | could not detect version_main.therefore, we are assuming it is chrome 108 or higher
2025-12-08 20:25:23 | INFO     | setting properties for headless
2025-12-08 20:25:30 | WARNING  | could not detect version_main.therefore, we are assuming it is chrome 108 or higher
2025-12-08 20:25:31 | INFO     | setting properties for headless
2025-12-08 20:25:35 | INFO     | Updated cumulative stats: 28 success, 12 failed across 3 cycles
2025-12-08 20:25:35 | INFO     | Scraper results: 1 success, 4 failed
2025-12-08 20:25:35 | INFO     | Committing changes...
2025-12-08 20:25:36 | INFO     | Committed: chore(scraper): auto-scrape 2025-12-08 20:25
2025-12-08 20:25:39 | INFO     | Pushed to origin successfully
2025-12-08 20:25:39 | INFO     | Sync cycle complete
2025-12-08 20:25:39 | INFO     | ----------------------------------------
2025-12-08 20:25:39 | INFO     | Starting PR cycle...
2025-12-08 20:25:40 | INFO     | Pushed to origin successfully
2025-12-08 20:25:40 | INFO     | Managing PR...
2025-12-08 20:25:44 | ERROR    | Failed to create PR: pull request create failed: GraphQL: No commits between adminlby:main and hk-hack-007:main (createPullRequest)

2025-12-08 20:25:44 | INFO     | PR cycle complete
2025-12-08 20:25:44 | INFO     | Run once mode, exiting...
2025-12-08 20:25:44 | INFO     | ensuring close
2025-12-08 20:25:44 | INFO     | ensuring close
2025-12-08 20:25:44 | INFO     | ensuring close
2025-12-09 19:35:00 | INFO     | ============================================================
2025-12-09 19:35:00 | INFO     | News Scraper Daemon Starting
2025-12-09 19:35:00 | INFO     | Fork: hk-hack-007/Hong-Kong-Fire-Documentary-i
2025-12-09 19:35:00 | INFO     | Upstream: adminlby/Hong-Kong-Fire-Documentary
2025-12-09 19:35:00 | INFO     | Sync interval: 10 minutes
2025-12-09 19:35:00 | INFO     | PR interval: 60 minutes
2025-12-09 19:35:00 | INFO     | ============================================================
2025-12-09 19:35:00 | INFO     | gh CLI authenticated
2025-12-09 19:35:00 | INFO     | Setting up git remotes...
2025-12-09 19:35:00 | INFO     | Configured origin remote
2025-12-09 19:35:01 | INFO     | gh CLI authenticated
2025-12-09 19:35:01 | INFO     | ----------------------------------------
2025-12-09 19:35:01 | INFO     | Running periodic health check...
2025-12-09 19:35:01 | INFO     | gh CLI authenticated
2025-12-09 19:35:02 | INFO     | Health check passed
2025-12-09 19:35:02 | INFO     | ----------------------------------------
2025-12-09 19:35:02 | INFO     | Starting sync cycle...
2025-12-09 19:35:02 | INFO     | Syncing with upstream...
2025-12-09 19:35:03 | INFO     | Already up to date with upstream
2025-12-09 19:35:03 | INFO     | Running scraper...
2025-12-09 19:35:03 | INFO     | Found 1114 new URLs to scrape
2025-12-09 19:35:07 | INFO     | patching driver executable C:\Users\user\appdata\roaming\undetected_chromedriver\undetected_chromedriver.exe
2025-12-09 19:35:08 | INFO     | setting properties for headless
2025-12-09 19:35:22 | WARNING  | could not detect version_main.therefore, we are assuming it is chrome 108 or higher
2025-12-09 19:35:23 | INFO     | setting properties for headless
2025-12-09 19:35:25 | WARNING  | could not detect version_main.therefore, we are assuming it is chrome 108 or higher
2025-12-09 19:35:26 | INFO     | setting properties for headless
2025-12-09 19:35:37 | WARNING  | could not detect version_main.therefore, we are assuming it is chrome 108 or higher
2025-12-09 19:35:38 | INFO     | setting properties for headless
2025-12-09 19:35:42 | WARNING  | could not detect version_main.therefore, we are assuming it is chrome 108 or higher
2025-12-09 19:35:43 | INFO     | setting properties for headless
2025-12-09 19:35:57 | WARNING  | could not detect version_main.therefore, we are assuming it is chrome 108 or higher
2025-12-09 19:36:00 | INFO     | setting properties for headless
2025-12-09 19:36:14 | WARNING  | could not detect version_main.therefore, we are assuming it is chrome 108 or higher
2025-12-09 19:36:16 | INFO     | setting properties for headless
2025-12-09 19:36:30 | WARNING  | could not detect version_main.therefore, we are assuming it is chrome 108 or higher
2025-12-09 19:36:31 | INFO     | setting properties for headless
2025-12-09 19:36:47 | WARNING  | could not detect version_main.therefore, we are assuming it is chrome 108 or higher
2025-12-09 19:36:48 | INFO     | setting properties for headless
2025-12-09 19:37:02 | WARNING  | could not detect version_main.therefore, we are assuming it is chrome 108 or higher
2025-12-09 19:37:04 | INFO     | setting properties for headless
2025-12-09 19:37:19 | WARNING  | could not detect version_main.therefore, we are assuming it is chrome 108 or higher
2025-12-09 19:37:20 | INFO     | setting properties for headless
2025-12-09 19:37:34 | WARNING  | could not detect version_main.therefore, we are assuming it is chrome 108 or higher
2025-12-09 19:37:36 | INFO     | setting properties for headless
2025-12-09 19:37:50 | WARNING  | could not detect version_main.therefore, we are assuming it is chrome 108 or higher
2025-12-09 19:37:51 | INFO     | setting properties for headless
2025-12-09 19:38:05 | WARNING  | could not detect version_main.therefore, we are assuming it is chrome 108 or higher
2025-12-09 19:38:07 | INFO     | setting properties for headless
2025-12-09 19:38:21 | WARNING  | could not detect version_main.therefore, we are assuming it is chrome 108 or higher
2025-12-09 19:38:22 | INFO     | setting properties for headless
2025-12-09 19:38:36 | WARNING  | could not detect version_main.therefore, we are assuming it is chrome 108 or higher
2025-12-09 19:38:37 | INFO     | setting properties for headless
2025-12-09 19:38:50 | WARNING  | could not detect version_main.therefore, we are assuming it is chrome 108 or higher
2025-12-09 19:38:52 | INFO     | setting properties for headless
2025-12-09 19:39:06 | WARNING  | could not detect version_main.therefore, we are assuming it is chrome 108 or higher
2025-12-09 19:39:07 | INFO     | setting properties for headless
2025-12-09 19:39:21 | WARNING  | could not detect version_main.therefore, we are assuming it is chrome 108 or higher
2025-12-09 19:39:22 | INFO     | setting properties for headless
2025-12-09 19:39:36 | WARNING  | could not detect version_main.therefore, we are assuming it is chrome 108 or higher
2025-12-09 19:39:38 | INFO     | setting properties for headless
2025-12-09 19:39:52 | WARNING  | could not detect version_main.therefore, we are assuming it is chrome 108 or higher
2025-12-09 19:39:53 | INFO     | setting properties for headless
2025-12-09 19:40:07 | WARNING  | could not detect version_main.therefore, we are assuming it is chrome 108 or higher
2025-12-09 19:40:08 | INFO     | setting properties for headless
2025-12-09 19:40:25 | WARNING  | could not detect version_main.therefore, we are assuming it is chrome 108 or higher
2025-12-09 19:40:26 | INFO     | setting properties for headless
2025-12-09 19:40:40 | WARNING  | could not detect version_main.therefore, we are assuming it is chrome 108 or higher
2025-12-09 19:40:42 | INFO     | setting properties for headless
2025-12-09 19:40:56 | WARNING  | could not detect version_main.therefore, we are assuming it is chrome 108 or higher
2025-12-09 19:40:57 | INFO     | setting properties for headless
2025-12-09 19:41:11 | WARNING  | could not detect version_main.therefore, we are assuming it is chrome 108 or higher
2025-12-09 19:41:12 | INFO     | setting properties for headless
2025-12-09 19:41:26 | WARNING  | could not detect version_main.therefore, we are assuming it is chrome 108 or higher
2025-12-09 19:41:27 | INFO     | setting properties for headless
2025-12-09 19:41:42 | WARNING  | could not detect version_main.therefore, we are assuming it is chrome 108 or higher
2025-12-09 19:41:43 | INFO     | setting properties for headless
2025-12-09 19:41:57 | WARNING  | could not detect version_main.therefore, we are assuming it is chrome 108 or higher
2025-12-09 19:41:58 | INFO     | setting properties for headless
2025-12-09 19:42:12 | WARNING  | could not detect version_main.therefore, we are assuming it is chrome 108 or higher
2025-12-09 19:42:13 | INFO     | setting properties for headless
2025-12-09 19:42:27 | WARNING  | could not detect version_main.therefore, we are assuming it is chrome 108 or higher
2025-12-09 19:42:28 | INFO     | setting properties for headless
2025-12-09 19:42:42 | WARNING  | could not detect version_main.therefore, we are assuming it is chrome 108 or higher
2025-12-09 19:42:43 | INFO     | setting properties for headless
2025-12-09 19:42:57 | WARNING  | could not detect version_main.therefore, we are assuming it is chrome 108 or higher
2025-12-09 19:42:59 | INFO     | setting properties for headless
2025-12-09 19:43:13 | WARNING  | could not detect version_main.therefore, we are assuming it is chrome 108 or higher
2025-12-09 19:43:14 | INFO     | setting properties for headless
2025-12-09 19:43:28 | WARNING  | could not detect version_main.therefore, we are assuming it is chrome 108 or higher
2025-12-09 19:43:29 | INFO     | setting properties for headless
2025-12-09 19:43:43 | WARNING  | could not detect version_main.therefore, we are assuming it is chrome 108 or higher
2025-12-09 19:43:44 | INFO     | setting properties for headless
2025-12-09 20:13:44 | ERROR    | Scraper error: BrowserContext.new_page: Target page, context or browser has been closed
2025-12-09 20:13:44 | INFO     | Committing changes...
2025-12-09 20:13:54 | INFO     | Committed: chore(scraper): auto-scrape 2025-12-09 20:13
2025-12-09 20:14:33 | INFO     | Pushed to origin successfully
2025-12-09 20:14:33 | INFO     | Sync cycle complete
2025-12-09 20:14:33 | INFO     | ----------------------------------------
2025-12-09 20:14:33 | INFO     | Starting PR cycle...
2025-12-09 20:14:34 | INFO     | Pushed to origin successfully
2025-12-09 20:14:34 | INFO     | Managing PR...
2025-12-09 20:14:39 | ERROR    | Failed to create PR: pull request create failed: GraphQL: No commits between adminlby:main and hk-hack-007:main (createPullRequest)

2025-12-09 20:14:39 | INFO     | PR cycle complete
2025-12-09 20:14:39 | INFO     | Run once mode, exiting...
2025-12-09 20:14:39 | INFO     | ensuring close
2025-12-09 20:14:39 | INFO     | ensuring close
2025-12-09 20:14:39 | INFO     | ensuring close
2025-12-09 20:14:39 | INFO     | ensuring close
2025-12-09 20:14:39 | INFO     | ensuring close
2025-12-09 20:14:39 | INFO     | ensuring close
2025-12-09 20:14:39 | INFO     | ensuring close
2025-12-09 20:14:39 | INFO     | ensuring close
2025-12-09 20:14:39 | INFO     | ensuring close
2025-12-09 20:14:39 | INFO     | ensuring close
2025-12-09 20:14:39 | INFO     | ensuring close
2025-12-09 20:14:39 | INFO     | ensuring close
2025-12-09 20:14:39 | INFO     | ensuring close
2025-12-09 20:14:39 | INFO     | ensuring close
2025-12-09 20:14:39 | INFO     | ensuring close
2025-12-09 20:14:39 | INFO     | ensuring close
2025-12-09 20:14:39 | INFO     | ensuring close
2025-12-09 20:14:39 | INFO     | ensuring close
2025-12-09 20:14:39 | INFO     | ensuring close
2025-12-09 20:14:39 | INFO     | ensuring close
2025-12-09 20:14:39 | INFO     | ensuring close
2025-12-09 20:14:39 | INFO     | ensuring close
2025-12-09 20:14:39 | INFO     | ensuring close
2025-12-09 20:14:39 | INFO     | ensuring close
2025-12-09 20:14:39 | INFO     | ensuring close
2025-12-09 20:14:39 | INFO     | ensuring close
2025-12-09 20:14:39 | INFO     | ensuring close
2025-12-09 20:14:39 | INFO     | ensuring close
2025-12-09 20:14:39 | INFO     | ensuring close
2025-12-09 20:14:39 | INFO     | ensuring close
2025-12-09 20:14:39 | INFO     | ensuring close
2025-12-09 20:14:39 | INFO     | ensuring close
2025-12-09 20:14:39 | INFO     | ensuring close
2025-12-09 20:14:39 | INFO     | ensuring close
2025-12-09 20:14:39 | INFO     | ensuring close
2025-12-09 20:14:39 | INFO     | ensuring close
2025-12-09 20:14:48 | INFO     | ============================================================
2025-12-09 20:14:48 | INFO     | News Scraper Daemon Starting
2025-12-09 20:14:48 | INFO     | Fork: hk-hack-007/Hong-Kong-Fire-Documentary-i
2025-12-09 20:14:48 | INFO     | Upstream: adminlby/Hong-Kong-Fire-Documentary
2025-12-09 20:14:48 | INFO     | Sync interval: 10 minutes
2025-12-09 20:14:48 | INFO     | PR interval: 60 minutes
2025-12-09 20:14:48 | INFO     | ============================================================
2025-12-09 20:14:49 | INFO     | gh CLI authenticated
2025-12-09 20:14:49 | INFO     | Setting up git remotes...
2025-12-09 20:14:49 | INFO     | Configured origin remote
2025-12-09 20:14:49 | INFO     | gh CLI authenticated
2025-12-09 20:14:49 | INFO     | ----------------------------------------
2025-12-09 20:14:49 | INFO     | Running periodic health check...
2025-12-09 20:14:50 | INFO     | gh CLI authenticated
2025-12-09 20:14:50 | INFO     | Health check passed
2025-12-09 20:14:50 | INFO     | ----------------------------------------
2025-12-09 20:14:50 | INFO     | Starting sync cycle...
2025-12-09 20:14:50 | INFO     | Syncing with upstream...
2025-12-09 20:14:51 | INFO     | Already up to date with upstream
2025-12-09 20:14:51 | INFO     | Running scraper...
2025-12-09 20:14:52 | INFO     | Found 663 new URLs to scrape
2025-12-09 20:15:16 | INFO     | Daemon stopped by user
2025-12-09 20:15:16 | INFO     | ensuring close
2025-12-09 20:15:17 | ERROR    | Task was destroyed but it is pending!
task: <Task cancelling name='Task-1' coro=<run_scraper_async() running at C:\y\Hong-Kong-Fire-Documentary-i\scripts\scrapers\content_scraper\scraper.py:533> wait_for=<Future pending cb=[Task.task_wakeup()]> cb=[gather.<locals>._done_callback() at C:\Users\user\AppData\Local\Programs\Python\Python314\Lib\asyncio\tasks.py:810]>
2025-12-09 20:20:34 | INFO     | ============================================================
2025-12-09 20:20:34 | INFO     | News Scraper Daemon Starting
2025-12-09 20:20:34 | INFO     | Fork: hk-hack-007/Hong-Kong-Fire-Documentary-i
2025-12-09 20:20:34 | INFO     | Upstream: adminlby/Hong-Kong-Fire-Documentary
2025-12-09 20:20:34 | INFO     | Sync interval: 10 minutes
2025-12-09 20:20:34 | INFO     | PR interval: 60 minutes
2025-12-09 20:20:34 | INFO     | ============================================================
2025-12-09 20:20:34 | INFO     | gh CLI authenticated
2025-12-09 20:20:34 | INFO     | Setting up git remotes...
2025-12-09 20:20:34 | INFO     | Configured origin remote
2025-12-09 20:20:35 | INFO     | gh CLI authenticated
2025-12-09 20:20:35 | INFO     | ----------------------------------------
2025-12-09 20:20:35 | INFO     | Running periodic health check...
2025-12-09 20:20:35 | INFO     | gh CLI authenticated
2025-12-09 20:20:36 | INFO     | Health check passed
2025-12-09 20:20:36 | INFO     | ----------------------------------------
2025-12-09 20:20:36 | INFO     | Starting sync cycle...
2025-12-09 20:20:36 | INFO     | Syncing with upstream...
2025-12-09 20:20:36 | INFO     | Already up to date with upstream
2025-12-09 20:20:36 | INFO     | Running scraper...
2025-12-09 20:20:37 | INFO     | Found 655 new URLs to scrape
2025-12-09 20:20:41 | INFO     | patching driver executable C:\Users\user\appdata\roaming\undetected_chromedriver\undetected_chromedriver.exe
2025-12-09 20:20:42 | INFO     | setting properties for headless
2025-12-09 20:20:57 | WARNING  | could not detect version_main.therefore, we are assuming it is chrome 108 or higher
2025-12-09 20:20:58 | INFO     | setting properties for headless
2025-12-09 20:21:01 | WARNING  | could not detect version_main.therefore, we are assuming it is chrome 108 or higher
2025-12-09 20:21:02 | INFO     | setting properties for headless
2025-12-09 20:21:05 | WARNING  | could not detect version_main.therefore, we are assuming it is chrome 108 or higher
2025-12-09 20:21:06 | INFO     | setting properties for headless
2025-12-09 20:21:09 | WARNING  | could not detect version_main.therefore, we are assuming it is chrome 108 or higher
2025-12-09 20:21:10 | INFO     | setting properties for headless
2025-12-09 20:21:21 | WARNING  | could not detect version_main.therefore, we are assuming it is chrome 108 or higher
2025-12-09 20:21:22 | INFO     | setting properties for headless
2025-12-09 20:21:24 | WARNING  | could not detect version_main.therefore, we are assuming it is chrome 108 or higher
2025-12-09 20:21:26 | INFO     | setting properties for headless
2025-12-09 20:21:29 | WARNING  | could not detect version_main.therefore, we are assuming it is chrome 108 or higher
2025-12-09 20:21:31 | INFO     | setting properties for headless
2025-12-09 20:21:35 | WARNING  | could not detect version_main.therefore, we are assuming it is chrome 108 or higher
2025-12-09 20:21:37 | INFO     | setting properties for headless
2025-12-09 20:21:50 | WARNING  | could not detect version_main.therefore, we are assuming it is chrome 108 or higher
2025-12-09 20:21:51 | INFO     | setting properties for headless
2025-12-09 20:21:54 | WARNING  | could not detect version_main.therefore, we are assuming it is chrome 108 or higher
2025-12-09 20:21:56 | INFO     | setting properties for headless
2025-12-09 20:22:00 | WARNING  | could not detect version_main.therefore, we are assuming it is chrome 108 or higher
2025-12-09 20:22:01 | INFO     | setting properties for headless
2025-12-09 20:22:06 | WARNING  | could not detect version_main.therefore, we are assuming it is chrome 108 or higher
2025-12-09 20:22:07 | INFO     | setting properties for headless
2025-12-09 20:22:12 | WARNING  | could not detect version_main.therefore, we are assuming it is chrome 108 or higher
2025-12-09 20:22:13 | INFO     | setting properties for headless
2025-12-09 20:22:17 | WARNING  | could not detect version_main.therefore, we are assuming it is chrome 108 or higher
2025-12-09 20:22:19 | INFO     | setting properties for headless
2025-12-09 20:22:22 | WARNING  | could not detect version_main.therefore, we are assuming it is chrome 108 or higher
2025-12-09 20:22:23 | INFO     | setting properties for headless
2025-12-09 20:22:28 | WARNING  | could not detect version_main.therefore, we are assuming it is chrome 108 or higher
2025-12-09 20:22:29 | INFO     | setting properties for headless
2025-12-09 20:22:35 | WARNING  | could not detect version_main.therefore, we are assuming it is chrome 108 or higher
2025-12-09 20:22:36 | INFO     | setting properties for headless
2025-12-09 20:22:41 | WARNING  | could not detect version_main.therefore, we are assuming it is chrome 108 or higher
2025-12-09 20:22:43 | INFO     | setting properties for headless
2025-12-09 20:22:47 | WARNING  | could not detect version_main.therefore, we are assuming it is chrome 108 or higher
2025-12-09 20:22:48 | INFO     | setting properties for headless
2025-12-09 20:22:53 | WARNING  | could not detect version_main.therefore, we are assuming it is chrome 108 or higher
2025-12-09 20:22:54 | INFO     | setting properties for headless
2025-12-09 20:22:58 | WARNING  | could not detect version_main.therefore, we are assuming it is chrome 108 or higher
2025-12-09 20:23:00 | INFO     | setting properties for headless
2025-12-09 20:23:06 | WARNING  | could not detect version_main.therefore, we are assuming it is chrome 108 or higher
2025-12-09 20:23:07 | INFO     | setting properties for headless
2025-12-09 20:23:09 | WARNING  | could not detect version_main.therefore, we are assuming it is chrome 108 or higher
2025-12-09 20:23:11 | INFO     | setting properties for headless
2025-12-09 20:25:00 | WARNING  | could not detect version_main.therefore, we are assuming it is chrome 108 or higher
2025-12-09 20:25:02 | INFO     | setting properties for headless
2025-12-09 20:25:07 | WARNING  | could not detect version_main.therefore, we are assuming it is chrome 108 or higher
2025-12-09 20:25:08 | INFO     | setting properties for headless
2025-12-09 20:25:11 | ERROR    | Scraper error: BrowserContext.close: Target page, context or browser has been closed
2025-12-09 20:25:12 | INFO     | Committing changes...
2025-12-09 20:25:12 | INFO     | Committed: chore(scraper): auto-scrape 2025-12-09 20:25
2025-12-09 20:25:15 | INFO     | Pushed to origin successfully
2025-12-09 20:25:15 | INFO     | Sync cycle complete
2025-12-09 20:25:15 | INFO     | ----------------------------------------
2025-12-09 20:25:15 | INFO     | Starting PR cycle...
2025-12-09 20:25:16 | INFO     | Pushed to origin successfully
2025-12-09 20:25:16 | INFO     | Managing PR...
2025-12-09 20:25:21 | ERROR    | Failed to create PR: pull request create failed: GraphQL: No commits between adminlby:main and hk-hack-007:main (createPullRequest)

2025-12-09 20:25:21 | INFO     | PR cycle complete
2025-12-09 20:25:21 | INFO     | Run once mode, exiting...
2025-12-09 20:25:21 | INFO     | ensuring close
2025-12-09 20:25:21 | INFO     | ensuring close
2025-12-09 20:25:21 | INFO     | ensuring close
2025-12-09 20:25:21 | INFO     | ensuring close
2025-12-09 20:25:21 | INFO     | ensuring close
2025-12-09 20:25:21 | INFO     | ensuring close
2025-12-09 20:25:21 | INFO     | ensuring close
2025-12-09 20:25:21 | INFO     | ensuring close
2025-12-09 20:25:21 | INFO     | ensuring close
2025-12-09 20:25:21 | INFO     | ensuring close
2025-12-09 20:25:21 | INFO     | ensuring close
2025-12-09 20:25:21 | INFO     | ensuring close
2025-12-09 20:25:21 | INFO     | ensuring close
2025-12-09 20:25:21 | INFO     | ensuring close
2025-12-09 20:25:21 | INFO     | ensuring close
2025-12-09 20:25:21 | INFO     | ensuring close
2025-12-09 20:25:21 | INFO     | ensuring close
2025-12-09 20:25:21 | INFO     | ensuring close
2025-12-09 20:25:21 | INFO     | ensuring close
2025-12-09 20:25:21 | INFO     | ensuring close
2025-12-09 20:25:21 | INFO     | ensuring close
2025-12-09 20:25:21 | INFO     | ensuring close
2025-12-09 20:25:21 | INFO     | ensuring close
2025-12-09 20:25:21 | INFO     | ensuring close
2025-12-09 20:25:21 | INFO     | ensuring close
2025-12-09 20:25:21 | INFO     | ensuring close
2025-12-09 20:25:25 | INFO     | ============================================================
2025-12-09 20:25:25 | INFO     | News Scraper Daemon Starting
2025-12-09 20:25:25 | INFO     | Fork: hk-hack-007/Hong-Kong-Fire-Documentary-i
2025-12-09 20:25:25 | INFO     | Upstream: adminlby/Hong-Kong-Fire-Documentary
2025-12-09 20:25:25 | INFO     | Sync interval: 10 minutes
2025-12-09 20:25:25 | INFO     | PR interval: 60 minutes
2025-12-09 20:25:25 | INFO     | ============================================================
2025-12-09 20:25:25 | INFO     | gh CLI authenticated
2025-12-09 20:25:25 | INFO     | Setting up git remotes...
2025-12-09 20:25:26 | INFO     | Configured origin remote
2025-12-09 20:25:26 | INFO     | gh CLI authenticated
2025-12-09 20:25:26 | INFO     | ----------------------------------------
2025-12-09 20:25:26 | INFO     | Running periodic health check...
2025-12-09 20:25:27 | INFO     | gh CLI authenticated
2025-12-09 20:25:27 | INFO     | Health check passed
2025-12-09 20:25:27 | INFO     | ----------------------------------------
2025-12-09 20:25:27 | INFO     | Starting sync cycle...
2025-12-09 20:25:27 | INFO     | Syncing with upstream...
2025-12-09 20:25:28 | INFO     | Already up to date with upstream
2025-12-09 20:25:28 | INFO     | Running scraper...
2025-12-09 20:25:28 | INFO     | Found 644 new URLs to scrape
2025-12-09 20:25:32 | INFO     | patching driver executable C:\Users\user\appdata\roaming\undetected_chromedriver\undetected_chromedriver.exe
2025-12-09 20:25:34 | INFO     | setting properties for headless
2025-12-09 20:25:50 | WARNING  | could not detect version_main.therefore, we are assuming it is chrome 108 or higher
2025-12-09 20:25:51 | INFO     | setting properties for headless
2025-12-09 20:25:54 | WARNING  | could not detect version_main.therefore, we are assuming it is chrome 108 or higher
2025-12-09 20:25:55 | INFO     | setting properties for headless
2025-12-09 20:26:07 | WARNING  | could not detect version_main.therefore, we are assuming it is chrome 108 or higher
2025-12-09 20:26:08 | INFO     | setting properties for headless
2025-12-09 20:26:15 | WARNING  | could not detect version_main.therefore, we are assuming it is chrome 108 or higher
2025-12-09 20:26:15 | INFO     | setting properties for headless
2025-12-09 20:26:22 | WARNING  | could not detect version_main.therefore, we are assuming it is chrome 108 or higher
2025-12-09 20:26:23 | INFO     | setting properties for headless
2025-12-09 20:26:29 | WARNING  | could not detect version_main.therefore, we are assuming it is chrome 108 or higher
2025-12-09 20:26:30 | INFO     | setting properties for headless
2025-12-09 20:26:36 | WARNING  | could not detect version_main.therefore, we are assuming it is chrome 108 or higher
2025-12-09 20:26:37 | INFO     | setting properties for headless
2025-12-09 20:26:44 | WARNING  | could not detect version_main.therefore, we are assuming it is chrome 108 or higher
2025-12-09 20:26:45 | INFO     | setting properties for headless
2025-12-09 20:26:54 | WARNING  | could not detect version_main.therefore, we are assuming it is chrome 108 or higher
2025-12-09 20:26:55 | INFO     | setting properties for headless
2025-12-09 20:27:01 | WARNING  | could not detect version_main.therefore, we are assuming it is chrome 108 or higher
2025-12-09 20:27:03 | INFO     | setting properties for headless
2025-12-09 20:27:10 | WARNING  | could not detect version_main.therefore, we are assuming it is chrome 108 or higher
2025-12-09 20:27:11 | INFO     | setting properties for headless
2025-12-09 20:27:16 | WARNING  | could not detect version_main.therefore, we are assuming it is chrome 108 or higher
2025-12-09 20:27:18 | INFO     | setting properties for headless
2025-12-09 20:27:25 | WARNING  | could not detect version_main.therefore, we are assuming it is chrome 108 or higher
2025-12-09 20:27:26 | INFO     | setting properties for headless
2025-12-09 20:27:34 | WARNING  | could not detect version_main.therefore, we are assuming it is chrome 108 or higher
2025-12-09 20:27:35 | INFO     | setting properties for headless
2025-12-09 20:27:42 | WARNING  | could not detect version_main.therefore, we are assuming it is chrome 108 or higher
2025-12-09 20:27:43 | INFO     | setting properties for headless
2025-12-09 20:27:53 | WARNING  | could not detect version_main.therefore, we are assuming it is chrome 108 or higher
2025-12-09 20:27:54 | INFO     | setting properties for headless
2025-12-09 21:39:50 | INFO     | Updated cumulative stats: 654 success, 30 failed across 4 cycles
2025-12-09 21:39:50 | INFO     | Scraper results: 626 success, 18 failed
2025-12-09 21:39:51 | INFO     | Committing changes...
2025-12-09 21:40:18 | INFO     | Committed: chore(scraper): auto-scrape 2025-12-09 21:40
2025-12-09 21:40:31 | INFO     | Pushed to origin successfully
2025-12-09 21:40:31 | INFO     | Sync cycle complete
2025-12-09 21:40:31 | INFO     | ----------------------------------------
2025-12-09 21:40:31 | INFO     | Starting PR cycle...
2025-12-09 21:40:32 | INFO     | Pushed to origin successfully
2025-12-09 21:40:32 | INFO     | Managing PR...
2025-12-09 21:40:35 | ERROR    | Failed to create PR: pull request create failed: GraphQL: No commits between adminlby:main and hk-hack-007:main (createPullRequest)

2025-12-09 21:40:35 | INFO     | PR cycle complete
2025-12-09 21:40:35 | INFO     | Run once mode, exiting...
2025-12-09 21:40:35 | INFO     | ensuring close
2025-12-09 21:40:35 | INFO     | ensuring close
2025-12-09 21:40:35 | INFO     | ensuring close
2025-12-09 21:40:35 | INFO     | ensuring close
2025-12-09 21:40:35 | INFO     | ensuring close
2025-12-09 21:40:35 | INFO     | ensuring close
2025-12-09 21:40:35 | INFO     | ensuring close
2025-12-09 21:40:35 | INFO     | ensuring close
2025-12-09 21:40:35 | INFO     | ensuring close
2025-12-09 21:40:35 | INFO     | ensuring close
2025-12-09 21:40:35 | INFO     | ensuring close
2025-12-09 21:40:35 | INFO     | ensuring close
2025-12-09 21:40:35 | INFO     | ensuring close
2025-12-09 21:40:35 | INFO     | ensuring close
2025-12-09 21:40:35 | INFO     | ensuring close
2025-12-09 21:40:35 | INFO     | ensuring close
2025-12-09 21:40:35 | INFO     | ensuring close2025-12-10 19:29:03 | INFO     | ============================================================
2025-12-10 19:29:03 | INFO     | News Scraper Daemon Starting
2025-12-10 19:29:03 | INFO     | Fork: hk-hack-007/Hong-Kong-Fire-Documentary-i
2025-12-10 19:29:03 | INFO     | Upstream: adminlby/Hong-Kong-Fire-Documentary
2025-12-10 19:29:03 | INFO     | Sync interval: 10 minutes
2025-12-10 19:29:03 | INFO     | PR interval: 60 minutes
2025-12-10 19:29:03 | INFO     | ============================================================
2025-12-10 19:29:04 | INFO     | gh CLI authenticated
2025-12-10 19:29:04 | INFO     | Setting up git remotes...
2025-12-10 19:29:04 | INFO     | Configured origin remote
2025-12-10 19:29:05 | INFO     | gh CLI authenticated
2025-12-10 19:29:05 | INFO     | ----------------------------------------
2025-12-10 19:29:05 | INFO     | Running periodic health check...
2025-12-10 19:29:06 | INFO     | gh CLI authenticated
2025-12-10 19:29:06 | INFO     | Health check passed
2025-12-10 19:29:06 | INFO     | ----------------------------------------
2025-12-10 19:29:06 | INFO     | Starting sync cycle...
2025-12-10 19:29:06 | INFO     | Syncing with upstream...
2025-12-10 19:29:07 | INFO     | Already up to date with upstream
2025-12-10 19:29:07 | INFO     | Running scraper...
2025-12-10 19:29:08 | INFO     | Found 130 new URLs to scrape
2025-12-10 19:29:48 | INFO     | patching driver executable C:\Users\user\appdata\roaming\undetected_chromedriver\undetected_chromedriver.exe
2025-12-10 19:29:50 | INFO     | setting properties for headless
2025-12-10 19:30:04 | WARNING  | could not detect version_main.therefore, we are assuming it is chrome 108 or higher
2025-12-10 19:30:05 | INFO     | setting properties for headless
2025-12-10 19:30:09 | WARNING  | could not detect version_main.therefore, we are assuming it is chrome 108 or higher
2025-12-10 19:30:10 | INFO     | setting properties for headless
2025-12-10 19:30:24 | WARNING  | could not detect version_main.therefore, we are assuming it is chrome 108 or higher
2025-12-10 19:30:25 | INFO     | setting properties for headless
2025-12-10 19:30:28 | WARNING  | could not detect version_main.therefore, we are assuming it is chrome 108 or higher
2025-12-10 19:30:29 | INFO     | setting properties for headless
2025-12-10 19:30:33 | WARNING  | could not detect version_main.therefore, we are assuming it is chrome 108 or higher
2025-12-10 19:30:34 | INFO     | setting properties for headless
2025-12-10 19:30:37 | WARNING  | could not detect version_main.therefore, we are assuming it is chrome 108 or higher
2025-12-10 19:30:38 | INFO     | setting properties for headless
2025-12-10 19:30:46 | WARNING  | could not detect version_main.therefore, we are assuming it is chrome 108 or higher
2025-12-10 19:30:47 | INFO     | setting properties for headless
2025-12-10 19:30:58 | WARNING  | could not detect version_main.therefore, we are assuming it is chrome 108 or higher
2025-12-10 19:30:59 | INFO     | setting properties for headless
2025-12-10 19:31:06 | WARNING  | could not detect version_main.therefore, we are assuming it is chrome 108 or higher
2025-12-10 19:31:08 | INFO     | setting properties for headless
2025-12-10 19:31:13 | WARNING  | could not detect version_main.therefore, we are assuming it is chrome 108 or higher
2025-12-10 19:31:15 | INFO     | setting properties for headless
2025-12-10 19:31:19 | WARNING  | could not detect version_main.therefore, we are assuming it is chrome 108 or higher
2025-12-10 19:31:21 | INFO     | setting properties for headless
2025-12-10 19:31:27 | WARNING  | could not detect version_main.therefore, we are assuming it is chrome 108 or higher
2025-12-10 19:31:29 | INFO     | setting properties for headless
2025-12-10 19:31:33 | WARNING  | could not detect version_main.therefore, we are assuming it is chrome 108 or higher
2025-12-10 19:31:35 | INFO     | setting properties for headless
2025-12-10 19:31:42 | WARNING  | could not detect version_main.therefore, we are assuming it is chrome 108 or higher
2025-12-10 19:31:45 | INFO     | setting properties for headless
2025-12-10 19:31:57 | WARNING  | could not detect version_main.therefore, we are assuming it is chrome 108 or higher
2025-12-10 19:31:59 | INFO     | setting properties for headless
2025-12-10 19:32:15 | WARNING  | could not detect version_main.therefore, we are assuming it is chrome 108 or higher
2025-12-10 19:32:17 | INFO     | setting properties for headless
2025-12-10 19:32:28 | WARNING  | could not detect version_main.therefore, we are assuming it is chrome 108 or higher
2025-12-10 19:32:30 | INFO     | setting properties for headless
2025-12-10 19:32:38 | WARNING  | could not detect version_main.therefore, we are assuming it is chrome 108 or higher
2025-12-10 19:32:42 | INFO     | setting properties for headless
2025-12-10 19:32:51 | WARNING  | could not detect version_main.therefore, we are assuming it is chrome 108 or higher
2025-12-10 19:32:53 | INFO     | setting properties for headless
2025-12-10 19:33:04 | WARNING  | could not detect version_main.therefore, we are assuming it is chrome 108 or higher
2025-12-10 19:33:06 | INFO     | setting properties for headless
2025-12-10 19:33:21 | WARNING  | could not detect version_main.therefore, we are assuming it is chrome 108 or higher
2025-12-10 19:33:22 | INFO     | setting properties for headless
2025-12-10 19:33:32 | WARNING  | could not detect version_main.therefore, we are assuming it is chrome 108 or higher
2025-12-10 19:33:34 | INFO     | setting properties for headless
2025-12-10 19:33:49 | WARNING  | could not detect version_main.therefore, we are assuming it is chrome 108 or higher
2025-12-10 19:33:51 | INFO     | setting properties for headless
2025-12-10 19:34:16 | WARNING  | could not detect version_main.therefore, we are assuming it is chrome 108 or higher
2025-12-10 19:34:18 | INFO     | setting properties for headless
2025-12-10 19:34:43 | WARNING  | could not detect version_main.therefore, we are assuming it is chrome 108 or higher
2025-12-10 19:34:45 | INFO     | setting properties for headless
2025-12-10 19:34:58 | WARNING  | could not detect version_main.therefore, we are assuming it is chrome 108 or higher
2025-12-10 19:35:03 | INFO     | setting properties for headless
2025-12-10 19:36:00 | WARNING  | could not detect version_main.therefore, we are assuming it is chrome 108 or higher
2025-12-10 19:36:03 | INFO     | setting properties for headless
2025-12-10 19:36:17 | WARNING  | could not detect version_main.therefore, we are assuming it is chrome 108 or higher
2025-12-10 19:36:26 | INFO     | setting properties for headless
2025-12-10 19:36:40 | WARNING  | could not detect version_main.therefore, we are assuming it is chrome 108 or higher
2025-12-10 19:36:42 | INFO     | setting properties for headless
2025-12-10 19:37:00 | WARNING  | could not detect version_main.therefore, we are assuming it is chrome 108 or higher
2025-12-10 19:37:06 | INFO     | setting properties for headless
2025-12-10 19:37:16 | WARNING  | could not detect version_main.therefore, we are assuming it is chrome 108 or higher
2025-12-10 19:37:23 | INFO     | setting properties for headless
2025-12-10 19:37:41 | WARNING  | could not detect version_main.therefore, we are assuming it is chrome 108 or higher
2025-12-10 19:37:49 | INFO     | setting properties for headless
2025-12-10 19:38:19 | WARNING  | could not detect version_main.therefore, we are assuming it is chrome 108 or higher
2025-12-10 19:39:02 | INFO     | setting properties for headless
2025-12-10 19:39:37 | WARNING  | could not detect version_main.therefore, we are assuming it is chrome 108 or higher
2025-12-10 19:40:20 | INFO     | setting properties for headless
2025-12-10 19:42:50 | WARNING  | could not detect version_main.therefore, we are assuming it is chrome 108 or higher
2025-12-10 19:43:16 | INFO     | setting properties for headless
2025-12-10 19:57:28 | INFO     | Updated cumulative stats: 752 success, 62 failed across 5 cycles
2025-12-10 19:57:28 | INFO     | Scraper results: 98 success, 32 failed
2025-12-10 19:57:29 | INFO     | Committing changes...
2025-12-10 19:57:33 | INFO     | Committed: chore(scraper): auto-scrape 2025-12-10 19:57
2025-12-10 19:57:46 | INFO     | Pushed to origin successfully
2025-12-10 19:57:46 | INFO     | Sync cycle complete
2025-12-10 19:57:46 | INFO     | ----------------------------------------
2025-12-10 19:57:46 | INFO     | Starting PR cycle...
2025-12-10 19:57:48 | INFO     | Pushed to origin successfully
2025-12-10 19:57:48 | INFO     | Managing PR...
2025-12-10 19:57:53 | ERROR    | Failed to create PR: pull request create failed: GraphQL: No commits between adminlby:main and hk-hack-007:main (createPullRequest)

2025-12-10 19:57:53 | INFO     | PR cycle complete
2025-12-10 19:57:53 | INFO     | Run once mode, exiting...
2025-12-10 19:57:53 | INFO     | ensuring close
2025-12-10 19:57:53 | INFO     | ensuring close
2025-12-10 19:57:53 | INFO     | ensuring close
2025-12-10 19:57:53 | INFO     | ensuring close
2025-12-10 19:57:53 | INFO     | ensuring close
2025-12-10 19:57:53 | INFO     | ensuring close
2025-12-10 19:57:53 | INFO     | ensuring close
2025-12-10 19:57:53 | INFO     | ensuring close
2025-12-10 19:57:53 | INFO     | ensuring close
2025-12-10 19:57:54 | INFO     | ensuring close
2025-12-10 19:57:54 | INFO     | ensuring close
2025-12-10 19:57:54 | INFO     | ensuring close
2025-12-10 19:57:54 | INFO     | ensuring close
2025-12-10 19:57:54 | INFO     | ensuring close
2025-12-10 19:57:54 | INFO     | ensuring close
2025-12-10 19:57:54 | INFO     | ensuring close
2025-12-10 19:57:54 | INFO     | ensuring close
2025-12-10 19:57:54 | INFO     | ensuring close
2025-12-10 19:57:54 | INFO     | ensuring close
2025-12-10 19:57:54 | INFO     | ensuring close
2025-12-10 19:57:54 | INFO     | ensuring close
2025-12-10 19:57:54 | INFO     | ensuring close
2025-12-10 19:57:54 | INFO     | ensuring close
2025-12-10 19:57:54 | INFO     | ensuring close
2025-12-10 19:57:54 | INFO     | ensuring close
2025-12-10 19:57:54 | INFO     | ensuring close
2025-12-10 19:57:54 | INFO     | ensuring close
2025-12-10 19:57:54 | INFO     | ensuring close
2025-12-10 19:57:54 | INFO     | ensuring close
2025-12-10 19:57:54 | INFO     | ensuring close
2025-12-10 19:57:54 | INFO     | ensuring close
2025-12-10 19:57:54 | INFO     | ensuring close
2025-12-10 19:57:54 | INFO     | ensuring close
2025-12-10 19:57:54 | INFO     | ensuring close
2025-12-10 19:57:54 | INFO     | ensuring close
2025-12-10 19:57:54 | INFO     | ensuring close

2025-12-11 19:34:39 | INFO     | ============================================================
2025-12-11 19:34:39 | INFO     | News Scraper Daemon Starting
2025-12-11 19:34:39 | INFO     | Fork: hk-hack-007/Hong-Kong-Fire-Documentary-i
2025-12-11 19:34:39 | INFO     | Upstream: adminlby/Hong-Kong-Fire-Documentary
2025-12-11 19:34:39 | INFO     | Sync interval: 10 minutes
2025-12-11 19:34:39 | INFO     | PR interval: 60 minutes
2025-12-11 19:34:39 | INFO     | ============================================================
2025-12-11 19:34:40 | INFO     | gh CLI authenticated
2025-12-11 19:34:40 | INFO     | Setting up git remotes...
2025-12-11 19:34:40 | INFO     | Configured origin remote
2025-12-11 19:34:41 | INFO     | gh CLI authenticated
2025-12-11 19:34:41 | INFO     | ----------------------------------------
2025-12-11 19:34:41 | INFO     | Running periodic health check...
2025-12-11 19:34:42 | INFO     | gh CLI authenticated
2025-12-11 19:34:42 | INFO     | Health check passed
2025-12-11 19:34:42 | INFO     | ----------------------------------------
2025-12-11 19:34:42 | INFO     | Starting sync cycle...
2025-12-11 19:34:42 | INFO     | Syncing with upstream...
2025-12-11 19:34:44 | INFO     | Already up to date with upstream
2025-12-11 19:34:44 | INFO     | Running scraper...
2025-12-11 19:34:44 | INFO     | Found 286 new URLs to scrape
2025-12-11 19:46:09 | INFO     | Updated cumulative stats: 1037 success, 63 failed across 6 cycles
2025-12-11 19:46:09 | INFO     | Scraper results: 285 success, 1 failed
2025-12-11 19:46:09 | INFO     | Committing changes...
2025-12-11 19:46:14 | INFO     | Committed: chore(scraper): auto-scrape 2025-12-11 19:46
2025-12-11 19:47:13 | INFO     | Pushed to origin successfully
2025-12-11 19:47:13 | INFO     | Sync cycle complete
2025-12-11 19:47:13 | INFO     | ----------------------------------------
2025-12-11 19:47:13 | INFO     | Starting PR cycle...
2025-12-11 19:47:15 | INFO     | Pushed to origin successfully
2025-12-11 19:47:15 | INFO     | Managing PR...
2025-12-11 19:47:22 | ERROR    | Failed to create PR: pull request create failed: GraphQL: No commits between adminlby:main and hk-hack-007:main (createPullRequest)

2025-12-11 19:47:22 | INFO     | PR cycle complete
2025-12-11 19:47:22 | INFO     | Run once mode, exiting...
2025-12-12 20:30:03 | INFO     | ============================================================
2025-12-12 20:30:03 | INFO     | News Scraper Daemon Starting
2025-12-12 20:30:03 | INFO     | Fork: hk-hack-007/Hong-Kong-Fire-Documentary-i
2025-12-12 20:30:03 | INFO     | Upstream: adminlby/Hong-Kong-Fire-Documentary
2025-12-12 20:30:03 | INFO     | Sync interval: 10 minutes
2025-12-12 20:30:03 | INFO     | PR interval: 60 minutes
2025-12-12 20:30:03 | INFO     | ============================================================
2025-12-12 20:30:04 | INFO     | gh CLI authenticated
2025-12-12 20:30:04 | INFO     | Setting up git remotes...
2025-12-12 20:30:04 | INFO     | Configured origin remote
2025-12-12 20:30:05 | INFO     | gh CLI authenticated
2025-12-12 20:30:05 | INFO     | ----------------------------------------
2025-12-12 20:30:05 | INFO     | Running periodic health check...
2025-12-12 20:30:06 | INFO     | gh CLI authenticated
2025-12-12 20:30:06 | INFO     | Health check passed
2025-12-12 20:30:06 | INFO     | ----------------------------------------
2025-12-12 20:30:06 | INFO     | Starting sync cycle...
2025-12-12 20:30:06 | INFO     | Syncing with upstream...
2025-12-12 20:30:07 | INFO     | Already up to date with upstream
2025-12-12 20:30:07 | INFO     | Running scraper...
2025-12-12 20:30:08 | INFO     | Found 148 new URLs to scrape
2025-12-12 20:31:39 | INFO     | patching driver executable C:\Users\user\appdata\roaming\undetected_chromedriver\undetected_chromedriver.exe
2025-12-12 20:40:21 | INFO     | Daemon stopped by user
2025-12-12 20:40:21 | INFO     | ensuring close
2025-12-12 20:40:21 | INFO     | ensuring close
2025-12-12 20:40:21 | INFO     | ensuring close
2025-12-12 20:40:21 | INFO     | ensuring close
2025-12-12 20:40:21 | INFO     | ensuring close
2025-12-12 20:40:21 | INFO     | ensuring close
2025-12-12 20:40:21 | INFO     | ensuring close
2025-12-12 20:40:21 | INFO     | ensuring close
2025-12-12 20:40:47 | INFO     | ============================================================
2025-12-12 20:40:47 | INFO     | News Scraper Daemon Starting
2025-12-12 20:40:47 | INFO     | Fork: hk-hack-007/Hong-Kong-Fire-Documentary-i
2025-12-12 20:40:47 | INFO     | Upstream: adminlby/Hong-Kong-Fire-Documentary
2025-12-12 20:40:47 | INFO     | Sync interval: 10 minutes
2025-12-12 20:40:47 | INFO     | PR interval: 60 minutes
2025-12-12 20:40:47 | INFO     | ============================================================
2025-12-12 20:40:48 | INFO     | gh CLI authenticated
2025-12-12 20:40:48 | INFO     | Setting up git remotes...
2025-12-12 20:40:48 | INFO     | Configured origin remote
2025-12-12 20:40:48 | INFO     | gh CLI authenticated
2025-12-12 20:40:49 | INFO     | ----------------------------------------
2025-12-12 20:40:49 | INFO     | Running periodic health check...
2025-12-12 20:40:49 | INFO     | gh CLI authenticated
2025-12-12 20:40:50 | INFO     | Health check passed
2025-12-12 20:40:50 | INFO     | ----------------------------------------
2025-12-12 20:40:50 | INFO     | Starting sync cycle...
2025-12-12 20:40:50 | INFO     | Syncing with upstream...
2025-12-12 20:40:51 | INFO     | Already up to date with upstream
2025-12-12 20:40:51 | INFO     | Running scraper...
2025-12-12 20:40:51 | INFO     | Found 142 new URLs to scrape
2025-12-12 20:41:36 | INFO     | patching driver executable C:\Users\user\appdata\roaming\undetected_chromedriver\undetected_chromedriver.exe
2025-12-12 21:52:03 | INFO     | Updated cumulative stats: 1173 success, 69 failed across 7 cycles
2025-12-12 21:52:03 | INFO     | Scraper results: 136 success, 6 failed
2025-12-12 21:52:04 | INFO     | Committing changes...
2025-12-12 21:52:06 | INFO     | Committed: chore(scraper): auto-scrape 2025-12-12 21:52
2025-12-12 21:52:11 | INFO     | Pushed to origin successfully
2025-12-12 21:52:11 | INFO     | Sync cycle complete
2025-12-12 21:52:11 | INFO     | ----------------------------------------
2025-12-12 21:52:11 | INFO     | Starting PR cycle...
2025-12-12 21:52:12 | INFO     | Pushed to origin successfully
2025-12-12 21:52:12 | INFO     | Managing PR...
2025-12-12 21:52:18 | ERROR    | Failed to create PR: pull request create failed: GraphQL: No commits between adminlby:main and hk-hack-007:main (createPullRequest)

2025-12-12 21:52:18 | INFO     | PR cycle complete
2025-12-12 21:52:18 | INFO     | Run once mode, exiting...
2025-12-12 21:52:18 | INFO     | ensuring close
2025-12-12 21:52:18 | INFO     | ensuring close
2025-12-12 21:52:18 | INFO     | ensuring close
2025-12-12 21:52:18 | INFO     | ensuring close
2025-12-12 21:52:18 | INFO     | ensuring close
2025-12-12 21:52:18 | INFO     | ensuring close
2025-12-12 21:52:18 | INFO     | ensuring close
2025-12-12 21:52:18 | INFO     | ensuring close
2025-12-12 21:52:18 | INFO     | ensuring close
2025-12-12 21:52:18 | INFO     | ensuring close
2025-12-12 21:52:18 | INFO     | ensuring close
2025-12-12 21:52:18 | INFO     | ensuring close
2025-12-12 21:52:18 | INFO     | ensuring close
2025-12-12 21:52:18 | INFO     | ensuring close
2025-12-12 21:52:18 | INFO     | ensuring close
2025-12-12 21:52:18 | INFO     | ensuring close
2025-12-12 21:52:18 | INFO     | ensuring close
2025-12-12 21:52:18 | INFO     | ensuring close
2025-12-12 21:52:18 | INFO     | ensuring close
2025-12-12 21:52:18 | INFO     | ensuring close
2025-12-12 21:52:18 | INFO     | ensuring close
2025-12-12 21:52:18 | INFO     | ensuring close
2025-12-12 21:52:18 | INFO     | ensuring close
2025-12-12 21:52:18 | INFO     | ensuring close
2025-12-12 21:52:18 | INFO     | ensuring close
2025-12-12 21:52:18 | INFO     | ensuring close
2025-12-12 21:52:18 | INFO     | ensuring close
2025-12-12 21:52:18 | INFO     | ensuring close
2025-12-12 21:52:18 | INFO     | ensuring close
2025-12-12 21:52:18 | INFO     | ensuring close
2025-12-12 21:52:18 | INFO     | ensuring close
2025-12-12 21:52:18 | INFO     | ensuring close
2025-12-12 21:52:18 | INFO     | ensuring close
2025-12-12 21:52:18 | INFO     | ensuring close
2025-12-12 21:52:18 | INFO     | ensuring close
2025-12-12 21:52:18 | INFO     | ensuring close
2025-12-12 21:52:18 | INFO     | ensuring close
2025-12-12 21:52:18 | INFO     | ensuring close
2025-12-12 21:52:18 | INFO     | ensuring close
2025-12-12 21:52:18 | INFO     | ensuring close
2025-12-12 21:52:18 | INFO     | ensuring close
2025-12-12 21:52:18 | INFO     | ensuring close
2025-12-12 21:52:18 | INFO     | ensuring close
2025-12-12 21:52:18 | INFO     | ensuring close
2025-12-12 21:52:18 | INFO     | ensuring close
2025-12-12 21:52:18 | INFO     | ensuring close
2025-12-12 21:52:18 | INFO     | ensuring close
2025-12-12 21:52:18 | INFO     | ensuring close
2025-12-12 21:52:18 | INFO     | ensuring close
2025-12-12 21:52:18 | INFO     | ensuring close
2025-12-12 21:52:18 | INFO     | ensuring close
2025-12-12 21:52:18 | INFO     | ensuring close
2025-12-12 21:52:18 | INFO     | ensuring close
2025-12-12 21:52:18 | INFO     | ensuring close
2025-12-12 21:52:18 | INFO     | ensuring close
2025-12-12 21:52:18 | INFO     | ensuring close
2025-12-12 21:52:18 | INFO     | ensuring close
2025-12-12 21:52:18 | INFO     | ensuring close
2025-12-12 21:52:18 | INFO     | ensuring close
2025-12-12 21:52:18 | INFO     | ensuring close
2025-12-12 21:52:18 | INFO     | ensuring close
2025-12-12 21:52:18 | INFO     | ensuring close
2025-12-12 21:52:18 | INFO     | ensuring close
2025-12-12 21:52:18 | INFO     | ensuring close
2025-12-12 21:52:18 | INFO     | ensuring close
2025-12-12 21:52:18 | INFO     | ensuring close
2025-12-12 21:52:18 | INFO     | ensuring close
2025-12-12 21:52:18 | INFO     | ensuring close
2025-12-12 21:52:18 | INFO     | ensuring close
2025-12-12 21:52:18 | INFO     | ensuring close
2025-12-12 21:52:18 | INFO     | ensuring close
2025-12-12 21:52:18 | INFO     | ensuring close
2025-12-12 21:52:18 | INFO     | ensuring close
2025-12-12 21:52:18 | INFO     | ensuring close
2025-12-12 21:52:18 | INFO     | ensuring close
2025-12-12 21:52:18 | INFO     | ensuring close
2025-12-12 21:52:18 | INFO     | ensuring close
2025-12-12 21:52:18 | INFO     | ensuring close
2025-12-12 21:52:18 | INFO     | ensuring close
2025-12-12 21:52:18 | INFO     | ensuring close
2025-12-12 21:52:18 | INFO     | ensuring close
2025-12-12 21:52:18 | INFO     | ensuring close
2025-12-12 21:52:18 | INFO     | ensuring close
2025-12-12 21:52:18 | INFO     | ensuring close
2025-12-12 21:52:18 | INFO     | ensuring close
2025-12-12 21:52:18 | INFO     | ensuring close
2025-12-12 21:52:18 | INFO     | ensuring close
2025-12-12 21:52:18 | INFO     | ensuring close
2025-12-12 21:52:18 | INFO     | ensuring close
2025-12-12 21:52:18 | INFO     | ensuring close
2025-12-12 21:52:18 | INFO     | ensuring close
2025-12-12 21:52:18 | INFO     | ensuring close
2025-12-12 21:52:18 | INFO     | ensuring close
2025-12-12 21:52:18 | INFO     | ensuring close
2025-12-12 21:52:18 | INFO     | ensuring close
2025-12-12 21:52:18 | INFO     | ensuring close
2025-12-12 21:52:18 | INFO     | ensuring close
2025-12-12 21:52:18 | INFO     | ensuring close
2025-12-12 21:52:18 | INFO     | ensuring close
2025-12-12 21:52:18 | INFO     | ensuring close
2025-12-12 21:52:18 | INFO     | ensuring close
2025-12-12 21:52:18 | INFO     | ensuring close
2025-12-12 21:52:18 | INFO     | ensuring close
2025-12-12 21:52:18 | INFO     | ensuring close
2025-12-12 21:52:18 | INFO     | ensuring close
2025-12-12 21:52:18 | INFO     | ensuring close
2025-12-12 21:52:18 | INFO     | ensuring close
2025-12-12 21:52:18 | INFO     | ensuring close
2025-12-12 21:52:18 | INFO     | ensuring close
2025-12-12 21:52:18 | INFO     | ensuring close
2025-12-12 21:52:18 | INFO     | ensuring close
2025-12-12 21:52:18 | INFO     | ensuring close
2025-12-12 21:52:18 | INFO     | ensuring close
2025-12-12 21:52:18 | INFO     | ensuring close
2025-12-12 21:52:18 | INFO     | ensuring close
2025-12-12 21:52:18 | INFO     | ensuring close
2025-12-12 21:52:18 | INFO     | ensuring close
2025-12-12 21:52:18 | INFO     | ensuring close
2025-12-12 21:52:18 | INFO     | ensuring close
2025-12-12 21:52:18 | INFO     | ensuring close
2025-12-12 21:52:18 | INFO     | ensuring close
2025-12-12 21:52:18 | INFO     | ensuring close
2025-12-12 21:52:18 | INFO     | ensuring close
2025-12-12 21:52:18 | INFO     | ensuring close
2025-12-12 21:52:18 | INFO     | ensuring close
2025-12-12 21:52:18 | INFO     | ensuring close
2025-12-12 21:52:18 | INFO     | ensuring close
2025-12-12 21:52:18 | INFO     | ensuring close
2025-12-12 21:52:18 | INFO     | ensuring close
2025-12-12 21:52:18 | INFO     | ensuring close
2025-12-12 21:52:18 | INFO     | ensuring close
2025-12-12 21:52:18 | INFO     | ensuring close
2025-12-12 21:52:18 | INFO     | ensuring close
2025-12-12 21:52:18 | INFO     | ensuring close
2025-12-12 21:52:18 | INFO     | ensuring close
2025-12-12 21:52:18 | INFO     | ensuring close
2025-12-12 21:52:18 | INFO     | ensuring close
2025-12-12 21:52:18 | INFO     | ensuring close
2025-12-12 21:52:18 | INFO     | ensuring close
2025-12-12 21:52:18 | INFO     | ensuring close
2025-12-12 21:52:18 | INFO     | ensuring close
2025-12-12 21:53:57 | INFO     | ============================================================
2025-12-12 21:53:57 | INFO     | News Scraper Daemon Starting
2025-12-12 21:53:57 | INFO     | Fork: hk-hack-007/Hong-Kong-Fire-Documentary-i
2025-12-12 21:53:57 | INFO     | Upstream: adminlby/Hong-Kong-Fire-Documentary
2025-12-12 21:53:57 | INFO     | Sync interval: 10 minutes
2025-12-12 21:53:57 | INFO     | PR interval: 60 minutes
2025-12-12 21:53:57 | INFO     | ============================================================
2025-12-12 21:53:58 | INFO     | gh CLI authenticated
2025-12-12 21:53:58 | INFO     | Setting up git remotes...
2025-12-12 21:53:58 | INFO     | Configured origin remote
2025-12-12 21:53:58 | INFO     | gh CLI authenticated
2025-12-12 21:53:59 | INFO     | ----------------------------------------
2025-12-12 21:53:59 | INFO     | Running periodic health check...
2025-12-12 21:53:59 | INFO     | gh CLI authenticated
2025-12-12 21:53:59 | INFO     | Health check passed
2025-12-12 21:53:59 | INFO     | ----------------------------------------
2025-12-12 21:53:59 | INFO     | Starting sync cycle...
2025-12-12 21:53:59 | INFO     | Syncing with upstream...
2025-12-12 21:54:00 | INFO     | Daemon stopped by user
2025-12-12 22:47:47 | INFO     | ============================================================
2025-12-12 22:47:47 | INFO     | News Scraper Daemon Starting
2025-12-12 22:47:47 | INFO     | Fork: hk-hack-007/Hong-Kong-Fire-Documentary-i
2025-12-12 22:47:47 | INFO     | Upstream: adminlby/Hong-Kong-Fire-Documentary
2025-12-12 22:47:47 | INFO     | Sync interval: 10 minutes
2025-12-12 22:47:47 | INFO     | PR interval: 60 minutes
2025-12-12 22:47:47 | INFO     | ============================================================
2025-12-12 22:47:47 | INFO     | gh CLI authenticated
2025-12-12 22:47:47 | INFO     | Setting up git remotes...
2025-12-12 22:47:47 | INFO     | Configured origin remote
2025-12-12 22:47:48 | INFO     | gh CLI authenticated
2025-12-12 22:47:48 | INFO     | ----------------------------------------
2025-12-12 22:47:48 | INFO     | Running periodic health check...
2025-12-12 22:47:49 | INFO     | gh CLI authenticated
2025-12-12 22:47:49 | INFO     | Health check passed
2025-12-12 22:47:49 | INFO     | ----------------------------------------
2025-12-12 22:47:49 | INFO     | Starting sync cycle...
2025-12-12 22:47:49 | INFO     | Syncing with upstream...
2025-12-12 22:47:50 | INFO     | Already up to date with upstream
2025-12-12 22:47:50 | INFO     | Running scraper...
2025-12-12 22:47:50 | INFO     | Found 211 new URLs to scrape
2025-12-12 22:49:22 | INFO     | patching driver executable C:\Users\user\appdata\roaming\undetected_chromedriver\undetected_chromedriver.exe
2025-12-12 23:03:30 | ERROR    | Scraper error: BrowserContext.new_page: Target page, context or browser has been closed
2025-12-12 23:03:31 | INFO     | Committing changes...
2025-12-12 23:03:36 | INFO     | Committed: chore(scraper): auto-scrape 2025-12-12 23:03
2025-12-12 23:03:43 | INFO     | Pushed to origin successfully
2025-12-12 23:03:43 | INFO     | Sync cycle complete
2025-12-12 23:03:43 | INFO     | ----------------------------------------
2025-12-12 23:03:43 | INFO     | Starting PR cycle...
2025-12-12 23:03:44 | INFO     | Pushed to origin successfully
2025-12-12 23:03:44 | INFO     | Managing PR...
2025-12-12 23:03:48 | ERROR    | Failed to create PR: pull request create failed: GraphQL: No commits between adminlby:main and hk-hack-007:main (createPullRequest)

2025-12-12 23:03:48 | INFO     | PR cycle complete
2025-12-12 23:03:48 | INFO     | Run once mode, exiting...
2025-12-12 23:03:48 | INFO     | ensuring close
2025-12-12 23:03:48 | INFO     | ensuring close
2025-12-12 23:03:48 | INFO     | ensuring close
2025-12-12 23:03:48 | INFO     | ensuring close
2025-12-12 23:03:48 | INFO     | ensuring close
2025-12-12 23:03:48 | INFO     | ensuring close
2025-12-12 23:03:48 | INFO     | ensuring close
2025-12-12 23:03:48 | INFO     | ensuring close
2025-12-12 23:03:48 | INFO     | ensuring close
2025-12-12 23:03:48 | INFO     | ensuring close
2025-12-12 23:03:48 | INFO     | ensuring close
2025-12-12 23:03:48 | INFO     | ensuring close
2025-12-12 23:03:48 | INFO     | ensuring close
2025-12-12 23:03:48 | INFO     | ensuring close
2025-12-12 23:07:29 | INFO     | ============================================================
2025-12-12 23:07:29 | INFO     | News Scraper Daemon Starting
2025-12-12 23:07:29 | INFO     | Fork: hk-hack-007/Hong-Kong-Fire-Documentary-i
2025-12-12 23:07:29 | INFO     | Upstream: adminlby/Hong-Kong-Fire-Documentary
2025-12-12 23:07:29 | INFO     | Sync interval: 10 minutes
2025-12-12 23:07:29 | INFO     | PR interval: 60 minutes
2025-12-12 23:07:29 | INFO     | ============================================================
2025-12-12 23:07:30 | INFO     | gh CLI authenticated
2025-12-12 23:07:30 | INFO     | Setting up git remotes...
2025-12-12 23:07:30 | INFO     | Configured origin remote
2025-12-12 23:07:31 | INFO     | gh CLI authenticated
2025-12-12 23:07:31 | INFO     | ----------------------------------------
2025-12-12 23:07:31 | INFO     | Running periodic health check...
2025-12-12 23:07:32 | INFO     | gh CLI authenticated
2025-12-12 23:07:32 | INFO     | Health check passed
2025-12-12 23:07:32 | INFO     | ----------------------------------------
2025-12-12 23:07:32 | INFO     | Starting sync cycle...
2025-12-12 23:07:32 | INFO     | Syncing with upstream...
2025-12-12 23:07:33 | INFO     | Already up to date with upstream
2025-12-12 23:07:33 | INFO     | Running scraper...
2025-12-12 23:07:33 | INFO     | Found 19 new URLs to scrape
2025-12-12 23:09:15 | INFO     | Updated cumulative stats: 1191 success, 70 failed across 8 cycles
2025-12-12 23:09:15 | INFO     | Scraper results: 18 success, 1 failed
2025-12-12 23:09:15 | INFO     | Committing changes...
2025-12-12 23:09:16 | INFO     | Committed: chore(scraper): auto-scrape 2025-12-12 23:09
2025-12-12 23:09:19 | INFO     | Pushed to origin successfully
2025-12-12 23:09:19 | INFO     | Sync cycle complete
2025-12-12 23:09:19 | INFO     | ----------------------------------------
2025-12-12 23:09:19 | INFO     | Starting PR cycle...
2025-12-12 23:09:20 | INFO     | Pushed to origin successfully
2025-12-12 23:09:20 | INFO     | Managing PR...
2025-12-12 23:09:24 | ERROR    | Failed to create PR: pull request create failed: GraphQL: No commits between adminlby:main and hk-hack-007:main (createPullRequest)

2025-12-12 23:09:24 | INFO     | PR cycle complete
2025-12-12 23:09:24 | INFO     | Run once mode, exiting...
2025-12-13 22:40:26 | INFO     | ============================================================
2025-12-13 22:40:26 | INFO     | News Scraper Daemon Starting
2025-12-13 22:40:26 | INFO     | Fork: hk-hack-007/Hong-Kong-Fire-Documentary-i
2025-12-13 22:40:26 | INFO     | Upstream: adminlby/Hong-Kong-Fire-Documentary
2025-12-13 22:40:26 | INFO     | Sync interval: 10 minutes
2025-12-13 22:40:26 | INFO     | PR interval: 60 minutes
2025-12-13 22:40:26 | INFO     | ============================================================
2025-12-13 22:40:27 | INFO     | gh CLI authenticated
2025-12-13 22:40:27 | INFO     | Setting up git remotes...
2025-12-13 22:40:27 | INFO     | Configured origin remote
2025-12-13 22:40:28 | INFO     | gh CLI authenticated
2025-12-13 22:40:28 | INFO     | ----------------------------------------
2025-12-13 22:40:28 | INFO     | Running periodic health check...
2025-12-13 22:40:29 | INFO     | gh CLI authenticated
2025-12-13 22:40:29 | INFO     | Health check passed
2025-12-13 22:40:29 | INFO     | ----------------------------------------
2025-12-13 22:40:29 | INFO     | Starting sync cycle...
2025-12-13 22:40:29 | INFO     | Syncing with upstream...
2025-12-13 22:40:30 | INFO     | Already up to date with upstream
2025-12-13 22:40:30 | INFO     | Running scraper...
2025-12-13 22:40:31 | INFO     | Found 122 new URLs to scrape
2025-12-13 22:41:56 | INFO     | patching driver executable C:\Users\user\appdata\roaming\undetected_chromedriver\undetected_chromedriver.exe
2025-12-13 22:45:22 | INFO     | Updated cumulative stats: 1312 success, 71 failed across 9 cycles
2025-12-13 22:45:22 | INFO     | Scraper results: 121 success, 1 failed
2025-12-13 22:45:22 | INFO     | Committing changes...
2025-12-13 22:45:25 | INFO     | Committed: chore(scraper): auto-scrape 2025-12-13 22:45
2025-12-13 22:45:32 | INFO     | Pushed to origin successfully
2025-12-13 22:45:32 | INFO     | Sync cycle complete
2025-12-13 22:45:32 | INFO     | ----------------------------------------
2025-12-13 22:45:32 | INFO     | Starting PR cycle...
2025-12-13 22:45:33 | INFO     | Pushed to origin successfully
2025-12-13 22:45:33 | INFO     | Managing PR...
2025-12-13 22:45:35 | INFO     | PR #14 exists, updating description with fresh stats...
2025-12-13 22:45:38 | INFO     | Updated PR #14 with fresh stats
2025-12-13 22:45:38 | INFO     | PR cycle complete
2025-12-13 22:45:38 | INFO     | Run once mode, exiting...
2025-12-13 22:45:38 | INFO     | ensuring close
2025-12-14 23:06:34 | INFO     | ============================================================
2025-12-14 23:06:34 | INFO     | News Scraper Daemon Starting
2025-12-14 23:06:34 | INFO     | Fork: hk-hack-007/Hong-Kong-Fire-Documentary-i
2025-12-14 23:06:34 | INFO     | Upstream: adminlby/Hong-Kong-Fire-Documentary
2025-12-14 23:06:34 | INFO     | Sync interval: 10 minutes
2025-12-14 23:06:34 | INFO     | PR interval: 60 minutes
2025-12-14 23:06:34 | INFO     | ============================================================
2025-12-14 23:06:34 | INFO     | gh CLI authenticated
2025-12-14 23:06:34 | INFO     | Setting up git remotes...
2025-12-14 23:06:34 | INFO     | Configured origin remote
2025-12-14 23:06:35 | INFO     | gh CLI authenticated
2025-12-14 23:06:35 | INFO     | ----------------------------------------
2025-12-14 23:06:35 | INFO     | Running periodic health check...
2025-12-14 23:06:36 | INFO     | gh CLI authenticated
2025-12-14 23:06:36 | INFO     | Health check passed
2025-12-14 23:06:36 | INFO     | ----------------------------------------
2025-12-14 23:06:36 | INFO     | Starting sync cycle...
2025-12-14 23:06:36 | INFO     | Syncing with upstream...
2025-12-14 23:06:37 | INFO     | Behind upstream by 3 commits, merging...
2025-12-14 23:06:40 | WARNING  | Stash pop failed, dropping stash to continue
2025-12-14 23:06:40 | INFO     | Synced with upstream successfully
2025-12-14 23:06:40 | INFO     | Running scraper...
2025-12-14 23:06:40 | INFO     | Daemon stopped by user
2025-12-14 23:20:58 | INFO     | ============================================================
2025-12-14 23:20:58 | INFO     | News Scraper Daemon Starting
2025-12-14 23:20:58 | INFO     | Fork: hk-hack-007/Hong-Kong-Fire-Documentary-i
2025-12-14 23:20:58 | INFO     | Upstream: adminlby/Hong-Kong-Fire-Documentary
2025-12-14 23:20:58 | INFO     | Sync interval: 10 minutes
2025-12-14 23:20:58 | INFO     | PR interval: 60 minutes
2025-12-14 23:20:58 | INFO     | ============================================================
2025-12-14 23:20:59 | INFO     | gh CLI authenticated
2025-12-14 23:20:59 | INFO     | Setting up git remotes...
2025-12-14 23:20:59 | INFO     | Configured origin remote
2025-12-14 23:20:59 | INFO     | gh CLI authenticated
2025-12-14 23:21:00 | INFO     | ----------------------------------------
2025-12-14 23:21:00 | INFO     | Running periodic health check...
2025-12-14 23:21:00 | INFO     | gh CLI authenticated
2025-12-14 23:21:00 | INFO     | Health check passed
2025-12-14 23:21:00 | INFO     | ----------------------------------------
2025-12-14 23:21:00 | INFO     | Starting sync cycle...
2025-12-14 23:21:00 | INFO     | Syncing with upstream...
2025-12-14 23:21:01 | INFO     | Already up to date with upstream
2025-12-14 23:21:01 | INFO     | Running scraper...
2025-12-14 23:21:02 | INFO     | Found 72 new URLs to scrape
2025-12-14 23:31:31 | ERROR    | Scraper error: BrowserContext.new_page: Target page, context or browser has been closed
2025-12-14 23:31:31 | INFO     | Committing changes...
2025-12-14 23:31:33 | INFO     | Committed: chore(scraper): auto-scrape 2025-12-14 23:31
2025-12-14 23:31:39 | INFO     | Pushed to origin successfully
2025-12-14 23:31:39 | INFO     | Sync cycle complete
2025-12-14 23:31:39 | INFO     | ----------------------------------------
2025-12-14 23:31:39 | INFO     | Starting PR cycle...
2025-12-14 23:31:40 | INFO     | Pushed to origin successfully
2025-12-14 23:31:40 | INFO     | Managing PR...
2025-12-14 23:31:45 | ERROR    | Failed to create PR: pull request create failed: GraphQL: No commits between adminlby:main and hk-hack-007:main (createPullRequest)

2025-12-14 23:31:45 | INFO     | PR cycle complete
2025-12-14 23:31:45 | INFO     | Run once mode, exiting...
2025-12-15 20:38:50 | INFO     | ============================================================
2025-12-15 20:38:50 | INFO     | News Scraper Daemon Starting
2025-12-15 20:38:50 | INFO     | Fork: hk-hack-007/Hong-Kong-Fire-Documentary-i
2025-12-15 20:38:50 | INFO     | Upstream: adminlby/Hong-Kong-Fire-Documentary
2025-12-15 20:38:50 | INFO     | Sync interval: 10 minutes
2025-12-15 20:38:50 | INFO     | PR interval: 60 minutes
2025-12-15 20:38:50 | INFO     | ============================================================
2025-12-15 20:38:51 | INFO     | gh CLI authenticated
2025-12-15 20:38:51 | INFO     | Setting up git remotes...
2025-12-15 20:38:51 | INFO     | Configured origin remote
2025-12-15 20:38:52 | INFO     | gh CLI authenticated
2025-12-15 20:38:52 | INFO     | ----------------------------------------
2025-12-15 20:38:52 | INFO     | Running periodic health check...
2025-12-15 20:38:53 | INFO     | gh CLI authenticated
2025-12-15 20:38:53 | INFO     | Health check passed
2025-12-15 20:38:53 | INFO     | ----------------------------------------
2025-12-15 20:38:53 | INFO     | Starting sync cycle...
2025-12-15 20:38:53 | INFO     | Syncing with upstream...
2025-12-15 20:38:54 | INFO     | Already up to date with upstream
2025-12-15 20:38:54 | INFO     | Running scraper...
2025-12-15 20:38:55 | INFO     | Found 96 new URLs to scrape
2025-12-15 20:39:02 | INFO     | Daemon stopped by user
2025-12-15 20:39:02 | ERROR    | Future exception was never retrieved
future: <Future finished exception=TargetClosedError('Target page, context or browser has been closed')>
playwright._impl._errors.TargetClosedError: Target page, context or browser has been closed
2025-12-15 20:39:02 | ERROR    | Future exception was never retrieved
future: <Future finished exception=TargetClosedError('Target page, context or browser has been closed')>
playwright._impl._errors.TargetClosedError: Target page, context or browser has been closed
2025-12-16 23:55:12 | INFO     | ============================================================
2025-12-16 23:55:12 | INFO     | News Scraper Daemon Starting
2025-12-16 23:55:12 | INFO     | Fork: hk-hack-007/Hong-Kong-Fire-Documentary-i
2025-12-16 23:55:12 | INFO     | Upstream: adminlby/Hong-Kong-Fire-Documentary
2025-12-16 23:55:12 | INFO     | Sync interval: 10 minutes
2025-12-16 23:55:12 | INFO     | PR interval: 60 minutes
2025-12-16 23:55:12 | INFO     | ============================================================
2025-12-16 23:55:13 | INFO     | gh CLI authenticated
2025-12-16 23:55:13 | INFO     | Setting up git remotes...
2025-12-16 23:55:13 | INFO     | Configured origin remote
2025-12-16 23:55:13 | INFO     | gh CLI authenticated
2025-12-16 23:55:14 | INFO     | ----------------------------------------
2025-12-16 23:55:14 | INFO     | Running periodic health check...
2025-12-16 23:55:14 | INFO     | gh CLI authenticated
2025-12-16 23:55:14 | INFO     | Health check passed
2025-12-16 23:55:14 | INFO     | ----------------------------------------
2025-12-16 23:55:14 | INFO     | Starting sync cycle...
2025-12-16 23:55:14 | INFO     | Syncing with upstream...
2025-12-16 23:55:15 | INFO     | Already up to date with upstream
2025-12-16 23:55:15 | INFO     | Running scraper...
2025-12-16 23:55:15 | INFO     | Found 103 new URLs to scrape
2025-12-16 23:56:04 | INFO     | patching driver executable C:\Users\user\appdata\roaming\undetected_chromedriver\undetected_chromedriver.exe
2025-12-16 23:58:21 | INFO     | Updated cumulative stats: 1479 success, 75 failed across 11 cycles
2025-12-16 23:58:21 | INFO     | Scraper results: 102 success, 1 failed
2025-12-16 23:58:21 | INFO     | Committing changes...
2025-12-16 23:58:24 | INFO     | Committed: chore(scraper): auto-scrape 2025-12-16 23:58
2025-12-16 23:58:32 | INFO     | Pushed to origin successfully
2025-12-16 23:58:32 | INFO     | Sync cycle complete
2025-12-16 23:58:32 | INFO     | ----------------------------------------
2025-12-16 23:58:32 | INFO     | Starting PR cycle...
2025-12-16 23:58:33 | INFO     | Pushed to origin successfully
2025-12-16 23:58:33 | INFO     | Managing PR...
2025-12-16 23:58:38 | ERROR    | Failed to create PR: pull request create failed: GraphQL: No commits between adminlby:main and hk-hack-007:main (createPullRequest)

2025-12-16 23:58:38 | INFO     | PR cycle complete
2025-12-16 23:58:38 | INFO     | Run once mode, exiting...
2025-12-16 23:58:38 | INFO     | ensuring close
2025-12-17 23:12:04 | INFO     | ============================================================
2025-12-17 23:12:04 | INFO     | News Scraper Daemon Starting
2025-12-17 23:12:04 | INFO     | Fork: hk-hack-007/Hong-Kong-Fire-Documentary-i
2025-12-17 23:12:04 | INFO     | Upstream: adminlby/Hong-Kong-Fire-Documentary
2025-12-17 23:12:04 | INFO     | Sync interval: 10 minutes
2025-12-17 23:12:04 | INFO     | PR interval: 60 minutes
2025-12-17 23:12:04 | INFO     | ============================================================
2025-12-17 23:12:05 | INFO     | gh CLI authenticated
2025-12-17 23:12:05 | INFO     | Setting up git remotes...
2025-12-17 23:12:05 | INFO     | Configured origin remote
2025-12-17 23:12:06 | INFO     | gh CLI authenticated
2025-12-17 23:12:06 | INFO     | ----------------------------------------
2025-12-17 23:12:06 | INFO     | Running periodic health check...
2025-12-17 23:12:06 | INFO     | gh CLI authenticated
2025-12-17 23:12:06 | INFO     | Health check passed
2025-12-17 23:12:06 | INFO     | ----------------------------------------
2025-12-17 23:12:06 | INFO     | Starting sync cycle...
2025-12-17 23:12:06 | INFO     | Syncing with upstream...
2025-12-17 23:12:07 | INFO     | Already up to date with upstream
2025-12-17 23:12:07 | INFO     | Running scraper...
2025-12-17 23:12:08 | INFO     | Found 61 new URLs to scrape
2025-12-17 23:12:37 | INFO     | patching driver executable C:\Users\user\appdata\roaming\undetected_chromedriver\undetected_chromedriver.exe
2025-12-17 23:15:05 | INFO     | Updated cumulative stats: 1539 success, 76 failed across 12 cycles
2025-12-17 23:15:05 | INFO     | Scraper results: 60 success, 1 failed
2025-12-17 23:15:05 | INFO     | Committing changes...
2025-12-17 23:15:07 | INFO     | Committed: chore(scraper): auto-scrape 2025-12-17 23:15
2025-12-17 23:15:12 | INFO     | Pushed to origin successfully
2025-12-17 23:15:12 | INFO     | Sync cycle complete
2025-12-17 23:15:12 | INFO     | ----------------------------------------
2025-12-17 23:15:12 | INFO     | Starting PR cycle...
2025-12-17 23:15:14 | INFO     | Pushed to origin successfully
2025-12-17 23:15:14 | INFO     | Managing PR...
2025-12-17 23:15:15 | INFO     | PR #20 exists, updating description with fresh stats...
2025-12-17 23:15:18 | INFO     | Updated PR #20 with fresh stats
2025-12-17 23:15:18 | INFO     | PR cycle complete
2025-12-17 23:15:18 | INFO     | Run once mode, exiting...
2025-12-17 23:15:18 | INFO     | ensuring close
2025-12-18 23:28:14 | INFO     | ============================================================
2025-12-18 23:28:14 | INFO     | News Scraper Daemon Starting
2025-12-18 23:28:14 | INFO     | Fork: hk-hack-007/Hong-Kong-Fire-Documentary-i
2025-12-18 23:28:14 | INFO     | Upstream: adminlby/Hong-Kong-Fire-Documentary
2025-12-18 23:28:14 | INFO     | Sync interval: 10 minutes
2025-12-18 23:28:14 | INFO     | PR interval: 60 minutes
2025-12-18 23:28:14 | INFO     | ============================================================
2025-12-18 23:28:14 | INFO     | gh CLI authenticated
2025-12-18 23:28:14 | INFO     | Setting up git remotes...
2025-12-18 23:28:14 | INFO     | Configured origin remote
2025-12-18 23:28:15 | INFO     | gh CLI authenticated
2025-12-18 23:28:15 | INFO     | ----------------------------------------
2025-12-18 23:28:15 | INFO     | Running periodic health check...
2025-12-18 23:28:16 | INFO     | gh CLI authenticated
2025-12-18 23:28:16 | INFO     | Health check passed
2025-12-18 23:28:16 | INFO     | ----------------------------------------
2025-12-18 23:28:16 | INFO     | Starting sync cycle...
2025-12-18 23:28:16 | INFO     | Syncing with upstream...
2025-12-18 23:28:17 | INFO     | Already up to date with upstream
2025-12-18 23:28:17 | INFO     | Running scraper...
2025-12-18 23:28:18 | INFO     | Found 78 new URLs to scrape
2025-12-18 23:31:20 | INFO     | patching driver executable C:\Users\user\appdata\roaming\undetected_chromedriver\undetected_chromedriver.exe
2025-12-18 23:39:08 | INFO     | Updated cumulative stats: 1616 success, 77 failed across 13 cycles
2025-12-18 23:39:08 | INFO     | Scraper results: 77 success, 1 failed
2025-12-18 23:39:08 | INFO     | Committing changes...
2025-12-18 23:39:10 | INFO     | Committed: chore(scraper): auto-scrape 2025-12-18 23:39
2025-12-18 23:39:41 | INFO     | Pushed to origin successfully
2025-12-18 23:39:41 | INFO     | Sync cycle complete
2025-12-18 23:39:41 | INFO     | ----------------------------------------
2025-12-18 23:39:41 | INFO     | Starting PR cycle...
2025-12-18 23:39:45 | INFO     | Pushed to origin successfully
2025-12-18 23:39:45 | INFO     | Managing PR...
2025-12-18 23:39:53 | ERROR    | Failed to create PR: pull request create failed: GraphQL: No commits between adminlby:main and hk-hack-007:main (createPullRequest)

2025-12-18 23:39:53 | INFO     | PR cycle complete
2025-12-18 23:39:53 | INFO     | Run once mode, exiting...
2025-12-18 23:39:53 | INFO     | ensuring close
2025-12-19 22:26:57 | INFO     | ============================================================
2025-12-19 22:26:57 | INFO     | News Scraper Daemon Starting
2025-12-19 22:26:57 | INFO     | Fork: hk-hack-007/Hong-Kong-Fire-Documentary-i
2025-12-19 22:26:57 | INFO     | Upstream: adminlby/Hong-Kong-Fire-Documentary
2025-12-19 22:26:57 | INFO     | Sync interval: 10 minutes
2025-12-19 22:26:57 | INFO     | PR interval: 60 minutes
2025-12-19 22:26:57 | INFO     | ============================================================
2025-12-19 22:26:57 | INFO     | gh CLI authenticated
2025-12-19 22:26:57 | INFO     | Setting up git remotes...
2025-12-19 22:26:58 | INFO     | Configured origin remote
2025-12-19 22:26:58 | INFO     | gh CLI authenticated
2025-12-19 22:26:58 | INFO     | ----------------------------------------
2025-12-19 22:26:58 | INFO     | Running periodic health check...
2025-12-19 22:26:59 | INFO     | gh CLI authenticated
2025-12-19 22:26:59 | INFO     | Health check passed
2025-12-19 22:26:59 | INFO     | ----------------------------------------
2025-12-19 22:26:59 | INFO     | Starting sync cycle...
2025-12-19 22:26:59 | INFO     | Syncing with upstream...
2025-12-19 22:27:00 | INFO     | Already up to date with upstream
2025-12-19 22:27:00 | INFO     | Running scraper...
2025-12-19 22:27:00 | INFO     | Found 144 new URLs to scrape
2025-12-19 22:32:19 | INFO     | Updated cumulative stats: 1759 success, 78 failed across 14 cycles
2025-12-19 22:32:19 | INFO     | Scraper results: 143 success, 1 failed
2025-12-19 22:32:19 | INFO     | Committing changes...
2025-12-19 22:32:32 | INFO     | Committed: chore(scraper): auto-scrape 2025-12-19 22:32
2025-12-19 22:32:39 | INFO     | Pushed to origin successfully
2025-12-19 22:32:39 | INFO     | Sync cycle complete
2025-12-19 22:32:39 | INFO     | ----------------------------------------
2025-12-19 22:32:39 | INFO     | Starting PR cycle...
2025-12-19 22:32:40 | INFO     | Pushed to origin successfully
2025-12-19 22:32:40 | INFO     | Managing PR...
2025-12-19 22:32:42 | INFO     | PR #21 exists, updating description with fresh stats...
2025-12-19 22:32:46 | INFO     | Updated PR #21 with fresh stats
2025-12-19 22:32:46 | INFO     | PR cycle complete
2025-12-19 22:32:46 | INFO     | Run once mode, exiting...
2025-12-20 22:40:54 | INFO     | ============================================================
2025-12-20 22:40:54 | INFO     | News Scraper Daemon Starting
2025-12-20 22:40:54 | INFO     | Fork: hk-hack-007/Hong-Kong-Fire-Documentary-i
2025-12-20 22:40:54 | INFO     | Upstream: adminlby/Hong-Kong-Fire-Documentary
2025-12-20 22:40:54 | INFO     | Sync interval: 10 minutes
2025-12-20 22:40:54 | INFO     | PR interval: 60 minutes
2025-12-20 22:40:54 | INFO     | ============================================================
2025-12-20 22:40:55 | INFO     | gh CLI authenticated
2025-12-20 22:40:55 | INFO     | Setting up git remotes...
2025-12-20 22:40:55 | INFO     | Configured origin remote
2025-12-20 22:40:55 | INFO     | gh CLI authenticated
2025-12-20 22:40:56 | INFO     | ----------------------------------------
2025-12-20 22:40:56 | INFO     | Running periodic health check...
2025-12-20 22:40:56 | INFO     | gh CLI authenticated
2025-12-20 22:40:56 | INFO     | Health check passed
2025-12-20 22:40:56 | INFO     | ----------------------------------------
2025-12-20 22:40:56 | INFO     | Starting sync cycle...
2025-12-20 22:40:56 | INFO     | Syncing with upstream...
2025-12-20 22:40:58 | INFO     | Already up to date with upstream
2025-12-20 22:40:58 | INFO     | Running scraper...
2025-12-20 22:40:58 | INFO     | Found 85 new URLs to scrape
2025-12-20 22:53:07 | INFO     | patching driver executable C:\Users\user\appdata\roaming\undetected_chromedriver\undetected_chromedriver.exe
2025-12-20 23:03:56 | INFO     | Updated cumulative stats: 1835 success, 87 failed across 15 cycles
2025-12-20 23:03:56 | INFO     | Scraper results: 76 success, 9 failed
2025-12-20 23:03:56 | INFO     | Committing changes...
2025-12-20 23:03:58 | INFO     | Committed: chore(scraper): auto-scrape 2025-12-20 23:03
2025-12-20 23:04:08 | INFO     | Pushed to origin successfully
2025-12-20 23:04:08 | INFO     | Sync cycle complete
2025-12-20 23:04:08 | INFO     | ----------------------------------------
2025-12-20 23:04:08 | INFO     | Starting PR cycle...
2025-12-20 23:04:09 | INFO     | Pushed to origin successfully
2025-12-20 23:04:09 | INFO     | Managing PR...
2025-12-20 23:04:11 | INFO     | PR #21 exists, updating description with fresh stats...
2025-12-20 23:04:15 | INFO     | Updated PR #21 with fresh stats
2025-12-20 23:04:15 | INFO     | PR cycle complete
2025-12-20 23:04:15 | INFO     | Run once mode, exiting...
2025-12-20 23:04:15 | INFO     | ensuring close
2025-12-20 23:04:15 | INFO     | ensuring close
2025-12-20 23:04:15 | INFO     | ensuring close
2025-12-20 23:04:15 | INFO     | ensuring close
2025-12-20 23:04:15 | INFO     | ensuring close
2025-12-20 23:04:15 | INFO     | ensuring close
2025-12-20 23:04:15 | INFO     | ensuring close
2025-12-20 23:04:15 | INFO     | ensuring close
2025-12-21 22:06:39 | INFO     | ============================================================
2025-12-21 22:06:39 | INFO     | News Scraper Daemon Starting
2025-12-21 22:06:39 | INFO     | Fork: hk-hack-007/Hong-Kong-Fire-Documentary-i
2025-12-21 22:06:39 | INFO     | Upstream: adminlby/Hong-Kong-Fire-Documentary
2025-12-21 22:06:39 | INFO     | Sync interval: 10 minutes
2025-12-21 22:06:39 | INFO     | PR interval: 60 minutes
2025-12-21 22:06:39 | INFO     | ============================================================
2025-12-21 22:06:40 | INFO     | gh CLI authenticated
2025-12-21 22:06:40 | INFO     | Setting up git remotes...
2025-12-21 22:06:40 | INFO     | Configured origin remote
2025-12-21 22:06:41 | INFO     | gh CLI authenticated
2025-12-21 22:06:41 | INFO     | ----------------------------------------
2025-12-21 22:06:41 | INFO     | Running periodic health check...
2025-12-21 22:06:41 | INFO     | gh CLI authenticated
2025-12-21 22:06:42 | INFO     | Health check passed
2025-12-21 22:06:42 | INFO     | ----------------------------------------
2025-12-21 22:06:42 | INFO     | Starting sync cycle...
2025-12-21 22:06:42 | INFO     | Syncing with upstream...
2025-12-21 22:06:42 | INFO     | Already up to date with upstream
2025-12-21 22:06:42 | INFO     | Running scraper...
2025-12-21 22:06:43 | INFO     | Found 97 new URLs to scrape
2025-12-21 22:09:00 | INFO     | patching driver executable C:\Users\user\appdata\roaming\undetected_chromedriver\undetected_chromedriver.exe
2025-12-21 22:22:33 | INFO     | Updated cumulative stats: 1924 success, 95 failed across 16 cycles
2025-12-21 22:22:33 | INFO     | Scraper results: 89 success, 8 failed
2025-12-21 22:22:33 | INFO     | Committing changes...
2025-12-21 22:22:35 | INFO     | Committed: chore(scraper): auto-scrape 2025-12-21 22:22
2025-12-21 22:22:40 | INFO     | Pushed to origin successfully
2025-12-21 22:22:40 | INFO     | Sync cycle complete
2025-12-21 22:22:40 | INFO     | ----------------------------------------
2025-12-21 22:22:40 | INFO     | Starting PR cycle...
2025-12-21 22:22:42 | INFO     | Pushed to origin successfully
2025-12-21 22:22:42 | INFO     | Managing PR...
2025-12-21 22:22:46 | ERROR    | Failed to create PR: pull request create failed: GraphQL: No commits between adminlby:main and hk-hack-007:main (createPullRequest)

2025-12-21 22:22:46 | INFO     | PR cycle complete
2025-12-21 22:22:46 | INFO     | Run once mode, exiting...
2025-12-21 22:22:46 | INFO     | ensuring close
2025-12-21 22:22:46 | INFO     | ensuring close
2025-12-21 22:22:46 | INFO     | ensuring close
2025-12-22 21:55:00 | INFO     | ============================================================
2025-12-22 21:55:00 | INFO     | News Scraper Daemon Starting
2025-12-22 21:55:00 | INFO     | Fork: hk-hack-007/Hong-Kong-Fire-Documentary-i
2025-12-22 21:55:00 | INFO     | Upstream: adminlby/Hong-Kong-Fire-Documentary
2025-12-22 21:55:00 | INFO     | Sync interval: 10 minutes
2025-12-22 21:55:00 | INFO     | PR interval: 60 minutes
2025-12-22 21:55:00 | INFO     | ============================================================
2025-12-22 21:55:01 | INFO     | gh CLI authenticated
2025-12-22 21:55:01 | INFO     | Setting up git remotes...
2025-12-22 21:55:01 | INFO     | Configured origin remote
2025-12-22 21:55:02 | INFO     | gh CLI authenticated
2025-12-22 21:55:02 | INFO     | ----------------------------------------
2025-12-22 21:55:02 | INFO     | Running periodic health check...
2025-12-22 21:55:03 | INFO     | gh CLI authenticated
2025-12-22 21:55:03 | INFO     | Health check passed
2025-12-22 21:55:03 | INFO     | ----------------------------------------
2025-12-22 21:55:03 | INFO     | Starting sync cycle...
2025-12-22 21:55:03 | INFO     | Syncing with upstream...
2025-12-22 21:55:04 | INFO     | Already up to date with upstream
2025-12-22 21:55:04 | INFO     | Running scraper...
2025-12-22 21:55:04 | INFO     | Found 88 new URLs to scrape
2025-12-22 21:55:43 | INFO     | patching driver executable C:\Users\user\appdata\roaming\undetected_chromedriver\undetected_chromedriver.exe
2025-12-22 22:00:00 | ERROR    | Scraper error: BrowserContext.new_page: Target page, context or browser has been closed
2025-12-22 22:00:01 | INFO     | Committing changes...
2025-12-22 22:00:03 | INFO     | Committed: chore(scraper): auto-scrape 2025-12-22 22:00
2025-12-22 22:00:08 | INFO     | Pushed to origin successfully
2025-12-22 22:00:08 | INFO     | Sync cycle complete
2025-12-22 22:00:08 | INFO     | ----------------------------------------
2025-12-22 22:00:08 | INFO     | Starting PR cycle...
2025-12-22 22:00:09 | INFO     | Pushed to origin successfully
2025-12-22 22:00:09 | INFO     | Managing PR...
2025-12-22 22:00:11 | INFO     | PR #23 exists, updating description with fresh stats...
2025-12-22 22:00:14 | INFO     | Updated PR #23 with fresh stats
2025-12-22 22:00:14 | INFO     | PR cycle complete
2025-12-22 22:00:14 | INFO     | Run once mode, exiting...
2025-12-22 22:00:14 | INFO     | ensuring close
2025-12-22 22:00:14 | INFO     | ensuring close
2025-12-22 22:00:14 | INFO     | ensuring close
2025-12-22 22:00:14 | INFO     | ensuring close
2025-12-22 22:00:14 | INFO     | ensuring close
2025-12-22 22:00:14 | INFO     | ensuring close
2025-12-23 22:22:55 | INFO     | ============================================================
2025-12-23 22:22:55 | INFO     | News Scraper Daemon Starting
2025-12-23 22:22:55 | INFO     | Fork: hk-hack-007/Hong-Kong-Fire-Documentary-i
2025-12-23 22:22:55 | INFO     | Upstream: adminlby/Hong-Kong-Fire-Documentary
2025-12-23 22:22:55 | INFO     | Sync interval: 10 minutes
2025-12-23 22:22:55 | INFO     | PR interval: 60 minutes
2025-12-23 22:22:55 | INFO     | ============================================================
2025-12-23 22:22:56 | INFO     | gh CLI authenticated
2025-12-23 22:22:56 | INFO     | Setting up git remotes...
2025-12-23 22:22:56 | INFO     | Configured origin remote
2025-12-23 22:22:56 | INFO     | gh CLI authenticated
2025-12-23 22:22:57 | INFO     | ----------------------------------------
2025-12-23 22:22:57 | INFO     | Running periodic health check...
2025-12-23 22:23:01 | INFO     | gh CLI authenticated
2025-12-23 22:23:01 | INFO     | Health check passed
2025-12-23 22:23:01 | INFO     | ----------------------------------------
2025-12-23 22:23:01 | INFO     | Starting sync cycle...
2025-12-23 22:23:02 | INFO     | Syncing with upstream...
2025-12-23 22:23:02 | INFO     | Already up to date with upstream
2025-12-23 22:23:02 | INFO     | Running scraper...
2025-12-23 22:23:03 | INFO     | Found 73 new URLs to scrape
2025-12-24 00:18:25 | ERROR    | Scraper error: BrowserContext.new_page: Target page, context or browser has been closed
2025-12-24 00:18:25 | INFO     | Committing changes...
2025-12-24 00:18:27 | INFO     | Committed: chore(scraper): auto-scrape 2025-12-24 00:18
2025-12-24 00:18:33 | INFO     | Pushed to origin successfully
2025-12-24 00:18:33 | INFO     | Sync cycle complete
2025-12-24 00:18:33 | INFO     | ----------------------------------------
2025-12-24 00:18:33 | INFO     | Starting PR cycle...
2025-12-24 00:18:34 | INFO     | Pushed to origin successfully
2025-12-24 00:18:34 | INFO     | Managing PR...
2025-12-24 00:18:35 | INFO     | PR #23 exists, updating description with fresh stats...
2025-12-24 00:18:38 | INFO     | Updated PR #23 with fresh stats
2025-12-24 00:18:38 | INFO     | PR cycle complete
2025-12-24 00:18:38 | INFO     | Run once mode, exiting...
2025-12-24 22:50:03 | INFO     | ============================================================
2025-12-24 22:50:03 | INFO     | News Scraper Daemon Starting
2025-12-24 22:50:03 | INFO     | Fork: hk-hack-007/Hong-Kong-Fire-Documentary-i
2025-12-24 22:50:03 | INFO     | Upstream: adminlby/Hong-Kong-Fire-Documentary
2025-12-24 22:50:03 | INFO     | Sync interval: 10 minutes
2025-12-24 22:50:03 | INFO     | PR interval: 60 minutes
2025-12-24 22:50:03 | INFO     | ============================================================
2025-12-24 22:50:04 | INFO     | gh CLI authenticated
2025-12-24 22:50:04 | INFO     | Setting up git remotes...
2025-12-24 22:50:04 | INFO     | Configured origin remote
2025-12-24 22:50:05 | INFO     | gh CLI authenticated
2025-12-24 22:50:05 | INFO     | ----------------------------------------
2025-12-24 22:50:05 | INFO     | Running periodic health check...
2025-12-24 22:50:05 | INFO     | gh CLI authenticated
2025-12-24 22:50:06 | INFO     | Health check passed
2025-12-24 22:50:06 | INFO     | ----------------------------------------
2025-12-24 22:50:06 | INFO     | Starting sync cycle...
2025-12-24 22:50:06 | INFO     | Syncing with upstream...
2025-12-24 22:50:06 | INFO     | Already up to date with upstream
2025-12-24 22:50:06 | INFO     | Running scraper...
2025-12-24 22:50:07 | INFO     | Found 154 new URLs to scrape
2025-12-24 22:50:38 | INFO     | patching driver executable C:\Users\user\appdata\roaming\undetected_chromedriver\undetected_chromedriver.exe
2025-12-25 00:02:56 | ERROR    | Scraper error: BrowserContext.new_page: Target page, context or browser has been closed
2025-12-25 00:02:56 | INFO     | Committing changes...
2025-12-25 00:02:58 | INFO     | Committed: chore(scraper): auto-scrape 2025-12-25 00:02
2025-12-25 00:03:02 | INFO     | Pushed to origin successfully
2025-12-25 00:03:02 | INFO     | Sync cycle complete
2025-12-25 00:03:02 | INFO     | ----------------------------------------
2025-12-25 00:03:02 | INFO     | Starting PR cycle...
2025-12-25 00:03:04 | INFO     | Pushed to origin successfully
2025-12-25 00:03:04 | INFO     | Managing PR...
2025-12-25 00:03:04 | INFO     | PR #23 exists, updating description with fresh stats...
2025-12-25 00:03:07 | INFO     | Updated PR #23 with fresh stats
2025-12-25 00:03:07 | INFO     | PR cycle complete
2025-12-25 00:03:07 | INFO     | Run once mode, exiting...
2025-12-25 00:03:07 | INFO     | ensuring close
2025-12-25 00:03:07 | INFO     | ensuring close
2025-12-25 00:03:07 | INFO     | ensuring close
2025-12-25 00:03:07 | INFO     | ensuring close
2025-12-25 00:03:07 | INFO     | ensuring close
2025-12-25 00:03:07 | INFO     | ensuring close
2025-12-25 00:03:15 | INFO     | ============================================================
2025-12-25 00:03:15 | INFO     | News Scraper Daemon Starting
2025-12-25 00:03:15 | INFO     | Fork: hk-hack-007/Hong-Kong-Fire-Documentary-i
2025-12-25 00:03:15 | INFO     | Upstream: adminlby/Hong-Kong-Fire-Documentary
2025-12-25 00:03:15 | INFO     | Sync interval: 10 minutes
2025-12-25 00:03:15 | INFO     | PR interval: 60 minutes
2025-12-25 00:03:15 | INFO     | ============================================================
2025-12-25 00:03:15 | INFO     | gh CLI authenticated
2025-12-25 00:03:15 | INFO     | Setting up git remotes...
2025-12-25 00:03:15 | INFO     | Configured origin remote
2025-12-25 00:03:16 | INFO     | gh CLI authenticated
2025-12-25 00:03:16 | INFO     | ----------------------------------------
2025-12-25 00:03:16 | INFO     | Running periodic health check...
2025-12-25 00:03:16 | INFO     | gh CLI authenticated
2025-12-25 00:03:17 | INFO     | Health check passed
2025-12-25 00:03:17 | INFO     | ----------------------------------------
2025-12-25 00:03:17 | INFO     | Starting sync cycle...
2025-12-25 00:03:17 | INFO     | Syncing with upstream...
2025-12-25 00:03:17 | INFO     | Already up to date with upstream
2025-12-25 00:03:17 | INFO     | Running scraper...
2025-12-25 00:03:18 | INFO     | Found 104 new URLs to scrape
2025-12-25 00:08:31 | ERROR    | Scraper error: BrowserContext.new_page: Target page, context or browser has been closed
2025-12-25 00:08:31 | INFO     | Committing changes...
2025-12-25 00:08:32 | INFO     | Committed: chore(scraper): auto-scrape 2025-12-25 00:08
2025-12-25 00:08:35 | INFO     | Pushed to origin successfully
2025-12-25 00:08:35 | INFO     | Sync cycle complete
2025-12-25 00:08:35 | INFO     | ----------------------------------------
2025-12-25 00:08:35 | INFO     | Starting PR cycle...
2025-12-25 00:08:36 | INFO     | Pushed to origin successfully
2025-12-25 00:08:36 | INFO     | Managing PR...
2025-12-25 00:08:37 | INFO     | PR #23 exists, updating description with fresh stats...
2025-12-25 00:08:40 | INFO     | Updated PR #23 with fresh stats
2025-12-25 00:08:40 | INFO     | PR cycle complete
2025-12-25 00:08:40 | INFO     | Run once mode, exiting...
2025-12-25 00:08:42 | INFO     | ============================================================
2025-12-25 00:08:42 | INFO     | News Scraper Daemon Starting
2025-12-25 00:08:42 | INFO     | Fork: hk-hack-007/Hong-Kong-Fire-Documentary-i
2025-12-25 00:08:42 | INFO     | Upstream: adminlby/Hong-Kong-Fire-Documentary
2025-12-25 00:08:42 | INFO     | Sync interval: 10 minutes
2025-12-25 00:08:42 | INFO     | PR interval: 60 minutes
2025-12-25 00:08:42 | INFO     | ============================================================
2025-12-25 00:08:43 | INFO     | gh CLI authenticated
2025-12-25 00:08:43 | INFO     | Setting up git remotes...
2025-12-25 00:08:44 | INFO     | Configured origin remote
2025-12-25 00:08:44 | INFO     | gh CLI authenticated
2025-12-25 00:08:44 | INFO     | ----------------------------------------
2025-12-25 00:08:44 | INFO     | Running periodic health check...
2025-12-25 00:08:45 | INFO     | gh CLI authenticated
2025-12-25 00:08:45 | INFO     | Health check passed
2025-12-25 00:08:45 | INFO     | ----------------------------------------
2025-12-25 00:08:45 | INFO     | Starting sync cycle...
2025-12-25 00:08:45 | INFO     | Syncing with upstream...
2025-12-25 00:08:46 | INFO     | Already up to date with upstream
2025-12-25 00:08:46 | INFO     | Running scraper...
2025-12-25 00:08:46 | INFO     | Found 102 new URLs to scrape
2025-12-25 00:09:31 | INFO     | Daemon stopped by user
2025-12-25 00:09:31 | ERROR    | Future exception was never retrieved
future: <Future finished exception=TargetClosedError('Target page, context or browser has been closed')>
playwright._impl._errors.TargetClosedError: Target page, context or browser has been closed
2025-12-25 00:10:05 | INFO     | ============================================================
2025-12-25 00:10:05 | INFO     | News Scraper Daemon Starting
2025-12-25 00:10:05 | INFO     | Fork: hk-hack-007/Hong-Kong-Fire-Documentary-i
2025-12-25 00:10:05 | INFO     | Upstream: adminlby/Hong-Kong-Fire-Documentary
2025-12-25 00:10:05 | INFO     | Sync interval: 10 minutes
2025-12-25 00:10:05 | INFO     | PR interval: 60 minutes
2025-12-25 00:10:05 | INFO     | ============================================================
2025-12-25 00:10:05 | INFO     | gh CLI authenticated
2025-12-25 00:10:05 | INFO     | Setting up git remotes...
2025-12-25 00:10:05 | INFO     | Configured origin remote
2025-12-25 00:10:06 | INFO     | gh CLI authenticated
2025-12-25 00:10:06 | INFO     | ----------------------------------------
2025-12-25 00:10:06 | INFO     | Running periodic health check...
2025-12-25 00:10:06 | INFO     | gh CLI authenticated
2025-12-25 00:10:07 | INFO     | Health check passed
2025-12-25 00:10:07 | INFO     | ----------------------------------------
2025-12-25 00:10:07 | INFO     | Starting sync cycle...
2025-12-25 00:10:07 | INFO     | Syncing with upstream...
2025-12-25 00:10:07 | INFO     | Already up to date with upstream
2025-12-25 00:10:07 | INFO     | Running scraper...
2025-12-25 00:10:08 | INFO     | Found 10 new URLs to scrape
2025-12-25 00:11:03 | INFO     | Updated cumulative stats: 1933 success, 96 failed across 17 cycles
2025-12-25 00:11:03 | INFO     | Scraper results: 9 success, 1 failed
2025-12-25 00:11:03 | INFO     | Committing changes...
2025-12-25 00:11:04 | INFO     | Committed: chore(scraper): auto-scrape 2025-12-25 00:11
2025-12-25 00:11:08 | INFO     | Pushed to origin successfully
2025-12-25 00:11:08 | INFO     | Sync cycle complete
2025-12-25 00:11:08 | INFO     | ----------------------------------------
2025-12-25 00:11:08 | INFO     | Starting PR cycle...
2025-12-25 00:11:09 | INFO     | Pushed to origin successfully
2025-12-25 00:11:09 | INFO     | Managing PR...
2025-12-25 00:11:10 | INFO     | PR #23 exists, updating description with fresh stats...
2025-12-25 00:11:14 | INFO     | Updated PR #23 with fresh stats
2025-12-25 00:11:14 | INFO     | PR cycle complete
2025-12-25 00:11:14 | INFO     | Run once mode, exiting...
2025-12-25 22:27:55 | INFO     | ============================================================
2025-12-25 22:27:55 | INFO     | News Scraper Daemon Starting
2025-12-25 22:27:55 | INFO     | Fork: hk-hack-007/Hong-Kong-Fire-Documentary-i
2025-12-25 22:27:55 | INFO     | Upstream: adminlby/Hong-Kong-Fire-Documentary
2025-12-25 22:27:55 | INFO     | Sync interval: 10 minutes
2025-12-25 22:27:55 | INFO     | PR interval: 60 minutes
2025-12-25 22:27:55 | INFO     | ============================================================
2025-12-25 22:27:56 | INFO     | gh CLI authenticated
2025-12-25 22:27:56 | INFO     | Setting up git remotes...
2025-12-25 22:27:56 | INFO     | Configured origin remote
2025-12-25 22:27:57 | INFO     | gh CLI authenticated
2025-12-25 22:27:57 | INFO     | ----------------------------------------
2025-12-25 22:27:57 | INFO     | Running periodic health check...
2025-12-25 22:27:57 | INFO     | gh CLI authenticated
2025-12-25 22:27:58 | INFO     | Health check passed
2025-12-25 22:27:58 | INFO     | ----------------------------------------
2025-12-25 22:27:58 | INFO     | Starting sync cycle...
2025-12-25 22:27:58 | INFO     | Syncing with upstream...
2025-12-25 22:27:58 | INFO     | Already up to date with upstream
2025-12-25 22:27:58 | INFO     | Running scraper...
2025-12-25 22:27:59 | INFO     | Found 33 new URLs to scrape
2025-12-25 22:28:46 | INFO     | Updated cumulative stats: 1965 success, 97 failed across 18 cycles
2025-12-25 22:28:46 | INFO     | Scraper results: 32 success, 1 failed
2025-12-25 22:28:46 | INFO     | Committing changes...
2025-12-25 22:28:47 | INFO     | Committed: chore(scraper): auto-scrape 2025-12-25 22:28
2025-12-25 22:28:52 | INFO     | Pushed to origin successfully
2025-12-25 22:28:52 | INFO     | Sync cycle complete
2025-12-25 22:28:52 | INFO     | ----------------------------------------
2025-12-25 22:28:52 | INFO     | Starting PR cycle...
2025-12-25 22:28:53 | INFO     | Pushed to origin successfully
2025-12-25 22:28:53 | INFO     | Managing PR...
2025-12-25 22:28:57 | ERROR    | Failed to create PR: pull request create failed: GraphQL: No commits between adminlby:main and hk-hack-007:main (createPullRequest)

2025-12-25 22:28:57 | INFO     | PR cycle complete
2025-12-25 22:28:57 | INFO     | Run once mode, exiting...
2025-12-26 22:53:19 | INFO     | ============================================================
2025-12-26 22:53:19 | INFO     | News Scraper Daemon Starting
2025-12-26 22:53:19 | INFO     | Fork: hk-hack-007/Hong-Kong-Fire-Documentary-i
2025-12-26 22:53:19 | INFO     | Upstream: adminlby/Hong-Kong-Fire-Documentary
2025-12-26 22:53:19 | INFO     | Sync interval: 10 minutes
2025-12-26 22:53:19 | INFO     | PR interval: 60 minutes
2025-12-26 22:53:19 | INFO     | ============================================================
2025-12-26 22:53:20 | INFO     | gh CLI authenticated
2025-12-26 22:53:20 | INFO     | Setting up git remotes...
2025-12-26 22:53:20 | INFO     | Configured origin remote
2025-12-26 22:53:21 | INFO     | gh CLI authenticated
2025-12-26 22:53:21 | INFO     | ----------------------------------------
2025-12-26 22:53:21 | INFO     | Running periodic health check...
2025-12-26 22:53:21 | INFO     | gh CLI authenticated
2025-12-26 22:53:22 | INFO     | Health check passed
2025-12-26 22:53:22 | INFO     | ----------------------------------------
2025-12-26 22:53:22 | INFO     | Starting sync cycle...
2025-12-26 22:53:22 | INFO     | Syncing with upstream...
2025-12-26 22:53:23 | INFO     | Already up to date with upstream
2025-12-26 22:53:23 | INFO     | Running scraper...
2025-12-26 22:53:23 | INFO     | Found 53 new URLs to scrape
2025-12-26 22:55:39 | INFO     | Updated cumulative stats: 2017 success, 98 failed across 19 cycles
2025-12-26 22:55:39 | INFO     | Scraper results: 52 success, 1 failed
2025-12-26 22:55:40 | INFO     | Committing changes...
2025-12-26 22:55:41 | INFO     | Committed: chore(scraper): auto-scrape 2025-12-26 22:55
2025-12-26 22:55:45 | INFO     | Pushed to origin successfully
2025-12-26 22:55:45 | INFO     | Sync cycle complete
2025-12-26 22:55:45 | INFO     | ----------------------------------------
2025-12-26 22:55:45 | INFO     | Starting PR cycle...
2025-12-26 22:55:47 | INFO     | Pushed to origin successfully
2025-12-26 22:55:47 | INFO     | Managing PR...
2025-12-26 22:55:51 | ERROR    | Failed to create PR: pull request create failed: GraphQL: No commits between adminlby:main and hk-hack-007:main (createPullRequest)

2025-12-26 22:55:51 | INFO     | PR cycle complete
2025-12-26 22:55:51 | INFO     | Run once mode, exiting...
2025-12-27 21:40:11 | INFO     | ============================================================
2025-12-27 21:40:11 | INFO     | News Scraper Daemon Starting
2025-12-27 21:40:11 | INFO     | Fork: hk-hack-007/Hong-Kong-Fire-Documentary-i
2025-12-27 21:40:11 | INFO     | Upstream: adminlby/Hong-Kong-Fire-Documentary
2025-12-27 21:40:11 | INFO     | Sync interval: 10 minutes
2025-12-27 21:40:11 | INFO     | PR interval: 60 minutes
2025-12-27 21:40:11 | INFO     | ============================================================
2025-12-27 21:40:12 | INFO     | gh CLI authenticated
2025-12-27 21:40:12 | INFO     | Setting up git remotes...
2025-12-27 21:40:12 | INFO     | Configured origin remote
2025-12-27 21:40:13 | INFO     | gh CLI authenticated
2025-12-27 21:40:13 | INFO     | ----------------------------------------
2025-12-27 21:40:13 | INFO     | Running periodic health check...
2025-12-27 21:40:13 | INFO     | gh CLI authenticated
2025-12-27 21:40:14 | INFO     | Health check passed
2025-12-27 21:40:14 | INFO     | ----------------------------------------
2025-12-27 21:40:14 | INFO     | Starting sync cycle...
2025-12-27 21:40:14 | INFO     | Syncing with upstream...
2025-12-27 21:40:14 | INFO     | Already up to date with upstream
2025-12-27 21:40:14 | INFO     | Running scraper...
2025-12-27 21:40:15 | INFO     | Found 30 new URLs to scrape
2025-12-27 21:41:44 | INFO     | Updated cumulative stats: 2046 success, 99 failed across 20 cycles
2025-12-27 21:41:44 | INFO     | Scraper results: 29 success, 1 failed
2025-12-27 21:41:44 | INFO     | Committing changes...
2025-12-27 21:41:45 | INFO     | Committed: chore(scraper): auto-scrape 2025-12-27 21:41
2025-12-27 21:41:51 | INFO     | Pushed to origin successfully
2025-12-27 21:41:51 | INFO     | Sync cycle complete
2025-12-27 21:41:51 | INFO     | ----------------------------------------
2025-12-27 21:41:51 | INFO     | Starting PR cycle...
2025-12-27 21:41:52 | INFO     | Pushed to origin successfully
2025-12-27 21:41:52 | INFO     | Managing PR...
2025-12-27 21:41:56 | ERROR    | Failed to create PR: pull request create failed: GraphQL: No commits between adminlby:main and hk-hack-007:main (createPullRequest)

2025-12-27 21:41:56 | INFO     | PR cycle complete
2025-12-27 21:41:56 | INFO     | Run once mode, exiting...
2025-12-28 22:48:33 | INFO     | ============================================================
2025-12-28 22:48:33 | INFO     | News Scraper Daemon Starting
2025-12-28 22:48:33 | INFO     | Fork: hk-hack-007/Hong-Kong-Fire-Documentary-i
2025-12-28 22:48:33 | INFO     | Upstream: adminlby/Hong-Kong-Fire-Documentary
2025-12-28 22:48:33 | INFO     | Sync interval: 10 minutes
2025-12-28 22:48:33 | INFO     | PR interval: 60 minutes
2025-12-28 22:48:33 | INFO     | ============================================================
2025-12-28 22:48:33 | INFO     | gh CLI authenticated
2025-12-28 22:48:33 | INFO     | Setting up git remotes...
2025-12-28 22:48:33 | INFO     | Configured origin remote
2025-12-28 22:48:34 | INFO     | gh CLI authenticated
2025-12-28 22:48:35 | INFO     | ----------------------------------------
2025-12-28 22:48:35 | INFO     | Running periodic health check...
2025-12-28 22:48:35 | INFO     | gh CLI authenticated
2025-12-28 22:48:35 | INFO     | Health check passed
2025-12-28 22:48:35 | INFO     | ----------------------------------------
2025-12-28 22:48:35 | INFO     | Starting sync cycle...
2025-12-28 22:48:35 | INFO     | Syncing with upstream...
2025-12-28 22:48:37 | INFO     | Already up to date with upstream
2025-12-28 22:48:37 | INFO     | Running scraper...
2025-12-28 22:48:38 | INFO     | Found 11 new URLs to scrape
2025-12-28 22:49:59 | INFO     | Updated cumulative stats: 2056 success, 100 failed across 21 cycles
2025-12-28 22:49:59 | INFO     | Scraper results: 10 success, 1 failed
2025-12-28 22:49:59 | INFO     | Committing changes...
2025-12-28 22:50:00 | INFO     | Committed: chore(scraper): auto-scrape 2025-12-28 22:50
2025-12-28 22:50:04 | INFO     | Pushed to origin successfully
2025-12-28 22:50:04 | INFO     | Sync cycle complete
2025-12-28 22:50:04 | INFO     | ----------------------------------------
2025-12-28 22:50:04 | INFO     | Starting PR cycle...
2025-12-28 22:50:06 | INFO     | Pushed to origin successfully
2025-12-28 22:50:06 | INFO     | Managing PR...
2025-12-28 22:50:08 | INFO     | PR #26 exists, updating description with fresh stats...
2025-12-28 22:50:12 | INFO     | Updated PR #26 with fresh stats
2025-12-28 22:50:12 | INFO     | PR cycle complete
2025-12-28 22:50:12 | INFO     | Run once mode, exiting...
2025-12-29 22:12:36 | INFO     | ============================================================
2025-12-29 22:12:36 | INFO     | News Scraper Daemon Starting
2025-12-29 22:12:36 | INFO     | Fork: hk-hack-007/Hong-Kong-Fire-Documentary-i
2025-12-29 22:12:36 | INFO     | Upstream: adminlby/Hong-Kong-Fire-Documentary
2025-12-29 22:12:36 | INFO     | Sync interval: 10 minutes
2025-12-29 22:12:36 | INFO     | PR interval: 60 minutes
2025-12-29 22:12:36 | INFO     | ============================================================
2025-12-29 22:12:37 | INFO     | gh CLI authenticated
2025-12-29 22:12:37 | INFO     | Setting up git remotes...
2025-12-29 22:12:37 | INFO     | Configured origin remote
2025-12-29 22:12:38 | INFO     | gh CLI authenticated
2025-12-29 22:12:38 | INFO     | ----------------------------------------
2025-12-29 22:12:38 | INFO     | Running periodic health check...
2025-12-29 22:12:38 | INFO     | gh CLI authenticated
2025-12-29 22:12:39 | INFO     | Health check passed
2025-12-29 22:12:39 | INFO     | ----------------------------------------
2025-12-29 22:12:39 | INFO     | Starting sync cycle...
2025-12-29 22:12:39 | INFO     | Syncing with upstream...
2025-12-29 22:12:40 | INFO     | Already up to date with upstream
2025-12-29 22:12:40 | INFO     | Running scraper...
2025-12-29 22:12:40 | INFO     | Found 50 new URLs to scrape
2025-12-29 22:16:14 | INFO     | Updated cumulative stats: 2105 success, 101 failed across 22 cycles
2025-12-29 22:16:14 | INFO     | Scraper results: 49 success, 1 failed
2025-12-29 22:16:14 | INFO     | Committing changes...
2025-12-29 22:16:16 | INFO     | Committed: chore(scraper): auto-scrape 2025-12-29 22:16
2025-12-29 22:16:20 | INFO     | Pushed to origin successfully
2025-12-29 22:16:20 | INFO     | Sync cycle complete
2025-12-29 22:16:20 | INFO     | ----------------------------------------
2025-12-29 22:16:20 | INFO     | Starting PR cycle...
2025-12-29 22:16:21 | INFO     | Pushed to origin successfully
2025-12-29 22:16:21 | INFO     | Managing PR...
2025-12-29 22:16:24 | ERROR    | Failed to create PR: pull request create failed: GraphQL: No commits between adminlby:main and hk-hack-007:main (createPullRequest)

2025-12-29 22:16:24 | INFO     | PR cycle complete
2025-12-29 22:16:24 | INFO     | Run once mode, exiting...
2025-12-30 22:15:43 | INFO     | ============================================================
2025-12-30 22:15:43 | INFO     | News Scraper Daemon Starting
2025-12-30 22:15:43 | INFO     | Fork: hk-hack-007/Hong-Kong-Fire-Documentary-i
2025-12-30 22:15:43 | INFO     | Upstream: adminlby/Hong-Kong-Fire-Documentary
2025-12-30 22:15:43 | INFO     | Sync interval: 10 minutes
2025-12-30 22:15:43 | INFO     | PR interval: 60 minutes
2025-12-30 22:15:43 | INFO     | ============================================================
2025-12-30 22:15:43 | INFO     | gh CLI authenticated
2025-12-30 22:15:43 | INFO     | Setting up git remotes...
2025-12-30 22:15:43 | INFO     | Configured origin remote
2025-12-30 22:15:44 | INFO     | gh CLI authenticated
2025-12-30 22:15:44 | INFO     | ----------------------------------------
2025-12-30 22:15:44 | INFO     | Running periodic health check...
2025-12-30 22:15:45 | INFO     | gh CLI authenticated
2025-12-30 22:15:45 | INFO     | Health check passed
2025-12-30 22:15:45 | INFO     | ----------------------------------------
2025-12-30 22:15:45 | INFO     | Starting sync cycle...
2025-12-30 22:15:45 | INFO     | Syncing with upstream...
2025-12-30 22:15:46 | INFO     | Already up to date with upstream
2025-12-30 22:15:46 | INFO     | Running scraper...
2025-12-30 22:15:47 | INFO     | Found 45 new URLs to scrape
2025-12-30 22:17:22 | INFO     | patching driver executable C:\Users\user\appdata\roaming\undetected_chromedriver\undetected_chromedriver.exe
2025-12-30 22:23:03 | INFO     | Updated cumulative stats: 2149 success, 102 failed across 23 cycles
2025-12-30 22:23:03 | INFO     | Scraper results: 44 success, 1 failed
2025-12-30 22:23:03 | INFO     | Committing changes...
2025-12-30 22:23:05 | INFO     | Committed: chore(scraper): auto-scrape 2025-12-30 22:23
2025-12-30 22:23:10 | INFO     | Pushed to origin successfully
2025-12-30 22:23:10 | INFO     | Sync cycle complete
2025-12-30 22:23:10 | INFO     | ----------------------------------------
2025-12-30 22:23:10 | INFO     | Starting PR cycle...
2025-12-30 22:23:11 | INFO     | Pushed to origin successfully
2025-12-30 22:23:11 | INFO     | Managing PR...
2025-12-30 22:23:12 | INFO     | PR #28 exists, updating description with fresh stats...
2025-12-30 22:23:16 | INFO     | Updated PR #28 with fresh stats
2025-12-30 22:23:16 | INFO     | PR cycle complete
2025-12-30 22:23:16 | INFO     | Run once mode, exiting...
2025-12-30 22:23:16 | INFO     | ensuring close
2025-12-30 22:23:16 | INFO     | ensuring close
2025-12-30 22:23:16 | INFO     | ensuring close
2025-12-30 22:23:16 | INFO     | ensuring close
2025-12-30 22:23:16 | INFO     | ensuring close
2025-12-31 22:03:30 | INFO     | ============================================================
2025-12-31 22:03:30 | INFO     | News Scraper Daemon Starting
2025-12-31 22:03:30 | INFO     | Fork: hk-hack-007/Hong-Kong-Fire-Documentary-i
2025-12-31 22:03:30 | INFO     | Upstream: adminlby/Hong-Kong-Fire-Documentary
2025-12-31 22:03:30 | INFO     | Sync interval: 10 minutes
2025-12-31 22:03:30 | INFO     | PR interval: 60 minutes
2025-12-31 22:03:30 | INFO     | ============================================================
2025-12-31 22:03:31 | INFO     | gh CLI authenticated
2025-12-31 22:03:31 | INFO     | Setting up git remotes...
2025-12-31 22:03:31 | INFO     | Configured origin remote
2025-12-31 22:03:31 | INFO     | gh CLI authenticated
2025-12-31 22:03:32 | INFO     | ----------------------------------------
2025-12-31 22:03:32 | INFO     | Running periodic health check...
2025-12-31 22:03:32 | INFO     | gh CLI authenticated
2025-12-31 22:03:33 | INFO     | Health check passed
2025-12-31 22:03:33 | INFO     | ----------------------------------------
2025-12-31 22:03:33 | INFO     | Starting sync cycle...
2025-12-31 22:03:33 | INFO     | Syncing with upstream...
2025-12-31 22:03:34 | INFO     | Already up to date with upstream
2025-12-31 22:03:34 | INFO     | Running scraper...
2025-12-31 22:03:34 | INFO     | Found 18 new URLs to scrape
2025-12-31 22:06:00 | INFO     | Updated cumulative stats: 2166 success, 103 failed across 24 cycles
2025-12-31 22:06:00 | INFO     | Scraper results: 17 success, 1 failed
2025-12-31 22:06:00 | INFO     | Committing changes...
2025-12-31 22:06:01 | INFO     | Committed: chore(scraper): auto-scrape 2025-12-31 22:06
2025-12-31 22:06:06 | INFO     | Pushed to origin successfully
2025-12-31 22:06:06 | INFO     | Sync cycle complete
2025-12-31 22:06:06 | INFO     | ----------------------------------------
2025-12-31 22:06:06 | INFO     | Starting PR cycle...
2025-12-31 22:06:07 | INFO     | Pushed to origin successfully
2025-12-31 22:06:07 | INFO     | Managing PR...
2025-12-31 22:06:08 | INFO     | PR #28 exists, updating description with fresh stats...
2025-12-31 22:06:11 | INFO     | Updated PR #28 with fresh stats
2025-12-31 22:06:11 | INFO     | PR cycle complete
2025-12-31 22:06:11 | INFO     | Run once mode, exiting...
2026-01-01 21:55:48 | INFO     | ============================================================
2026-01-01 21:55:48 | INFO     | News Scraper Daemon Starting
2026-01-01 21:55:48 | INFO     | Fork: hk-hack-007/Hong-Kong-Fire-Documentary-i
2026-01-01 21:55:48 | INFO     | Upstream: adminlby/Hong-Kong-Fire-Documentary
2026-01-01 21:55:48 | INFO     | Sync interval: 10 minutes
2026-01-01 21:55:48 | INFO     | PR interval: 60 minutes
2026-01-01 21:55:48 | INFO     | ============================================================
2026-01-01 21:55:49 | INFO     | gh CLI authenticated
2026-01-01 21:55:49 | INFO     | Setting up git remotes...
2026-01-01 21:55:49 | INFO     | Configured origin remote
2026-01-01 21:55:50 | INFO     | gh CLI authenticated
2026-01-01 21:55:50 | INFO     | ----------------------------------------
2026-01-01 21:55:50 | INFO     | Running periodic health check...
2026-01-01 21:55:51 | INFO     | gh CLI authenticated
2026-01-01 21:55:51 | INFO     | Health check passed
2026-01-01 21:55:51 | INFO     | ----------------------------------------
2026-01-01 21:55:51 | INFO     | Starting sync cycle...
2026-01-01 21:55:51 | INFO     | Syncing with upstream...
2026-01-01 21:55:52 | INFO     | Already up to date with upstream
2026-01-01 21:55:52 | INFO     | Running scraper...
2026-01-01 21:55:53 | INFO     | Found 26 new URLs to scrape
2026-01-01 21:56:46 | INFO     | Updated cumulative stats: 2191 success, 104 failed across 25 cycles
2026-01-01 21:56:46 | INFO     | Scraper results: 25 success, 1 failed
2026-01-01 21:56:46 | INFO     | Committing changes...
2026-01-01 21:56:47 | INFO     | Committed: chore(scraper): auto-scrape 2026-01-01 21:56
2026-01-01 21:56:51 | INFO     | Pushed to origin successfully
2026-01-01 21:56:51 | INFO     | Sync cycle complete
2026-01-01 21:56:51 | INFO     | ----------------------------------------
2026-01-01 21:56:51 | INFO     | Starting PR cycle...
2026-01-01 21:56:53 | INFO     | Pushed to origin successfully
2026-01-01 21:56:53 | INFO     | Managing PR...
2026-01-01 21:56:54 | INFO     | PR #28 exists, updating description with fresh stats...
2026-01-01 21:56:57 | INFO     | Updated PR #28 with fresh stats
2026-01-01 21:56:57 | INFO     | PR cycle complete
2026-01-01 21:56:57 | INFO     | Run once mode, exiting...
2026-01-02 22:07:56 | INFO     | ============================================================
2026-01-02 22:07:56 | INFO     | News Scraper Daemon Starting
2026-01-02 22:07:56 | INFO     | Fork: hk-hack-007/Hong-Kong-Fire-Documentary-i
2026-01-02 22:07:56 | INFO     | Upstream: adminlby/Hong-Kong-Fire-Documentary
2026-01-02 22:07:56 | INFO     | Sync interval: 10 minutes
2026-01-02 22:07:56 | INFO     | PR interval: 60 minutes
2026-01-02 22:07:56 | INFO     | ============================================================
2026-01-02 22:07:57 | INFO     | gh CLI authenticated
2026-01-02 22:07:57 | INFO     | Setting up git remotes...
2026-01-02 22:07:57 | INFO     | Configured origin remote
2026-01-02 22:07:57 | INFO     | gh CLI authenticated
2026-01-02 22:07:58 | INFO     | ----------------------------------------
2026-01-02 22:07:58 | INFO     | Running periodic health check...
2026-01-02 22:07:58 | INFO     | gh CLI authenticated
2026-01-02 22:07:58 | INFO     | Health check passed
2026-01-02 22:07:58 | INFO     | ----------------------------------------
2026-01-02 22:07:58 | INFO     | Starting sync cycle...
2026-01-02 22:07:58 | INFO     | Syncing with upstream...
2026-01-02 22:07:59 | INFO     | Already up to date with upstream
2026-01-02 22:07:59 | INFO     | Running scraper...
2026-01-02 22:08:00 | INFO     | Found 37 new URLs to scrape
2026-01-02 22:12:42 | INFO     | Updated cumulative stats: 2227 success, 105 failed across 26 cycles
2026-01-02 22:12:42 | INFO     | Scraper results: 36 success, 1 failed
2026-01-02 22:12:42 | INFO     | Committing changes...
2026-01-02 22:12:43 | INFO     | Committed: chore(scraper): auto-scrape 2026-01-02 22:12
2026-01-02 22:12:47 | INFO     | Pushed to origin successfully
2026-01-02 22:12:47 | INFO     | Sync cycle complete
2026-01-02 22:12:47 | INFO     | ----------------------------------------
2026-01-02 22:12:47 | INFO     | Starting PR cycle...
2026-01-02 22:12:48 | INFO     | Pushed to origin successfully
2026-01-02 22:12:48 | INFO     | Managing PR...
2026-01-02 22:12:53 | ERROR    | Failed to create PR: pull request create failed: GraphQL: No commits between adminlby:main and hk-hack-007:main (createPullRequest)

2026-01-02 22:12:53 | INFO     | PR cycle complete
2026-01-02 22:12:53 | INFO     | Run once mode, exiting...
2026-01-03 20:18:13 | INFO     | ============================================================
2026-01-03 20:18:13 | INFO     | News Scraper Daemon Starting
2026-01-03 20:18:13 | INFO     | Fork: hk-hack-007/Hong-Kong-Fire-Documentary-i
2026-01-03 20:18:13 | INFO     | Upstream: adminlby/Hong-Kong-Fire-Documentary
2026-01-03 20:18:13 | INFO     | Sync interval: 10 minutes
2026-01-03 20:18:13 | INFO     | PR interval: 60 minutes
2026-01-03 20:18:13 | INFO     | ============================================================
2026-01-03 20:18:14 | INFO     | gh CLI authenticated
2026-01-03 20:18:14 | INFO     | Setting up git remotes...
2026-01-03 20:18:14 | INFO     | Configured origin remote
2026-01-03 20:18:14 | INFO     | gh CLI authenticated
2026-01-03 20:18:15 | INFO     | ----------------------------------------
2026-01-03 20:18:15 | INFO     | Running periodic health check...
2026-01-03 20:18:15 | INFO     | gh CLI authenticated
2026-01-03 20:18:15 | INFO     | Health check passed
2026-01-03 20:18:15 | INFO     | ----------------------------------------
2026-01-03 20:18:15 | INFO     | Starting sync cycle...
2026-01-03 20:18:15 | INFO     | Syncing with upstream...
2026-01-03 20:18:16 | INFO     | Already up to date with upstream
2026-01-03 20:18:16 | INFO     | Running scraper...
2026-01-03 20:18:17 | INFO     | Found 29 new URLs to scrape
2026-01-03 20:18:25 | INFO     | patching driver executable C:\Users\user\appdata\roaming\undetected_chromedriver\undetected_chromedriver.exe
2026-01-03 20:20:09 | INFO     | Updated cumulative stats: 2255 success, 106 failed across 27 cycles
2026-01-03 20:20:09 | INFO     | Scraper results: 28 success, 1 failed
2026-01-03 20:20:10 | INFO     | Committing changes...
2026-01-03 20:20:11 | INFO     | Committed: chore(scraper): auto-scrape 2026-01-03 20:20
2026-01-03 20:20:15 | INFO     | Pushed to origin successfully
2026-01-03 20:20:15 | INFO     | Sync cycle complete
2026-01-03 20:20:15 | INFO     | ----------------------------------------
2026-01-03 20:20:15 | INFO     | Starting PR cycle...
2026-01-03 20:20:17 | INFO     | Pushed to origin successfully
2026-01-03 20:20:17 | INFO     | Managing PR...
2026-01-03 20:20:17 | INFO     | PR #30 exists, updating description with fresh stats...
2026-01-03 20:20:20 | INFO     | Updated PR #30 with fresh stats
2026-01-03 20:20:20 | INFO     | PR cycle complete
2026-01-03 20:20:20 | INFO     | Run once mode, exiting...
2026-01-03 20:20:20 | INFO     | ensuring close
2026-01-03 20:20:20 | INFO     | ensuring close
2026-01-03 20:20:20 | INFO     | ensuring close
2026-01-03 20:20:20 | INFO     | ensuring close
2026-01-03 20:20:20 | INFO     | ensuring close
2026-01-04 21:14:57 | INFO     | ============================================================
2026-01-04 21:14:57 | INFO     | News Scraper Daemon Starting
2026-01-04 21:14:57 | INFO     | Fork: hk-hack-007/Hong-Kong-Fire-Documentary-i
2026-01-04 21:14:57 | INFO     | Upstream: adminlby/Hong-Kong-Fire-Documentary
2026-01-04 21:14:57 | INFO     | Sync interval: 10 minutes
2026-01-04 21:14:57 | INFO     | PR interval: 60 minutes
2026-01-04 21:14:57 | INFO     | ============================================================
2026-01-04 21:14:58 | INFO     | gh CLI authenticated
2026-01-04 21:14:58 | INFO     | Setting up git remotes...
2026-01-04 21:14:58 | INFO     | Configured origin remote
2026-01-04 21:14:58 | INFO     | gh CLI authenticated
2026-01-04 21:14:59 | INFO     | ----------------------------------------
2026-01-04 21:14:59 | INFO     | Running periodic health check...
2026-01-04 21:14:59 | INFO     | gh CLI authenticated
2026-01-04 21:14:59 | INFO     | Health check passed
2026-01-04 21:14:59 | INFO     | ----------------------------------------
2026-01-04 21:14:59 | INFO     | Starting sync cycle...
2026-01-04 21:14:59 | INFO     | Syncing with upstream...
2026-01-04 21:15:00 | INFO     | Already up to date with upstream
2026-01-04 21:15:00 | INFO     | Running scraper...
2026-01-04 21:15:01 | INFO     | Found 29 new URLs to scrape
2026-01-04 21:17:00 | INFO     | Updated cumulative stats: 2283 success, 107 failed across 28 cycles
2026-01-04 21:17:00 | INFO     | Scraper results: 28 success, 1 failed
2026-01-04 21:17:00 | INFO     | Committing changes...
2026-01-04 21:17:01 | INFO     | Committed: chore(scraper): auto-scrape 2026-01-04 21:17
2026-01-04 21:17:05 | INFO     | Pushed to origin successfully
2026-01-04 21:17:05 | INFO     | Sync cycle complete
2026-01-04 21:17:05 | INFO     | ----------------------------------------
2026-01-04 21:17:05 | INFO     | Starting PR cycle...
2026-01-04 21:17:06 | INFO     | Pushed to origin successfully
2026-01-04 21:17:06 | INFO     | Managing PR...
2026-01-04 21:17:07 | INFO     | PR #30 exists, updating description with fresh stats...
2026-01-04 21:17:10 | INFO     | Updated PR #30 with fresh stats
2026-01-04 21:17:10 | INFO     | PR cycle complete
2026-01-04 21:17:10 | INFO     | Run once mode, exiting...
2026-01-05 22:21:18 | INFO     | ============================================================
2026-01-05 22:21:18 | INFO     | News Scraper Daemon Starting
2026-01-05 22:21:18 | INFO     | Fork: hk-hack-007/Hong-Kong-Fire-Documentary-i
2026-01-05 22:21:18 | INFO     | Upstream: adminlby/Hong-Kong-Fire-Documentary
2026-01-05 22:21:18 | INFO     | Sync interval: 10 minutes
2026-01-05 22:21:18 | INFO     | PR interval: 60 minutes
2026-01-05 22:21:18 | INFO     | ============================================================
2026-01-05 22:21:19 | INFO     | gh CLI authenticated
2026-01-05 22:21:19 | INFO     | Setting up git remotes...
2026-01-05 22:21:19 | INFO     | Configured origin remote
2026-01-05 22:21:20 | INFO     | gh CLI authenticated
2026-01-05 22:21:20 | INFO     | ----------------------------------------
2026-01-05 22:21:20 | INFO     | Running periodic health check...
2026-01-05 22:21:21 | INFO     | gh CLI authenticated
2026-01-05 22:21:21 | INFO     | Health check passed
2026-01-05 22:21:21 | INFO     | ----------------------------------------
2026-01-05 22:21:21 | INFO     | Starting sync cycle...
2026-01-05 22:21:21 | INFO     | Syncing with upstream...
2026-01-05 22:21:22 | INFO     | Already up to date with upstream
2026-01-05 22:21:22 | INFO     | Running scraper...
2026-01-05 22:21:23 | INFO     | Found 206 new URLs to scrape
2026-01-05 22:21:43 | INFO     | Daemon stopped by user
2026-01-05 22:21:43 | INFO     | ensuring close
2026-01-05 22:21:43 | ERROR    | Task was destroyed but it is pending!
task: <Task cancelling name='Task-1' coro=<run_scraper_async() running at C:\y\Hong-Kong-Fire-Documentary-i\scripts\scrapers\content_scraper\scraper.py:706> wait_for=<Future pending cb=[Task.task_wakeup()]> cb=[gather.<locals>._done_callback() at C:\Users\user\AppData\Local\Programs\Python\Python314\Lib\asyncio\tasks.py:810]>
2026-01-05 22:23:31 | INFO     | ============================================================
2026-01-05 22:23:31 | INFO     | News Scraper Daemon Starting
2026-01-05 22:23:31 | INFO     | Fork: hk-hack-007/Hong-Kong-Fire-Documentary-i
2026-01-05 22:23:31 | INFO     | Upstream: adminlby/Hong-Kong-Fire-Documentary
2026-01-05 22:23:31 | INFO     | Sync interval: 10 minutes
2026-01-05 22:23:31 | INFO     | PR interval: 60 minutes
2026-01-05 22:23:31 | INFO     | ============================================================
2026-01-05 22:23:32 | INFO     | gh CLI authenticated
2026-01-05 22:23:32 | INFO     | Setting up git remotes...
2026-01-05 22:23:32 | INFO     | Configured origin remote
2026-01-05 22:23:33 | INFO     | gh CLI authenticated
2026-01-05 22:23:33 | INFO     | ----------------------------------------
2026-01-05 22:23:33 | INFO     | Running periodic health check...
2026-01-05 22:23:33 | INFO     | gh CLI authenticated
2026-01-05 22:23:34 | INFO     | Health check passed
2026-01-05 22:23:34 | INFO     | ----------------------------------------
2026-01-05 22:23:34 | INFO     | Starting sync cycle...
2026-01-05 22:23:34 | INFO     | Syncing with upstream...
2026-01-05 22:23:38 | INFO     | Already up to date with upstream
2026-01-05 22:23:38 | INFO     | Running scraper...
2026-01-05 22:23:39 | INFO     | Found 37 new URLs to scrape
2026-01-05 22:23:48 | INFO     | patching driver executable C:\Users\user\appdata\roaming\undetected_chromedriver\undetected_chromedriver.exe
2026-01-05 22:27:09 | INFO     | Updated cumulative stats: 2318 success, 109 failed across 29 cycles
2026-01-05 22:27:09 | INFO     | Scraper results: 35 success, 2 failed
2026-01-05 22:27:10 | INFO     | Committing changes...
2026-01-05 22:27:11 | INFO     | Committed: chore(scraper): auto-scrape 2026-01-05 22:27
2026-01-05 22:27:15 | INFO     | Pushed to origin successfully
2026-01-05 22:27:15 | INFO     | Sync cycle complete
2026-01-05 22:27:15 | INFO     | ----------------------------------------
2026-01-05 22:27:15 | INFO     | Starting PR cycle...
2026-01-05 22:27:16 | INFO     | Pushed to origin successfully
2026-01-05 22:27:16 | INFO     | Managing PR...
2026-01-05 22:27:18 | INFO     | PR #30 exists, updating description with fresh stats...
2026-01-05 22:27:21 | INFO     | Updated PR #30 with fresh stats
2026-01-05 22:27:21 | INFO     | PR cycle complete
2026-01-05 22:27:21 | INFO     | Run once mode, exiting...
2026-01-05 22:27:21 | INFO     | ensuring close
2026-01-05 22:27:21 | INFO     | ensuring close
2026-01-06 22:40:49 | INFO     | ============================================================
2026-01-06 22:40:49 | INFO     | News Scraper Daemon Starting
2026-01-06 22:40:49 | INFO     | Fork: hk-hack-007/Hong-Kong-Fire-Documentary-i
2026-01-06 22:40:49 | INFO     | Upstream: adminlby/Hong-Kong-Fire-Documentary
2026-01-06 22:40:49 | INFO     | Sync interval: 10 minutes
2026-01-06 22:40:49 | INFO     | PR interval: 60 minutes
2026-01-06 22:40:49 | INFO     | ============================================================
2026-01-06 22:40:50 | INFO     | gh CLI authenticated
2026-01-06 22:40:50 | INFO     | Setting up git remotes...
2026-01-06 22:40:50 | INFO     | Configured origin remote
2026-01-06 22:40:50 | INFO     | gh CLI authenticated
2026-01-06 22:40:51 | INFO     | ----------------------------------------
2026-01-06 22:40:51 | INFO     | Running periodic health check...
2026-01-06 22:40:51 | INFO     | gh CLI authenticated
2026-01-06 22:40:51 | INFO     | Health check passed
2026-01-06 22:40:51 | INFO     | ----------------------------------------
2026-01-06 22:40:51 | INFO     | Starting sync cycle...
2026-01-06 22:40:51 | INFO     | Syncing with upstream...
2026-01-06 22:40:52 | INFO     | Already up to date with upstream
2026-01-06 22:40:52 | INFO     | Running scraper...
2026-01-06 22:40:53 | INFO     | Found 89 new URLs to scrape
2026-01-06 22:41:29 | INFO     | patching driver executable C:\Users\user\appdata\roaming\undetected_chromedriver\undetected_chromedriver.exe
2026-01-06 22:46:12 | INFO     | Updated cumulative stats: 2406 success, 110 failed across 30 cycles
2026-01-06 22:46:12 | INFO     | Scraper results: 88 success, 1 failed
2026-01-06 22:46:12 | INFO     | Committing changes...
2026-01-06 22:46:14 | INFO     | Committed: chore(scraper): auto-scrape 2026-01-06 22:46
2026-01-06 22:46:19 | INFO     | Pushed to origin successfully
2026-01-06 22:46:19 | INFO     | Sync cycle complete
2026-01-06 22:46:19 | INFO     | ----------------------------------------
2026-01-06 22:46:19 | INFO     | Starting PR cycle...
2026-01-06 22:46:20 | INFO     | Pushed to origin successfully
2026-01-06 22:46:20 | INFO     | Managing PR...
2026-01-06 22:46:22 | INFO     | PR #30 exists, updating description with fresh stats...
2026-01-06 22:46:26 | INFO     | Updated PR #30 with fresh stats
2026-01-06 22:46:26 | INFO     | PR cycle complete
2026-01-06 22:46:26 | INFO     | Run once mode, exiting...
2026-01-06 22:46:26 | INFO     | ensuring close
2026-01-06 22:46:26 | INFO     | ensuring close
2026-01-06 22:46:26 | INFO     | ensuring close
2026-01-06 22:46:26 | INFO     | ensuring close
2026-01-06 22:46:26 | INFO     | ensuring close
2026-01-06 22:46:26 | INFO     | ensuring close
2026-01-06 22:46:26 | INFO     | ensuring close
2026-01-07 22:44:24 | INFO     | ============================================================
2026-01-07 22:44:24 | INFO     | News Scraper Daemon Starting
2026-01-07 22:44:24 | INFO     | Fork: hk-hack-007/Hong-Kong-Fire-Documentary-i
2026-01-07 22:44:24 | INFO     | Upstream: adminlby/Hong-Kong-Fire-Documentary
2026-01-07 22:44:24 | INFO     | Sync interval: 10 minutes
2026-01-07 22:44:24 | INFO     | PR interval: 60 minutes
2026-01-07 22:44:24 | INFO     | ============================================================
2026-01-07 22:44:24 | INFO     | gh CLI authenticated
2026-01-07 22:44:24 | INFO     | Setting up git remotes...
2026-01-07 22:44:25 | INFO     | Configured origin remote
2026-01-07 22:44:25 | INFO     | gh CLI authenticated
2026-01-07 22:44:25 | INFO     | ----------------------------------------
2026-01-07 22:44:25 | INFO     | Running periodic health check...
2026-01-07 22:44:26 | INFO     | gh CLI authenticated
2026-01-07 22:44:26 | INFO     | Health check passed
2026-01-07 22:44:26 | INFO     | ----------------------------------------
2026-01-07 22:44:26 | INFO     | Starting sync cycle...
2026-01-07 22:44:26 | INFO     | Syncing with upstream...
2026-01-07 22:44:27 | INFO     | Already up to date with upstream
2026-01-07 22:44:27 | INFO     | Running scraper...
2026-01-07 22:44:28 | INFO     | Found 233 new URLs to scrape
2026-01-07 22:44:32 | INFO     | patching driver executable C:\Users\user\appdata\roaming\undetected_chromedriver\undetected_chromedriver.exe
2026-01-07 22:45:05 | INFO     | Daemon stopped by user
2026-01-07 22:45:05 | INFO     | ensuring close
2026-01-07 22:45:05 | INFO     | ensuring close
2026-01-07 22:47:02 | INFO     | ============================================================
2026-01-07 22:47:02 | INFO     | News Scraper Daemon Starting
2026-01-07 22:47:02 | INFO     | Fork: hk-hack-007/Hong-Kong-Fire-Documentary-i
2026-01-07 22:47:02 | INFO     | Upstream: adminlby/Hong-Kong-Fire-Documentary
2026-01-07 22:47:02 | INFO     | Sync interval: 10 minutes
2026-01-07 22:47:02 | INFO     | PR interval: 60 minutes
2026-01-07 22:47:02 | INFO     | ============================================================
2026-01-07 22:47:03 | INFO     | gh CLI authenticated
2026-01-07 22:47:03 | INFO     | Setting up git remotes...
2026-01-07 22:47:03 | INFO     | Configured origin remote
2026-01-07 22:47:03 | INFO     | gh CLI authenticated
2026-01-07 22:47:03 | INFO     | ----------------------------------------
2026-01-07 22:47:03 | INFO     | Running periodic health check...
2026-01-07 22:47:04 | INFO     | gh CLI authenticated
2026-01-07 22:47:04 | INFO     | Health check passed
2026-01-07 22:47:04 | INFO     | ----------------------------------------
2026-01-07 22:47:04 | INFO     | Starting sync cycle...
2026-01-07 22:47:04 | INFO     | Syncing with upstream...
2026-01-07 22:47:05 | INFO     | Already up to date with upstream
2026-01-07 22:47:05 | INFO     | Running scraper...
2026-01-07 22:47:05 | INFO     | Found 37 new URLs to scrape
2026-01-07 22:48:05 | INFO     | Updated cumulative stats: 2442 success, 111 failed across 31 cycles
2026-01-07 22:48:05 | INFO     | Scraper results: 36 success, 1 failed
2026-01-07 22:48:05 | INFO     | Committing changes...
2026-01-07 22:48:07 | INFO     | Committed: chore(scraper): auto-scrape 2026-01-07 22:48
2026-01-07 22:48:11 | INFO     | Pushed to origin successfully
2026-01-07 22:48:11 | INFO     | Sync cycle complete
2026-01-07 22:48:11 | INFO     | ----------------------------------------
2026-01-07 22:48:11 | INFO     | Starting PR cycle...
2026-01-07 22:48:13 | INFO     | Pushed to origin successfully
2026-01-07 22:48:13 | INFO     | Managing PR...
2026-01-07 22:48:14 | INFO     | PR #30 exists, updating description with fresh stats...
2026-01-07 22:48:18 | INFO     | Updated PR #30 with fresh stats
2026-01-07 22:48:18 | INFO     | PR cycle complete
2026-01-07 22:48:18 | INFO     | Run once mode, exiting...
2026-01-08 22:43:46 | INFO     | ============================================================
2026-01-08 22:43:46 | INFO     | News Scraper Daemon Starting
2026-01-08 22:43:46 | INFO     | Fork: hk-hack-007/Hong-Kong-Fire-Documentary-i
2026-01-08 22:43:46 | INFO     | Upstream: adminlby/Hong-Kong-Fire-Documentary
2026-01-08 22:43:46 | INFO     | Sync interval: 10 minutes
2026-01-08 22:43:46 | INFO     | PR interval: 60 minutes
2026-01-08 22:43:46 | INFO     | ============================================================
2026-01-08 22:43:47 | INFO     | gh CLI authenticated
2026-01-08 22:43:47 | INFO     | Setting up git remotes...
2026-01-08 22:43:47 | INFO     | Configured origin remote
2026-01-08 22:43:49 | INFO     | ============================================================
2026-01-08 22:43:49 | INFO     | News Scraper Daemon Starting
2026-01-08 22:43:49 | INFO     | Fork: hk-hack-007/Hong-Kong-Fire-Documentary-i
2026-01-08 22:43:49 | INFO     | Upstream: adminlby/Hong-Kong-Fire-Documentary
2026-01-08 22:43:49 | INFO     | Sync interval: 10 minutes
2026-01-08 22:43:49 | INFO     | PR interval: 60 minutes
2026-01-08 22:43:49 | INFO     | ============================================================
2026-01-08 22:43:50 | INFO     | gh CLI authenticated
2026-01-08 22:43:50 | INFO     | Setting up git remotes...
2026-01-08 22:43:50 | INFO     | Configured origin remote
2026-01-08 22:43:51 | INFO     | gh CLI authenticated
2026-01-08 22:43:51 | INFO     | ----------------------------------------
2026-01-08 22:43:51 | INFO     | Running periodic health check...
2026-01-08 22:43:52 | INFO     | gh CLI authenticated
2026-01-08 22:43:52 | INFO     | Health check passed
2026-01-08 22:43:52 | INFO     | ----------------------------------------
2026-01-08 22:43:52 | INFO     | Starting sync cycle...
2026-01-08 22:43:52 | INFO     | Syncing with upstream...
2026-01-08 22:43:53 | INFO     | Already up to date with upstream
2026-01-08 22:43:53 | INFO     | Running scraper...
2026-01-08 22:43:53 | INFO     | Found 36 new URLs to scrape
2026-01-08 22:44:50 | INFO     | Updated cumulative stats: 2477 success, 112 failed across 32 cycles
2026-01-08 22:44:50 | INFO     | Scraper results: 35 success, 1 failed
2026-01-08 22:44:50 | INFO     | Committing changes...
2026-01-08 22:44:52 | INFO     | Committed: chore(scraper): auto-scrape 2026-01-08 22:44
2026-01-08 22:44:56 | INFO     | Pushed to origin successfully
2026-01-08 22:44:56 | INFO     | Sync cycle complete
2026-01-08 22:44:56 | INFO     | ----------------------------------------
2026-01-08 22:44:56 | INFO     | Starting PR cycle...
2026-01-08 22:44:58 | INFO     | Pushed to origin successfully
2026-01-08 22:44:58 | INFO     | Managing PR...
2026-01-08 22:44:58 | INFO     | PR #30 exists, updating description with fresh stats...
2026-01-08 22:45:02 | INFO     | Updated PR #30 with fresh stats
2026-01-08 22:45:02 | INFO     | PR cycle complete
2026-01-08 22:45:02 | INFO     | Run once mode, exiting...
2026-01-09 22:22:19 | INFO     | ============================================================
2026-01-09 22:22:19 | INFO     | News Scraper Daemon Starting
2026-01-09 22:22:19 | INFO     | Fork: hk-hack-007/Hong-Kong-Fire-Documentary-i
2026-01-09 22:22:19 | INFO     | Upstream: adminlby/Hong-Kong-Fire-Documentary
2026-01-09 22:22:19 | INFO     | Sync interval: 10 minutes
2026-01-09 22:22:19 | INFO     | PR interval: 60 minutes
2026-01-09 22:22:19 | INFO     | ============================================================
2026-01-09 22:22:19 | INFO     | gh CLI authenticated
2026-01-09 22:22:19 | INFO     | Setting up git remotes...
2026-01-09 22:22:20 | INFO     | Configured origin remote
2026-01-09 22:22:20 | INFO     | gh CLI authenticated
2026-01-09 22:22:20 | INFO     | ----------------------------------------
2026-01-09 22:22:20 | INFO     | Running periodic health check...
2026-01-09 22:22:21 | INFO     | gh CLI authenticated
2026-01-09 22:22:21 | INFO     | Health check passed
2026-01-09 22:22:21 | INFO     | ----------------------------------------
2026-01-09 22:22:21 | INFO     | Starting sync cycle...
2026-01-09 22:22:21 | INFO     | Syncing with upstream...
2026-01-09 22:22:22 | INFO     | Already up to date with upstream
2026-01-09 22:22:22 | INFO     | Running scraper...
2026-01-09 22:22:22 | INFO     | Found 46 new URLs to scrape
2026-01-09 22:22:37 | INFO     | patching driver executable C:\Users\user\appdata\roaming\undetected_chromedriver\undetected_chromedriver.exe
2026-01-09 22:23:57 | INFO     | Updated cumulative stats: 2522 success, 113 failed across 33 cycles
2026-01-09 22:23:57 | INFO     | Scraper results: 45 success, 1 failed
2026-01-09 22:23:57 | INFO     | Committing changes...
2026-01-09 22:23:58 | INFO     | Committed: chore(scraper): auto-scrape 2026-01-09 22:23
2026-01-09 22:24:03 | INFO     | Pushed to origin successfully
2026-01-09 22:24:03 | INFO     | Sync cycle complete
2026-01-09 22:24:03 | INFO     | ----------------------------------------
2026-01-09 22:24:03 | INFO     | Starting PR cycle...
2026-01-09 22:24:04 | INFO     | Pushed to origin successfully
2026-01-09 22:24:04 | INFO     | Managing PR...
2026-01-09 22:24:06 | INFO     | PR #30 exists, updating description with fresh stats...
2026-01-09 22:24:09 | INFO     | Updated PR #30 with fresh stats
2026-01-09 22:24:09 | INFO     | PR cycle complete
2026-01-09 22:24:09 | INFO     | Run once mode, exiting...
2026-01-09 22:24:09 | INFO     | ensuring close
2026-01-09 22:24:09 | INFO     | ensuring close
2026-01-10 23:28:56 | INFO     | ============================================================
2026-01-10 23:28:56 | INFO     | News Scraper Daemon Starting
2026-01-10 23:28:56 | INFO     | Fork: hk-hack-007/Hong-Kong-Fire-Documentary-i
2026-01-10 23:28:56 | INFO     | Upstream: adminlby/Hong-Kong-Fire-Documentary
2026-01-10 23:28:56 | INFO     | Sync interval: 10 minutes
2026-01-10 23:28:56 | INFO     | PR interval: 60 minutes
2026-01-10 23:28:56 | INFO     | ============================================================
2026-01-10 23:28:57 | INFO     | gh CLI authenticated
2026-01-10 23:28:57 | INFO     | Setting up git remotes...
2026-01-10 23:28:57 | INFO     | Configured origin remote
2026-01-10 23:28:57 | INFO     | gh CLI authenticated
2026-01-10 23:28:57 | INFO     | ----------------------------------------
2026-01-10 23:28:57 | INFO     | Running periodic health check...
2026-01-10 23:28:58 | INFO     | gh CLI authenticated
2026-01-10 23:28:58 | INFO     | Health check passed
2026-01-10 23:28:58 | INFO     | ----------------------------------------
2026-01-10 23:28:58 | INFO     | Starting sync cycle...
2026-01-10 23:28:58 | INFO     | Syncing with upstream...
2026-01-10 23:28:59 | INFO     | Already up to date with upstream
2026-01-10 23:28:59 | INFO     | Running scraper...
2026-01-10 23:29:00 | INFO     | Found 74 new URLs to scrape
2026-01-10 23:29:13 | INFO     | patching driver executable C:\Users\user\appdata\roaming\undetected_chromedriver\undetected_chromedriver.exe
2026-01-10 23:34:30 | INFO     | Updated cumulative stats: 2594 success, 115 failed across 34 cycles
2026-01-10 23:34:30 | INFO     | Scraper results: 72 success, 2 failed
2026-01-10 23:34:30 | INFO     | Committing changes...
2026-01-10 23:34:31 | INFO     | Committed: chore(scraper): auto-scrape 2026-01-10 23:34
2026-01-10 23:34:36 | INFO     | Pushed to origin successfully
2026-01-10 23:34:36 | INFO     | Sync cycle complete
2026-01-10 23:34:36 | INFO     | ----------------------------------------
2026-01-10 23:34:36 | INFO     | Starting PR cycle...
2026-01-10 23:34:37 | INFO     | Pushed to origin successfully
2026-01-10 23:34:37 | INFO     | Managing PR...
2026-01-10 23:34:38 | INFO     | PR #30 exists, updating description with fresh stats...
2026-01-10 23:34:41 | INFO     | Updated PR #30 with fresh stats
2026-01-10 23:34:41 | INFO     | PR cycle complete
2026-01-10 23:34:41 | INFO     | Run once mode, exiting...
2026-01-10 23:34:41 | INFO     | ensuring close
2026-01-11 20:26:46 | INFO     | ============================================================
2026-01-11 20:26:46 | INFO     | News Scraper Daemon Starting
2026-01-11 20:26:46 | INFO     | Fork: hk-hack-007/Hong-Kong-Fire-Documentary-i
2026-01-11 20:26:46 | INFO     | Upstream: adminlby/Hong-Kong-Fire-Documentary
2026-01-11 20:26:46 | INFO     | Sync interval: 10 minutes
2026-01-11 20:26:46 | INFO     | PR interval: 60 minutes
2026-01-11 20:26:46 | INFO     | ============================================================
2026-01-11 20:26:46 | INFO     | gh CLI authenticated
2026-01-11 20:26:46 | INFO     | Setting up git remotes...
2026-01-11 20:26:46 | INFO     | Configured origin remote
2026-01-11 20:26:47 | INFO     | gh CLI authenticated
2026-01-11 20:26:47 | INFO     | ----------------------------------------
2026-01-11 20:26:47 | INFO     | Running periodic health check...
2026-01-11 20:26:48 | INFO     | gh CLI authenticated
2026-01-11 20:26:48 | INFO     | Health check passed
2026-01-11 20:26:48 | INFO     | ----------------------------------------
2026-01-11 20:26:48 | INFO     | Starting sync cycle...
2026-01-11 20:26:48 | INFO     | Syncing with upstream...
2026-01-11 20:26:49 | INFO     | Already up to date with upstream
2026-01-11 20:26:49 | INFO     | Running scraper...
2026-01-11 20:26:50 | INFO     | Found 28 new URLs to scrape
2026-01-11 20:26:58 | INFO     | patching driver executable C:\Users\user\appdata\roaming\undetected_chromedriver\undetected_chromedriver.exe
2026-01-11 20:27:38 | INFO     | Updated cumulative stats: 2621 success, 116 failed across 35 cycles
2026-01-11 20:27:38 | INFO     | Scraper results: 27 success, 1 failed
2026-01-11 20:27:38 | INFO     | Committing changes...
2026-01-11 20:27:39 | INFO     | Committed: chore(scraper): auto-scrape 2026-01-11 20:27
2026-01-11 20:27:43 | INFO     | Pushed to origin successfully
2026-01-11 20:27:43 | INFO     | Sync cycle complete
2026-01-11 20:27:43 | INFO     | ----------------------------------------
2026-01-11 20:27:43 | INFO     | Starting PR cycle...
2026-01-11 20:27:44 | INFO     | Pushed to origin successfully
2026-01-11 20:27:44 | INFO     | Managing PR...
2026-01-11 20:27:45 | INFO     | PR #30 exists, updating description with fresh stats...
2026-01-11 20:27:48 | INFO     | Updated PR #30 with fresh stats
2026-01-11 20:27:48 | INFO     | PR cycle complete
2026-01-11 20:27:48 | INFO     | Run once mode, exiting...
2026-01-11 20:27:48 | INFO     | ensuring close
2026-01-13 00:00:25 | INFO     | ============================================================
2026-01-13 00:00:25 | INFO     | News Scraper Daemon Starting
2026-01-13 00:00:25 | INFO     | Fork: hk-hack-007/Hong-Kong-Fire-Documentary-i
2026-01-13 00:00:25 | INFO     | Upstream: adminlby/Hong-Kong-Fire-Documentary
2026-01-13 00:00:25 | INFO     | Sync interval: 10 minutes
2026-01-13 00:00:25 | INFO     | PR interval: 60 minutes
2026-01-13 00:00:25 | INFO     | ============================================================
2026-01-13 00:00:26 | INFO     | gh CLI authenticated
2026-01-13 00:00:26 | INFO     | Setting up git remotes...
2026-01-13 00:00:26 | INFO     | Configured origin remote
2026-01-13 00:00:26 | INFO     | gh CLI authenticated
2026-01-13 00:00:27 | INFO     | ----------------------------------------
2026-01-13 00:00:27 | INFO     | Running periodic health check...
2026-01-13 00:00:27 | INFO     | gh CLI authenticated
2026-01-13 00:00:28 | INFO     | Health check passed
2026-01-13 00:00:28 | INFO     | ----------------------------------------
2026-01-13 00:00:28 | INFO     | Starting sync cycle...
2026-01-13 00:00:28 | INFO     | Syncing with upstream...
2026-01-13 00:00:29 | INFO     | Behind upstream by 1 commits, merging...
2026-01-13 00:00:32 | WARNING  | Stash pop failed, dropping stash to continue
2026-01-13 00:00:32 | INFO     | Synced with upstream successfully
2026-01-13 00:00:32 | INFO     | Running scraper...
2026-01-13 00:00:32 | INFO     | Found 1 new URLs to scrape
2026-01-13 00:00:37 | INFO     | Updated cumulative stats: 2621 success, 117 failed across 36 cycles
2026-01-13 00:00:37 | INFO     | Scraper results: 0 success, 1 failed
2026-01-13 00:00:37 | INFO     | Committing changes...
2026-01-13 00:00:38 | INFO     | Committed: chore(scraper): auto-scrape 2026-01-13 00:00
2026-01-13 00:00:40 | INFO     | Pushed to origin successfully
2026-01-13 00:00:40 | INFO     | Sync cycle complete
2026-01-13 00:00:40 | INFO     | ----------------------------------------
2026-01-13 00:00:40 | INFO     | Starting PR cycle...
2026-01-13 00:00:41 | INFO     | Pushed to origin successfully
2026-01-13 00:00:41 | INFO     | Managing PR...
2026-01-13 00:00:46 | ERROR    | Failed to create PR: pull request create failed: GraphQL: No commits between adminlby:main and hk-hack-007:main (createPullRequest)

2026-01-13 00:00:46 | INFO     | PR cycle complete
2026-01-13 00:00:46 | INFO     | Run once mode, exiting...
2026-01-13 00:48:29 | INFO     | ============================================================
2026-01-13 00:48:29 | INFO     | News Scraper Daemon Starting
2026-01-13 00:48:29 | INFO     | Fork: hk-hack-007/Hong-Kong-Fire-Documentary-i
2026-01-13 00:48:29 | INFO     | Upstream: adminlby/Hong-Kong-Fire-Documentary
2026-01-13 00:48:29 | INFO     | Sync interval: 10 minutes
2026-01-13 00:48:29 | INFO     | PR interval: 60 minutes
2026-01-13 00:48:29 | INFO     | ============================================================
2026-01-13 00:48:30 | INFO     | gh CLI authenticated
2026-01-13 00:48:30 | INFO     | Setting up git remotes...
2026-01-13 00:48:30 | INFO     | Configured origin remote
2026-01-13 00:48:31 | INFO     | gh CLI authenticated
2026-01-13 00:48:31 | INFO     | ----------------------------------------
2026-01-13 00:48:31 | INFO     | Running periodic health check...
2026-01-13 00:48:32 | INFO     | gh CLI authenticated
2026-01-13 00:48:32 | INFO     | Health check passed
2026-01-13 00:48:32 | INFO     | ----------------------------------------
2026-01-13 00:48:32 | INFO     | Starting sync cycle...
2026-01-13 00:48:32 | INFO     | Syncing with upstream...
2026-01-13 00:48:33 | INFO     | Already up to date with upstream
2026-01-13 00:48:33 | INFO     | Running scraper...
2026-01-13 00:48:33 | INFO     | Found 57 new URLs to scrape
2026-01-13 00:50:54 | INFO     | Updated cumulative stats: 2677 success, 118 failed across 37 cycles
2026-01-13 00:50:54 | INFO     | Scraper results: 56 success, 1 failed
2026-01-13 00:50:54 | INFO     | Committing changes...
2026-01-13 00:50:55 | INFO     | Committed: chore(scraper): auto-scrape 2026-01-13 00:50
2026-01-13 00:50:59 | INFO     | Pushed to origin successfully
2026-01-13 00:50:59 | INFO     | Sync cycle complete
2026-01-13 00:50:59 | INFO     | ----------------------------------------
2026-01-13 00:50:59 | INFO     | Starting PR cycle...
2026-01-13 00:51:01 | INFO     | Pushed to origin successfully
2026-01-13 00:51:01 | INFO     | Managing PR...
2026-01-13 00:51:05 | ERROR    | Failed to create PR: pull request create failed: GraphQL: No commits between adminlby:main and hk-hack-007:main (createPullRequest)

2026-01-13 00:51:05 | INFO     | PR cycle complete
2026-01-13 00:51:05 | INFO     | Run once mode, exiting...
2026-01-13 22:36:52 | INFO     | ============================================================
2026-01-13 22:36:52 | INFO     | News Scraper Daemon Starting
2026-01-13 22:36:52 | INFO     | Fork: hk-hack-007/Hong-Kong-Fire-Documentary-i
2026-01-13 22:36:52 | INFO     | Upstream: adminlby/Hong-Kong-Fire-Documentary
2026-01-13 22:36:52 | INFO     | Sync interval: 10 minutes
2026-01-13 22:36:52 | INFO     | PR interval: 60 minutes
2026-01-13 22:36:52 | INFO     | ============================================================
2026-01-13 22:36:52 | INFO     | gh CLI authenticated
2026-01-13 22:36:52 | INFO     | Setting up git remotes...
2026-01-13 22:36:52 | INFO     | Configured origin remote
2026-01-13 22:36:53 | INFO     | gh CLI authenticated
2026-01-13 22:36:53 | INFO     | ----------------------------------------
2026-01-13 22:36:53 | INFO     | Running periodic health check...
2026-01-13 22:36:54 | INFO     | gh CLI authenticated
2026-01-13 22:36:54 | INFO     | Health check passed
2026-01-13 22:36:54 | INFO     | ----------------------------------------
2026-01-13 22:36:54 | INFO     | Starting sync cycle...
2026-01-13 22:36:54 | INFO     | Syncing with upstream...
2026-01-13 22:36:55 | INFO     | Already up to date with upstream
2026-01-13 22:36:55 | INFO     | Running scraper...
2026-01-13 22:36:56 | INFO     | Found 36 new URLs to scrape
2026-01-13 22:37:15 | INFO     | patching driver executable C:\Users\user\appdata\roaming\undetected_chromedriver\undetected_chromedriver.exe
2026-01-13 22:39:28 | INFO     | Updated cumulative stats: 2712 success, 119 failed across 38 cycles
2026-01-13 22:39:28 | INFO     | Scraper results: 35 success, 1 failed
2026-01-13 22:39:28 | INFO     | Committing changes...
2026-01-13 22:39:29 | INFO     | Committed: chore(scraper): auto-scrape 2026-01-13 22:39
2026-01-13 22:39:34 | INFO     | Pushed to origin successfully
2026-01-13 22:39:34 | INFO     | Sync cycle complete
2026-01-13 22:39:34 | INFO     | ----------------------------------------
2026-01-13 22:39:34 | INFO     | Starting PR cycle...
2026-01-13 22:39:35 | INFO     | Pushed to origin successfully
2026-01-13 22:39:35 | INFO     | Managing PR...
2026-01-13 22:39:36 | INFO     | PR #31 exists, updating description with fresh stats...
2026-01-13 22:39:40 | INFO     | Updated PR #31 with fresh stats
2026-01-13 22:39:40 | INFO     | PR cycle complete
2026-01-13 22:39:40 | INFO     | Run once mode, exiting...
2026-01-13 22:39:40 | INFO     | ensuring close
2026-01-13 22:39:40 | INFO     | ensuring close
2026-01-13 22:39:40 | INFO     | ensuring close
2026-01-13 22:39:40 | INFO     | ensuring close
2026-01-13 22:39:40 | INFO     | ensuring close
2026-01-15 00:57:42 | INFO     | ============================================================
2026-01-15 00:57:42 | INFO     | News Scraper Daemon Starting
2026-01-15 00:57:42 | INFO     | Fork: hk-hack-007/Hong-Kong-Fire-Documentary-i
2026-01-15 00:57:42 | INFO     | Upstream: adminlby/Hong-Kong-Fire-Documentary
2026-01-15 00:57:42 | INFO     | Sync interval: 10 minutes
2026-01-15 00:57:42 | INFO     | PR interval: 60 minutes
2026-01-15 00:57:42 | INFO     | ============================================================
2026-01-15 00:57:42 | INFO     | gh CLI authenticated
2026-01-15 00:57:42 | INFO     | Setting up git remotes...
2026-01-15 00:57:43 | INFO     | Configured origin remote
2026-01-15 00:57:43 | INFO     | gh CLI authenticated
2026-01-15 00:57:43 | INFO     | ----------------------------------------
2026-01-15 00:57:43 | INFO     | Running periodic health check...
2026-01-15 00:57:44 | INFO     | gh CLI authenticated
2026-01-15 00:57:44 | INFO     | Health check passed
2026-01-15 00:57:44 | INFO     | ----------------------------------------
2026-01-15 00:57:44 | INFO     | Starting sync cycle...
2026-01-15 00:57:44 | INFO     | Syncing with upstream...
2026-01-15 00:57:45 | INFO     | Already up to date with upstream
2026-01-15 00:57:45 | INFO     | Running scraper...
2026-01-15 00:57:46 | INFO     | Found 127 new URLs to scrape
2026-01-15 00:58:32 | INFO     | patching driver executable C:\Users\user\appdata\roaming\undetected_chromedriver\undetected_chromedriver.exe
2026-01-15 01:03:41 | INFO     | Updated cumulative stats: 2838 success, 120 failed across 39 cycles
2026-01-15 01:03:41 | INFO     | Scraper results: 126 success, 1 failed
2026-01-15 01:03:41 | INFO     | Committing changes...
2026-01-15 01:03:44 | INFO     | Committed: chore(scraper): auto-scrape 2026-01-15 01:03
2026-01-15 01:04:00 | INFO     | Pushed to origin successfully
2026-01-15 01:04:00 | INFO     | Sync cycle complete
2026-01-15 01:04:00 | INFO     | ----------------------------------------
2026-01-15 01:04:00 | INFO     | Starting PR cycle...
2026-01-15 01:04:01 | INFO     | Pushed to origin successfully
2026-01-15 01:04:01 | INFO     | Managing PR...
2026-01-15 01:04:03 | INFO     | PR #31 exists, updating description with fresh stats...
2026-01-15 01:04:07 | INFO     | Updated PR #31 with fresh stats
2026-01-15 01:04:07 | INFO     | PR cycle complete
2026-01-15 01:04:07 | INFO     | Run once mode, exiting...
2026-01-15 01:04:07 | INFO     | ensuring close
2026-01-15 01:04:07 | INFO     | ensuring close
2026-01-15 01:04:07 | INFO     | ensuring close
2026-01-15 01:04:07 | INFO     | ensuring close
2026-01-15 01:04:07 | INFO     | ensuring close
2026-01-15 01:04:07 | INFO     | ensuring close
2026-01-15 23:19:08 | INFO     | ============================================================
2026-01-15 23:19:08 | INFO     | News Scraper Daemon Starting
2026-01-15 23:19:08 | INFO     | Fork: hk-hack-007/Hong-Kong-Fire-Documentary-i
2026-01-15 23:19:08 | INFO     | Upstream: adminlby/Hong-Kong-Fire-Documentary
2026-01-15 23:19:08 | INFO     | Sync interval: 10 minutes
2026-01-15 23:19:08 | INFO     | PR interval: 60 minutes
2026-01-15 23:19:08 | INFO     | ============================================================
2026-01-15 23:19:19 | ERROR    | gh CLI is not authenticated!
2026-01-15 23:19:19 | ERROR    | Please run: gh auth login
2026-01-15 23:23:35 | INFO     | ============================================================
2026-01-15 23:23:35 | INFO     | News Scraper Daemon Starting
2026-01-15 23:23:35 | INFO     | Fork: hk-hack-007/Hong-Kong-Fire-Documentary-i
2026-01-15 23:23:35 | INFO     | Upstream: adminlby/Hong-Kong-Fire-Documentary
2026-01-15 23:23:35 | INFO     | Sync interval: 10 minutes
2026-01-15 23:23:35 | INFO     | PR interval: 60 minutes
2026-01-15 23:23:35 | INFO     | ============================================================
2026-01-15 23:23:36 | INFO     | gh CLI authenticated
2026-01-15 23:23:36 | INFO     | Setting up git remotes...
2026-01-15 23:23:36 | INFO     | Configured origin remote
2026-01-15 23:23:37 | INFO     | gh CLI authenticated
2026-01-15 23:23:37 | INFO     | ----------------------------------------
2026-01-15 23:23:37 | INFO     | Running periodic health check...
2026-01-15 23:23:39 | INFO     | gh CLI authenticated
2026-01-15 23:23:39 | INFO     | Health check passed
2026-01-15 23:23:39 | INFO     | ----------------------------------------
2026-01-15 23:23:39 | INFO     | Starting sync cycle...
2026-01-15 23:23:39 | INFO     | Syncing with upstream...
2026-01-15 23:23:41 | INFO     | Already up to date with upstream
2026-01-15 23:23:41 | INFO     | Running scraper...
2026-01-15 23:23:41 | INFO     | Found 86 new URLs to scrape
2026-01-15 23:26:20 | INFO     | Updated cumulative stats: 2923 success, 121 failed across 40 cycles
2026-01-15 23:26:20 | INFO     | Scraper results: 85 success, 1 failed
2026-01-15 23:26:20 | INFO     | Committing changes...
2026-01-15 23:26:23 | INFO     | Committed: chore(scraper): auto-scrape 2026-01-15 23:26
2026-01-15 23:26:42 | INFO     | Pushed to origin successfully
2026-01-15 23:26:42 | INFO     | Sync cycle complete
2026-01-15 23:26:42 | INFO     | ----------------------------------------
2026-01-15 23:26:42 | INFO     | Starting PR cycle...
2026-01-15 23:26:45 | INFO     | Pushed to origin successfully
2026-01-15 23:26:45 | INFO     | Managing PR...
2026-01-15 23:26:47 | INFO     | PR #31 exists, updating description with fresh stats...
2026-01-15 23:26:53 | INFO     | Updated PR #31 with fresh stats
2026-01-15 23:26:53 | INFO     | PR cycle complete
2026-01-15 23:26:53 | INFO     | Run once mode, exiting...
2026-01-16 22:34:52 | INFO     | ============================================================
2026-01-16 22:34:52 | INFO     | News Scraper Daemon Starting
2026-01-16 22:34:52 | INFO     | Fork: hk-hack-007/Hong-Kong-Fire-Documentary-i
2026-01-16 22:34:52 | INFO     | Upstream: adminlby/Hong-Kong-Fire-Documentary
2026-01-16 22:34:52 | INFO     | Sync interval: 10 minutes
2026-01-16 22:34:52 | INFO     | PR interval: 60 minutes
2026-01-16 22:34:52 | INFO     | ============================================================
2026-01-16 22:34:53 | INFO     | gh CLI authenticated
2026-01-16 22:34:53 | INFO     | Setting up git remotes...
2026-01-16 22:34:53 | INFO     | Configured origin remote
2026-01-16 22:34:54 | INFO     | gh CLI authenticated
2026-01-16 22:34:55 | INFO     | ----------------------------------------
2026-01-16 22:34:55 | INFO     | Running periodic health check...
2026-01-16 22:34:56 | INFO     | gh CLI authenticated
2026-01-16 22:34:56 | INFO     | Health check passed
2026-01-16 22:34:56 | INFO     | ----------------------------------------
2026-01-16 22:34:56 | INFO     | Starting sync cycle...
2026-01-16 22:34:56 | INFO     | Syncing with upstream...
2026-01-16 22:34:58 | INFO     | Already up to date with upstream
2026-01-16 22:34:58 | INFO     | Running scraper...
2026-01-16 22:34:59 | INFO     | Found 33 new URLs to scrape
2026-01-16 22:35:56 | INFO     | Updated cumulative stats: 2955 success, 122 failed across 41 cycles
2026-01-16 22:35:56 | INFO     | Scraper results: 32 success, 1 failed
2026-01-16 22:35:56 | INFO     | Committing changes...
2026-01-16 22:35:58 | INFO     | Committed: chore(scraper): auto-scrape 2026-01-16 22:35
2026-01-16 22:36:06 | INFO     | Pushed to origin successfully
2026-01-16 22:36:06 | INFO     | Sync cycle complete
2026-01-16 22:36:06 | INFO     | ----------------------------------------
2026-01-16 22:36:06 | INFO     | Starting PR cycle...
2026-01-16 22:36:08 | INFO     | Pushed to origin successfully
2026-01-16 22:36:08 | INFO     | Managing PR...
2026-01-16 22:36:10 | INFO     | PR #31 exists, updating description with fresh stats...
2026-01-16 22:36:16 | INFO     | Updated PR #31 with fresh stats
2026-01-16 22:36:16 | INFO     | PR cycle complete
2026-01-16 22:36:16 | INFO     | Run once mode, exiting...
2026-01-17 22:28:40 | INFO     | ============================================================
2026-01-17 22:28:40 | INFO     | News Scraper Daemon Starting
2026-01-17 22:28:40 | INFO     | Fork: hk-hack-007/Hong-Kong-Fire-Documentary-i
2026-01-17 22:28:40 | INFO     | Upstream: adminlby/Hong-Kong-Fire-Documentary
2026-01-17 22:28:40 | INFO     | Sync interval: 10 minutes
2026-01-17 22:28:40 | INFO     | PR interval: 60 minutes
2026-01-17 22:28:40 | INFO     | ============================================================
2026-01-17 22:28:42 | INFO     | gh CLI authenticated
2026-01-17 22:28:42 | INFO     | Setting up git remotes...
2026-01-17 22:28:42 | INFO     | Configured origin remote
2026-01-17 22:28:44 | INFO     | gh CLI authenticated
2026-01-17 22:28:44 | INFO     | ----------------------------------------
2026-01-17 22:28:44 | INFO     | Running periodic health check...
2026-01-17 22:28:45 | INFO     | gh CLI authenticated
2026-01-17 22:28:45 | INFO     | Health check passed
2026-01-17 22:28:45 | INFO     | ----------------------------------------
2026-01-17 22:28:45 | INFO     | Starting sync cycle...
2026-01-17 22:28:45 | INFO     | Syncing with upstream...
2026-01-17 22:28:47 | INFO     | Already up to date with upstream
2026-01-17 22:28:47 | INFO     | Running scraper...
2026-01-17 22:28:48 | INFO     | Found 32 new URLs to scrape
2026-01-17 22:29:03 | INFO     | patching driver executable C:\Users\user\appdata\roaming\undetected_chromedriver\undetected_chromedriver.exe
2026-01-17 22:33:39 | INFO     | Updated cumulative stats: 2985 success, 124 failed across 42 cycles
2026-01-17 22:33:39 | INFO     | Scraper results: 30 success, 2 failed
2026-01-17 22:33:39 | INFO     | Committing changes...
2026-01-17 22:33:40 | INFO     | Committed: chore(scraper): auto-scrape 2026-01-17 22:33
2026-01-17 22:33:45 | INFO     | Pushed to origin successfully
2026-01-17 22:33:45 | INFO     | Sync cycle complete
2026-01-17 22:33:45 | INFO     | ----------------------------------------
2026-01-17 22:33:45 | INFO     | Starting PR cycle...
2026-01-17 22:33:47 | INFO     | Pushed to origin successfully
2026-01-17 22:33:47 | INFO     | Managing PR...
2026-01-17 22:33:49 | INFO     | PR #31 exists, updating description with fresh stats...
2026-01-17 22:33:54 | INFO     | Updated PR #31 with fresh stats
2026-01-17 22:33:54 | INFO     | PR cycle complete
2026-01-17 22:33:54 | INFO     | Run once mode, exiting...
2026-01-17 22:33:54 | INFO     | ensuring close
2026-01-17 22:33:54 | INFO     | ensuring close
2026-01-17 22:33:54 | INFO     | ensuring close
2026-01-17 22:33:54 | INFO     | ensuring close
2026-01-17 22:33:54 | INFO     | ensuring close
2026-01-17 22:33:54 | INFO     | ensuring close
2026-01-17 22:33:54 | INFO     | ensuring close
2026-01-17 22:33:54 | INFO     | ensuring close
2026-01-18 23:08:27 | INFO     | ============================================================
2026-01-18 23:08:27 | INFO     | News Scraper Daemon Starting
2026-01-18 23:08:27 | INFO     | Fork: hk-hack-007/Hong-Kong-Fire-Documentary-i
2026-01-18 23:08:27 | INFO     | Upstream: adminlby/Hong-Kong-Fire-Documentary
2026-01-18 23:08:27 | INFO     | Sync interval: 10 minutes
2026-01-18 23:08:27 | INFO     | PR interval: 60 minutes
2026-01-18 23:08:27 | INFO     | ============================================================
2026-01-18 23:08:28 | INFO     | gh CLI authenticated
2026-01-18 23:08:28 | INFO     | Setting up git remotes...
2026-01-18 23:08:28 | INFO     | Configured origin remote
2026-01-18 23:08:30 | INFO     | gh CLI authenticated
2026-01-18 23:08:30 | INFO     | ----------------------------------------
2026-01-18 23:08:30 | INFO     | Running periodic health check...
2026-01-18 23:08:30 | INFO     | gh CLI authenticated
2026-01-18 23:08:31 | INFO     | Health check passed
2026-01-18 23:08:31 | INFO     | ----------------------------------------
2026-01-18 23:08:31 | INFO     | Starting sync cycle...
2026-01-18 23:08:31 | INFO     | Syncing with upstream...
2026-01-18 23:08:32 | INFO     | Already up to date with upstream
2026-01-18 23:08:32 | INFO     | Running scraper...
2026-01-18 23:08:33 | INFO     | Found 15 new URLs to scrape
2026-01-18 23:08:42 | INFO     | patching driver executable C:\Users\user\appdata\roaming\undetected_chromedriver\undetected_chromedriver.exe
2026-01-18 23:09:21 | INFO     | Updated cumulative stats: 2999 success, 125 failed across 43 cycles
2026-01-18 23:09:21 | INFO     | Scraper results: 14 success, 1 failed
2026-01-18 23:09:21 | INFO     | Committing changes...
2026-01-18 23:09:22 | INFO     | Committed: chore(scraper): auto-scrape 2026-01-18 23:09
2026-01-18 23:09:27 | INFO     | Pushed to origin successfully
2026-01-18 23:09:27 | INFO     | Sync cycle complete
2026-01-18 23:09:27 | INFO     | ----------------------------------------
2026-01-18 23:09:27 | INFO     | Starting PR cycle...
2026-01-18 23:09:28 | INFO     | Pushed to origin successfully
2026-01-18 23:09:28 | INFO     | Managing PR...
2026-01-18 23:09:31 | INFO     | PR #31 exists, updating description with fresh stats...
2026-01-18 23:09:36 | INFO     | Updated PR #31 with fresh stats
2026-01-18 23:09:36 | INFO     | PR cycle complete
2026-01-18 23:09:36 | INFO     | Run once mode, exiting...
2026-01-18 23:09:36 | INFO     | ensuring close
2026-01-19 23:35:54 | INFO     | ============================================================
2026-01-19 23:35:54 | INFO     | News Scraper Daemon Starting
2026-01-19 23:35:54 | INFO     | Fork: hk-hack-007/Hong-Kong-Fire-Documentary-i
2026-01-19 23:35:54 | INFO     | Upstream: adminlby/Hong-Kong-Fire-Documentary
2026-01-19 23:35:54 | INFO     | Sync interval: 10 minutes
2026-01-19 23:35:54 | INFO     | PR interval: 60 minutes
2026-01-19 23:35:54 | INFO     | ============================================================
2026-01-19 23:35:55 | INFO     | gh CLI authenticated
2026-01-19 23:35:55 | INFO     | Setting up git remotes...
2026-01-19 23:35:55 | INFO     | Configured origin remote
2026-01-19 23:35:55 | INFO     | gh CLI authenticated
2026-01-19 23:35:56 | INFO     | ----------------------------------------
2026-01-19 23:35:56 | INFO     | Running periodic health check...
2026-01-19 23:35:56 | INFO     | gh CLI authenticated
2026-01-19 23:35:56 | INFO     | Health check passed
2026-01-19 23:35:56 | INFO     | ----------------------------------------
2026-01-19 23:35:56 | INFO     | Starting sync cycle...
2026-01-19 23:35:56 | INFO     | Syncing with upstream...
2026-01-19 23:35:57 | INFO     | Already up to date with upstream
2026-01-19 23:35:57 | INFO     | Running scraper...
2026-01-19 23:35:58 | INFO     | Found 39 new URLs to scrape
2026-01-19 23:37:55 | INFO     | Updated cumulative stats: 3037 success, 126 failed across 44 cycles
2026-01-19 23:37:55 | INFO     | Scraper results: 38 success, 1 failed
2026-01-19 23:37:55 | INFO     | Committing changes...
2026-01-19 23:37:57 | INFO     | Committed: chore(scraper): auto-scrape 2026-01-19 23:37
2026-01-19 23:38:01 | INFO     | Pushed to origin successfully
2026-01-19 23:38:01 | INFO     | Sync cycle complete
2026-01-19 23:38:01 | INFO     | ----------------------------------------
2026-01-19 23:38:01 | INFO     | Starting PR cycle...
2026-01-19 23:38:03 | INFO     | Pushed to origin successfully
2026-01-19 23:38:03 | INFO     | Managing PR...
2026-01-19 23:38:07 | ERROR    | Failed to create PR: pull request create failed: GraphQL: No commits between adminlby:main and hk-hack-007:main (createPullRequest)

2026-01-19 23:38:07 | INFO     | PR cycle complete
2026-01-19 23:38:07 | INFO     | Run once mode, exiting...
2026-01-21 00:39:48 | INFO     | ============================================================
2026-01-21 00:39:48 | INFO     | News Scraper Daemon Starting
2026-01-21 00:39:48 | INFO     | Fork: hk-hack-007/Hong-Kong-Fire-Documentary-i
2026-01-21 00:39:48 | INFO     | Upstream: adminlby/Hong-Kong-Fire-Documentary
2026-01-21 00:39:48 | INFO     | Sync interval: 10 minutes
2026-01-21 00:39:48 | INFO     | PR interval: 60 minutes
2026-01-21 00:39:48 | INFO     | ============================================================
2026-01-21 00:39:49 | INFO     | gh CLI authenticated
2026-01-21 00:39:49 | INFO     | Setting up git remotes...
2026-01-21 00:39:49 | INFO     | Configured origin remote
2026-01-21 00:39:49 | INFO     | gh CLI authenticated
2026-01-21 00:39:50 | INFO     | ----------------------------------------
2026-01-21 00:39:50 | INFO     | Running periodic health check...
2026-01-21 00:39:50 | INFO     | gh CLI authenticated
2026-01-21 00:39:50 | INFO     | Health check passed
2026-01-21 00:39:50 | INFO     | ----------------------------------------
2026-01-21 00:39:50 | INFO     | Starting sync cycle...
2026-01-21 00:39:50 | INFO     | Syncing with upstream...
2026-01-21 00:39:51 | INFO     | Already up to date with upstream
2026-01-21 00:39:51 | INFO     | Running scraper...
2026-01-21 00:39:52 | INFO     | Found 25 new URLs to scrape
2026-01-21 00:40:04 | INFO     | patching driver executable C:\Users\user\appdata\roaming\undetected_chromedriver\undetected_chromedriver.exe
2026-01-21 00:40:50 | INFO     | Updated cumulative stats: 3061 success, 127 failed across 45 cycles
2026-01-21 00:40:50 | INFO     | Scraper results: 24 success, 1 failed
2026-01-21 00:40:50 | INFO     | Committing changes...
2026-01-21 00:40:51 | INFO     | Committed: chore(scraper): auto-scrape 2026-01-21 00:40
2026-01-21 00:40:55 | INFO     | Pushed to origin successfully
2026-01-21 00:40:55 | INFO     | Sync cycle complete
2026-01-21 00:40:55 | INFO     | ----------------------------------------
2026-01-21 00:40:55 | INFO     | Starting PR cycle...
2026-01-21 00:40:57 | INFO     | Pushed to origin successfully
2026-01-21 00:40:57 | INFO     | Managing PR...
2026-01-21 00:40:58 | INFO     | PR #32 exists, updating description with fresh stats...
2026-01-21 00:41:01 | INFO     | Updated PR #32 with fresh stats
2026-01-21 00:41:01 | INFO     | PR cycle complete
2026-01-21 00:41:01 | INFO     | Run once mode, exiting...
2026-01-21 00:41:01 | INFO     | ensuring close
2026-01-21 23:17:28 | INFO     | ============================================================
2026-01-21 23:17:28 | INFO     | News Scraper Daemon Starting
2026-01-21 23:17:28 | INFO     | Fork: hk-hack-007/Hong-Kong-Fire-Documentary-i
2026-01-21 23:17:28 | INFO     | Upstream: adminlby/Hong-Kong-Fire-Documentary
2026-01-21 23:17:28 | INFO     | Sync interval: 10 minutes
2026-01-21 23:17:28 | INFO     | PR interval: 60 minutes
2026-01-21 23:17:28 | INFO     | ============================================================
2026-01-21 23:17:28 | INFO     | gh CLI authenticated
2026-01-21 23:17:28 | INFO     | Setting up git remotes...
2026-01-21 23:17:28 | INFO     | Configured origin remote
2026-01-21 23:17:29 | INFO     | gh CLI authenticated
2026-01-21 23:17:29 | INFO     | ----------------------------------------
2026-01-21 23:17:29 | INFO     | Running periodic health check...
2026-01-21 23:17:30 | INFO     | gh CLI authenticated
2026-01-21 23:17:30 | INFO     | Health check passed
2026-01-21 23:17:30 | INFO     | ----------------------------------------
2026-01-21 23:17:30 | INFO     | Starting sync cycle...
2026-01-21 23:17:30 | INFO     | Syncing with upstream...
2026-01-21 23:17:31 | INFO     | Already up to date with upstream
2026-01-21 23:17:31 | INFO     | Running scraper...
2026-01-21 23:17:32 | INFO     | Found 32 new URLs to scrape
2026-01-21 23:17:39 | INFO     | patching driver executable C:\Users\user\appdata\roaming\undetected_chromedriver\undetected_chromedriver.exe
2026-01-21 23:18:38 | INFO     | Updated cumulative stats: 3092 success, 128 failed across 46 cycles
2026-01-21 23:18:38 | INFO     | Scraper results: 31 success, 1 failed
2026-01-21 23:18:39 | INFO     | Committing changes...
2026-01-21 23:18:40 | INFO     | Committed: chore(scraper): auto-scrape 2026-01-21 23:18
2026-01-21 23:18:45 | INFO     | Pushed to origin successfully
2026-01-21 23:18:45 | INFO     | Sync cycle complete
2026-01-21 23:18:45 | INFO     | ----------------------------------------
2026-01-21 23:18:45 | INFO     | Starting PR cycle...
2026-01-21 23:18:46 | INFO     | Pushed to origin successfully
2026-01-21 23:18:46 | INFO     | Managing PR...
2026-01-21 23:18:47 | INFO     | PR #32 exists, updating description with fresh stats...
2026-01-21 23:18:50 | INFO     | Updated PR #32 with fresh stats
2026-01-21 23:18:50 | INFO     | PR cycle complete
2026-01-21 23:18:50 | INFO     | Run once mode, exiting...
2026-01-21 23:18:50 | INFO     | ensuring close
2026-01-21 23:18:50 | INFO     | ensuring close
2026-01-23 01:24:49 | INFO     | ============================================================
2026-01-23 01:24:49 | INFO     | News Scraper Daemon Starting
2026-01-23 01:24:49 | INFO     | Fork: hk-hack-007/Hong-Kong-Fire-Documentary-i
2026-01-23 01:24:49 | INFO     | Upstream: adminlby/Hong-Kong-Fire-Documentary
2026-01-23 01:24:49 | INFO     | Sync interval: 10 minutes
2026-01-23 01:24:49 | INFO     | PR interval: 60 minutes
2026-01-23 01:24:49 | INFO     | ============================================================
2026-01-23 01:24:50 | INFO     | gh CLI authenticated
2026-01-23 01:24:50 | INFO     | Setting up git remotes...
2026-01-23 01:24:50 | INFO     | Configured origin remote
2026-01-23 01:24:50 | INFO     | gh CLI authenticated
2026-01-23 01:24:51 | INFO     | ----------------------------------------
2026-01-23 01:24:51 | INFO     | Running periodic health check...
2026-01-23 01:24:51 | INFO     | gh CLI authenticated
2026-01-23 01:24:51 | INFO     | Health check passed
2026-01-23 01:24:51 | INFO     | ----------------------------------------
2026-01-23 01:24:51 | INFO     | Starting sync cycle...
2026-01-23 01:24:51 | INFO     | Syncing with upstream...
2026-01-23 01:24:52 | INFO     | Already up to date with upstream
2026-01-23 01:24:52 | INFO     | Running scraper...
2026-01-23 01:24:53 | INFO     | Found 33 new URLs to scrape
2026-01-23 01:28:59 | INFO     | Updated cumulative stats: 3121 success, 132 failed across 47 cycles
2026-01-23 01:28:59 | INFO     | Scraper results: 29 success, 4 failed
2026-01-23 01:28:59 | INFO     | Committing changes...
2026-01-23 01:29:01 | INFO     | Committed: chore(scraper): auto-scrape 2026-01-23 01:29
2026-01-23 01:29:05 | INFO     | Pushed to origin successfully
2026-01-23 01:29:05 | INFO     | Sync cycle complete
2026-01-23 01:29:05 | INFO     | ----------------------------------------
2026-01-23 01:29:05 | INFO     | Starting PR cycle...
2026-01-23 01:29:06 | INFO     | Pushed to origin successfully
2026-01-23 01:29:06 | INFO     | Managing PR...
2026-01-23 01:29:11 | ERROR    | Failed to create PR: pull request create failed: GraphQL: No commits between adminlby:main and hk-hack-007:main (createPullRequest)

2026-01-23 01:29:11 | INFO     | PR cycle complete
2026-01-23 01:29:11 | INFO     | Run once mode, exiting...
2026-01-24 00:14:56 | INFO     | ============================================================
2026-01-24 00:14:56 | INFO     | News Scraper Daemon Starting
2026-01-24 00:14:56 | INFO     | Fork: hk-hack-007/Hong-Kong-Fire-Documentary-i
2026-01-24 00:14:56 | INFO     | Upstream: adminlby/Hong-Kong-Fire-Documentary
2026-01-24 00:14:56 | INFO     | Sync interval: 10 minutes
2026-01-24 00:14:56 | INFO     | PR interval: 60 minutes
2026-01-24 00:14:56 | INFO     | ============================================================
2026-01-24 00:14:57 | INFO     | gh CLI authenticated
2026-01-24 00:14:57 | INFO     | Setting up git remotes...
2026-01-24 00:14:57 | INFO     | Configured origin remote
2026-01-24 00:14:57 | INFO     | gh CLI authenticated
2026-01-24 00:14:58 | INFO     | ----------------------------------------
2026-01-24 00:14:58 | INFO     | Running periodic health check...
2026-01-24 00:14:59 | INFO     | gh CLI authenticated
2026-01-24 00:14:59 | INFO     | Health check passed
2026-01-24 00:14:59 | INFO     | ----------------------------------------
2026-01-24 00:14:59 | INFO     | Starting sync cycle...
2026-01-24 00:14:59 | INFO     | Syncing with upstream...
2026-01-24 00:15:00 | INFO     | Already up to date with upstream
2026-01-24 00:15:00 | INFO     | Running scraper...
2026-01-24 00:15:01 | INFO     | Found 32 new URLs to scrape
2026-01-24 00:15:59 | INFO     | Daemon stopped by user
2026-01-24 00:15:59 | INFO     | ensuring close
2026-01-24 00:15:59 | ERROR    | Task was destroyed but it is pending!
task: <Task cancelling name='Task-1' coro=<run_scraper_async() running at C:\y\Hong-Kong-Fire-Documentary-i\scripts\scrapers\content_scraper\scraper.py:706> wait_for=<Future pending cb=[Task.task_wakeup()]> cb=[gather.<locals>._done_callback() at C:\Users\user\AppData\Local\Programs\Python\Python314\Lib\asyncio\tasks.py:810]>
2026-01-24 00:18:05 | INFO     | ============================================================
2026-01-24 00:18:05 | INFO     | News Scraper Daemon Starting
2026-01-24 00:18:05 | INFO     | Fork: hk-hack-007/Hong-Kong-Fire-Documentary-i
2026-01-24 00:18:05 | INFO     | Upstream: adminlby/Hong-Kong-Fire-Documentary
2026-01-24 00:18:05 | INFO     | Sync interval: 10 minutes
2026-01-24 00:18:05 | INFO     | PR interval: 60 minutes
2026-01-24 00:18:05 | INFO     | ============================================================
2026-01-24 00:18:06 | INFO     | gh CLI authenticated
2026-01-24 00:18:06 | INFO     | Setting up git remotes...
2026-01-24 00:18:06 | INFO     | Configured origin remote
2026-01-24 00:18:07 | INFO     | gh CLI authenticated
2026-01-24 00:18:07 | INFO     | ----------------------------------------
2026-01-24 00:18:07 | INFO     | Running periodic health check...
2026-01-24 00:18:08 | INFO     | gh CLI authenticated
2026-01-24 00:18:08 | INFO     | Health check passed
2026-01-24 00:18:08 | INFO     | ----------------------------------------
2026-01-24 00:18:08 | INFO     | Starting sync cycle...
2026-01-24 00:18:08 | INFO     | Syncing with upstream...
2026-01-24 00:18:09 | INFO     | Already up to date with upstream
2026-01-24 00:18:09 | INFO     | Running scraper...
2026-01-24 00:18:09 | INFO     | Found 16 new URLs to scrape
2026-01-24 00:18:58 | INFO     | patching driver executable C:\Users\user\appdata\roaming\undetected_chromedriver\undetected_chromedriver.exe
2026-01-24 00:19:29 | INFO     | Updated cumulative stats: 3136 success, 133 failed across 48 cycles
2026-01-24 00:19:29 | INFO     | Scraper results: 15 success, 1 failed
2026-01-24 00:19:29 | INFO     | Committing changes...
2026-01-24 00:19:30 | INFO     | Committed: chore(scraper): auto-scrape 2026-01-24 00:19
2026-01-24 00:19:34 | INFO     | Pushed to origin successfully
2026-01-24 00:19:34 | INFO     | Sync cycle complete
2026-01-24 00:19:34 | INFO     | ----------------------------------------
2026-01-24 00:19:34 | INFO     | Starting PR cycle...
2026-01-24 00:19:36 | INFO     | Pushed to origin successfully
2026-01-24 00:19:36 | INFO     | Managing PR...
2026-01-24 00:19:39 | ERROR    | Failed to create PR: pull request create failed: GraphQL: No commits between adminlby:main and hk-hack-007:main (createPullRequest)

2026-01-24 00:19:39 | INFO     | PR cycle complete
2026-01-24 00:19:39 | INFO     | Run once mode, exiting...
2026-01-24 00:19:39 | INFO     | ensuring close
2026-01-25 02:01:14 | INFO     | ============================================================
2026-01-25 02:01:14 | INFO     | News Scraper Daemon Starting
2026-01-25 02:01:14 | INFO     | Fork: hk-hack-007/Hong-Kong-Fire-Documentary-i
2026-01-25 02:01:14 | INFO     | Upstream: adminlby/Hong-Kong-Fire-Documentary
2026-01-25 02:01:14 | INFO     | Sync interval: 10 minutes
2026-01-25 02:01:14 | INFO     | PR interval: 60 minutes
2026-01-25 02:01:14 | INFO     | ============================================================
2026-01-25 02:01:15 | INFO     | gh CLI authenticated
2026-01-25 02:01:15 | INFO     | Setting up git remotes...
2026-01-25 02:01:15 | INFO     | Configured origin remote
2026-01-25 02:01:15 | INFO     | gh CLI authenticated
2026-01-25 02:01:16 | INFO     | ----------------------------------------
2026-01-25 02:01:16 | INFO     | Running periodic health check...
2026-01-25 02:01:17 | INFO     | gh CLI authenticated
2026-01-25 02:01:17 | INFO     | Health check passed
2026-01-25 02:01:17 | INFO     | ----------------------------------------
2026-01-25 02:01:17 | INFO     | Starting sync cycle...
2026-01-25 02:01:17 | INFO     | Syncing with upstream...
2026-01-25 02:01:19 | INFO     | Already up to date with upstream
2026-01-25 02:01:19 | INFO     | Running scraper...
2026-01-25 02:01:20 | INFO     | Found 29 new URLs to scrape
2026-01-25 02:02:01 | INFO     | Daemon stopped by user
2026-01-25 02:02:01 | ERROR    | Future exception was never retrieved
future: <Future finished exception=TargetClosedError('Target page, context or browser has been closed')>
playwright._impl._errors.TargetClosedError: Target page, context or browser has been closed
2026-01-25 02:02:01 | ERROR    | Future exception was never retrieved
future: <Future finished exception=TargetClosedError('Target page, context or browser has been closed')>
playwright._impl._errors.TargetClosedError: Target page, context or browser has been closed
2026-01-25 02:02:01 | ERROR    | Future exception was never retrieved
future: <Future finished exception=TargetClosedError('Target page, context or browser has been closed')>
playwright._impl._errors.TargetClosedError: Target page, context or browser has been closed
2026-01-25 02:02:01 | ERROR    | Future exception was never retrieved
future: <Future finished exception=TargetClosedError('Target page, context or browser has been closed')>
playwright._impl._errors.TargetClosedError: Target page, context or browser has been closed
2026-01-25 02:02:01 | ERROR    | Future exception was never retrieved
future: <Future finished exception=TargetClosedError('Target page, context or browser has been closed')>
playwright._impl._errors.TargetClosedError: Target page, context or browser has been closed
2026-01-25 02:02:01 | ERROR    | Future exception was never retrieved
future: <Future finished exception=TargetClosedError('Target page, context or browser has been closed')>
playwright._impl._errors.TargetClosedError: Target page, context or browser has been closed
2026-01-25 02:03:03 | INFO     | ============================================================
2026-01-25 02:03:03 | INFO     | News Scraper Daemon Starting
2026-01-25 02:03:03 | INFO     | Fork: hk-hack-007/Hong-Kong-Fire-Documentary-i
2026-01-25 02:03:03 | INFO     | Upstream: adminlby/Hong-Kong-Fire-Documentary
2026-01-25 02:03:03 | INFO     | Sync interval: 10 minutes
2026-01-25 02:03:03 | INFO     | PR interval: 60 minutes
2026-01-25 02:03:03 | INFO     | ============================================================
2026-01-25 02:03:04 | INFO     | gh CLI authenticated
2026-01-25 02:03:04 | INFO     | Setting up git remotes...
2026-01-25 02:03:04 | INFO     | Configured origin remote
2026-01-25 02:03:05 | INFO     | gh CLI authenticated
2026-01-25 02:03:05 | INFO     | ----------------------------------------
2026-01-25 02:03:05 | INFO     | Running periodic health check...
2026-01-25 02:03:06 | INFO     | gh CLI authenticated
2026-01-25 02:03:06 | INFO     | Health check passed
2026-01-25 02:03:06 | INFO     | ----------------------------------------
2026-01-25 02:03:06 | INFO     | Starting sync cycle...
2026-01-25 02:03:06 | INFO     | Syncing with upstream...
2026-01-25 02:03:07 | INFO     | Already up to date with upstream
2026-01-25 02:03:07 | INFO     | Running scraper...
2026-01-25 02:03:07 | INFO     | Found 7 new URLs to scrape
2026-01-25 02:04:12 | INFO     | Updated cumulative stats: 3142 success, 134 failed across 49 cycles
2026-01-25 02:04:12 | INFO     | Scraper results: 6 success, 1 failed
2026-01-25 02:04:12 | INFO     | Committing changes...
2026-01-25 02:04:13 | INFO     | Committed: chore(scraper): auto-scrape 2026-01-25 02:04
2026-01-25 02:04:17 | INFO     | Pushed to origin successfully
2026-01-25 02:04:17 | INFO     | Sync cycle complete
2026-01-25 02:04:17 | INFO     | ----------------------------------------
2026-01-25 02:04:17 | INFO     | Starting PR cycle...
2026-01-25 02:04:18 | INFO     | Pushed to origin successfully
2026-01-25 02:04:18 | INFO     | Managing PR...
2026-01-25 02:04:23 | ERROR    | Failed to create PR: pull request create failed: GraphQL: No commits between adminlby:main and hk-hack-007:main (createPullRequest)

2026-01-25 02:04:23 | INFO     | PR cycle complete
2026-01-25 02:04:23 | INFO     | Run once mode, exiting...
2026-01-26 00:06:15 | INFO     | ============================================================
2026-01-26 00:06:15 | INFO     | News Scraper Daemon Starting
2026-01-26 00:06:15 | INFO     | Fork: hk-hack-007/Hong-Kong-Fire-Documentary-i
2026-01-26 00:06:15 | INFO     | Upstream: adminlby/Hong-Kong-Fire-Documentary
2026-01-26 00:06:15 | INFO     | Sync interval: 10 minutes
2026-01-26 00:06:15 | INFO     | PR interval: 60 minutes
2026-01-26 00:06:15 | INFO     | ============================================================
2026-01-26 00:06:16 | INFO     | gh CLI authenticated
2026-01-26 00:06:16 | INFO     | Setting up git remotes...
2026-01-26 00:06:16 | INFO     | Configured origin remote
2026-01-26 00:06:17 | INFO     | gh CLI authenticated
2026-01-26 00:06:17 | INFO     | ----------------------------------------
2026-01-26 00:06:17 | INFO     | Running periodic health check...
2026-01-26 00:06:17 | INFO     | gh CLI authenticated
2026-01-26 00:06:18 | INFO     | Health check passed
2026-01-26 00:06:18 | INFO     | ----------------------------------------
2026-01-26 00:06:18 | INFO     | Starting sync cycle...
2026-01-26 00:06:18 | INFO     | Syncing with upstream...
2026-01-26 00:06:19 | INFO     | Already up to date with upstream
2026-01-26 00:06:19 | INFO     | Running scraper...
2026-01-26 00:06:19 | INFO     | Found 18 new URLs to scrape
2026-01-26 00:07:12 | INFO     | Updated cumulative stats: 3159 success, 135 failed across 50 cycles
2026-01-26 00:07:12 | INFO     | Scraper results: 17 success, 1 failed
2026-01-26 00:07:12 | INFO     | Committing changes...
2026-01-26 00:07:13 | INFO     | Committed: chore(scraper): auto-scrape 2026-01-26 00:07
2026-01-26 00:07:17 | INFO     | Pushed to origin successfully
2026-01-26 00:07:17 | INFO     | Sync cycle complete
2026-01-26 00:07:17 | INFO     | ----------------------------------------
2026-01-26 00:07:17 | INFO     | Starting PR cycle...
2026-01-26 00:07:18 | INFO     | Pushed to origin successfully
2026-01-26 00:07:18 | INFO     | Managing PR...
2026-01-26 00:07:21 | ERROR    | Failed to create PR: pull request create failed: GraphQL: No commits between adminlby:main and hk-hack-007:main (createPullRequest)

2026-01-26 00:07:21 | INFO     | PR cycle complete
2026-01-26 00:07:21 | INFO     | Run once mode, exiting...
2026-01-26 20:08:45 | INFO     | ============================================================
2026-01-26 20:08:45 | INFO     | News Scraper Daemon Starting
2026-01-26 20:08:45 | INFO     | Fork: hk-hack-007/Hong-Kong-Fire-Documentary-i
2026-01-26 20:08:45 | INFO     | Upstream: adminlby/Hong-Kong-Fire-Documentary
2026-01-26 20:08:45 | INFO     | Sync interval: 10 minutes
2026-01-26 20:08:45 | INFO     | PR interval: 60 minutes
2026-01-26 20:08:45 | INFO     | ============================================================
2026-01-26 20:08:46 | INFO     | gh CLI authenticated
2026-01-26 20:08:46 | INFO     | Setting up git remotes...
2026-01-26 20:08:46 | INFO     | Configured origin remote
2026-01-26 20:08:47 | INFO     | gh CLI authenticated
2026-01-26 20:08:47 | INFO     | ----------------------------------------
2026-01-26 20:08:47 | INFO     | Running periodic health check...
2026-01-26 20:08:48 | INFO     | gh CLI authenticated
2026-01-26 20:08:48 | INFO     | Health check passed
2026-01-26 20:08:48 | INFO     | ----------------------------------------
2026-01-26 20:08:48 | INFO     | Starting sync cycle...
2026-01-26 20:08:48 | INFO     | Syncing with upstream...
2026-01-26 20:08:49 | INFO     | Already up to date with upstream
2026-01-26 20:08:49 | INFO     | Running scraper...
2026-01-26 20:08:50 | INFO     | Found 27 new URLs to scrape
2026-01-26 20:09:19 | INFO     | patching driver executable C:\Users\user\appdata\roaming\undetected_chromedriver\undetected_chromedriver.exe
2026-01-26 20:11:08 | INFO     | Updated cumulative stats: 3185 success, 136 failed across 51 cycles
2026-01-26 20:11:08 | INFO     | Scraper results: 26 success, 1 failed
2026-01-26 20:11:08 | INFO     | Committing changes...
2026-01-26 20:11:09 | INFO     | Committed: chore(scraper): auto-scrape 2026-01-26 20:11
2026-01-26 20:11:14 | INFO     | Pushed to origin successfully
2026-01-26 20:11:14 | INFO     | Sync cycle complete
2026-01-26 20:11:14 | INFO     | ----------------------------------------
2026-01-26 20:11:14 | INFO     | Starting PR cycle...
2026-01-26 20:11:15 | INFO     | Pushed to origin successfully
2026-01-26 20:11:15 | INFO     | Managing PR...
2026-01-26 20:11:19 | ERROR    | Failed to create PR: pull request create failed: GraphQL: No commits between adminlby:main and hk-hack-007:main (createPullRequest)

2026-01-26 20:11:19 | INFO     | PR cycle complete
2026-01-26 20:11:19 | INFO     | Run once mode, exiting...
2026-01-26 20:11:19 | INFO     | ensuring close
2026-01-27 20:57:01 | INFO     | ============================================================
2026-01-27 20:57:01 | INFO     | News Scraper Daemon Starting
2026-01-27 20:57:01 | INFO     | Fork: hk-hack-007/Hong-Kong-Fire-Documentary-i
2026-01-27 20:57:01 | INFO     | Upstream: adminlby/Hong-Kong-Fire-Documentary
2026-01-27 20:57:01 | INFO     | Sync interval: 10 minutes
2026-01-27 20:57:01 | INFO     | PR interval: 60 minutes
2026-01-27 20:57:01 | INFO     | ============================================================
2026-01-27 20:57:01 | INFO     | gh CLI authenticated
2026-01-27 20:57:01 | INFO     | Setting up git remotes...
2026-01-27 20:57:01 | INFO     | Configured origin remote
2026-01-27 20:57:02 | INFO     | gh CLI authenticated
2026-01-27 20:57:02 | INFO     | ----------------------------------------
2026-01-27 20:57:02 | INFO     | Running periodic health check...
2026-01-27 20:57:03 | INFO     | gh CLI authenticated
2026-01-27 20:57:04 | INFO     | Health check passed
2026-01-27 20:57:04 | INFO     | ----------------------------------------
2026-01-27 20:57:04 | INFO     | Starting sync cycle...
2026-01-27 20:57:04 | INFO     | Syncing with upstream...
2026-01-27 20:57:05 | INFO     | Already up to date with upstream
2026-01-27 20:57:05 | INFO     | Running scraper...
2026-01-27 20:57:06 | INFO     | Found 27 new URLs to scrape
2026-01-27 20:58:56 | INFO     | patching driver executable C:\Users\user\appdata\roaming\undetected_chromedriver\undetected_chromedriver.exe
2026-01-27 21:00:30 | INFO     | Updated cumulative stats: 3211 success, 137 failed across 52 cycles
2026-01-27 21:00:30 | INFO     | Scraper results: 26 success, 1 failed
2026-01-27 21:00:30 | INFO     | Committing changes...
2026-01-27 21:00:31 | INFO     | Committed: chore(scraper): auto-scrape 2026-01-27 21:00
2026-01-27 21:00:35 | INFO     | Pushed to origin successfully
2026-01-27 21:00:35 | INFO     | Sync cycle complete
2026-01-27 21:00:35 | INFO     | ----------------------------------------
2026-01-27 21:00:35 | INFO     | Starting PR cycle...
2026-01-27 21:00:36 | INFO     | Pushed to origin successfully
2026-01-27 21:00:36 | INFO     | Managing PR...
2026-01-27 21:00:38 | INFO     | PR #34 exists, updating description with fresh stats...
2026-01-27 21:00:41 | INFO     | Updated PR #34 with fresh stats
2026-01-27 21:00:41 | INFO     | PR cycle complete
2026-01-27 21:00:41 | INFO     | Run once mode, exiting...
2026-01-27 21:00:41 | INFO     | ensuring close
2026-01-27 21:00:41 | INFO     | ensuring close
2026-01-28 23:39:01 | INFO     | ============================================================
2026-01-28 23:39:01 | INFO     | News Scraper Daemon Starting
2026-01-28 23:39:01 | INFO     | Fork: hk-hack-007/Hong-Kong-Fire-Documentary-i
2026-01-28 23:39:01 | INFO     | Upstream: adminlby/Hong-Kong-Fire-Documentary
2026-01-28 23:39:01 | INFO     | Sync interval: 10 minutes
2026-01-28 23:39:01 | INFO     | PR interval: 60 minutes
2026-01-28 23:39:01 | INFO     | ============================================================
2026-01-28 23:39:02 | INFO     | gh CLI authenticated
2026-01-28 23:39:02 | INFO     | Setting up git remotes...
2026-01-28 23:39:02 | INFO     | Configured origin remote
2026-01-28 23:39:03 | INFO     | gh CLI authenticated
2026-01-28 23:39:03 | INFO     | ----------------------------------------
2026-01-28 23:39:03 | INFO     | Running periodic health check...
2026-01-28 23:39:04 | INFO     | gh CLI authenticated
2026-01-28 23:39:04 | INFO     | Health check passed
2026-01-28 23:39:04 | INFO     | ----------------------------------------
2026-01-28 23:39:04 | INFO     | Starting sync cycle...
2026-01-28 23:39:04 | INFO     | Syncing with upstream...
2026-01-28 23:39:05 | INFO     | Already up to date with upstream
2026-01-28 23:39:05 | INFO     | Running scraper...
2026-01-28 23:39:05 | INFO     | Found 29 new URLs to scrape
2026-01-28 23:39:38 | INFO     | Updated cumulative stats: 3239 success, 138 failed across 53 cycles
2026-01-28 23:39:38 | INFO     | Scraper results: 28 success, 1 failed
2026-01-28 23:39:38 | INFO     | Committing changes...
2026-01-28 23:39:40 | INFO     | Committed: chore(scraper): auto-scrape 2026-01-28 23:39
2026-01-28 23:39:44 | INFO     | Pushed to origin successfully
2026-01-28 23:39:44 | INFO     | Sync cycle complete
2026-01-28 23:39:44 | INFO     | ----------------------------------------
2026-01-28 23:39:44 | INFO     | Starting PR cycle...
2026-01-28 23:39:45 | INFO     | Pushed to origin successfully
2026-01-28 23:39:45 | INFO     | Managing PR...
2026-01-28 23:39:49 | ERROR    | Failed to create PR: pull request create failed: GraphQL: No commits between adminlby:main and hk-hack-007:main (createPullRequest)

2026-01-28 23:39:49 | INFO     | PR cycle complete
2026-01-28 23:39:49 | INFO     | Run once mode, exiting...
2026-01-29 22:16:23 | INFO     | ============================================================
2026-01-29 22:16:23 | INFO     | News Scraper Daemon Starting
2026-01-29 22:16:23 | INFO     | Fork: hk-hack-007/Hong-Kong-Fire-Documentary-i
2026-01-29 22:16:23 | INFO     | Upstream: adminlby/Hong-Kong-Fire-Documentary
2026-01-29 22:16:23 | INFO     | Sync interval: 10 minutes
2026-01-29 22:16:23 | INFO     | PR interval: 60 minutes
2026-01-29 22:16:23 | INFO     | ============================================================
2026-01-29 22:16:24 | INFO     | gh CLI authenticated
2026-01-29 22:16:24 | INFO     | Setting up git remotes...
2026-01-29 22:16:24 | INFO     | Configured origin remote
2026-01-29 22:16:24 | INFO     | gh CLI authenticated
2026-01-29 22:16:24 | INFO     | ----------------------------------------
2026-01-29 22:16:24 | INFO     | Running periodic health check...
2026-01-29 22:16:25 | INFO     | gh CLI authenticated
2026-01-29 22:16:25 | INFO     | Health check passed
2026-01-29 22:16:25 | INFO     | ----------------------------------------
2026-01-29 22:16:25 | INFO     | Starting sync cycle...
2026-01-29 22:16:25 | INFO     | Syncing with upstream...
2026-01-29 22:16:26 | INFO     | Already up to date with upstream
2026-01-29 22:16:26 | INFO     | Running scraper...
2026-01-29 22:16:27 | INFO     | Found 17 new URLs to scrape
2026-01-29 22:16:48 | INFO     | Updated cumulative stats: 3255 success, 139 failed across 54 cycles
2026-01-29 22:16:48 | INFO     | Scraper results: 16 success, 1 failed
2026-01-29 22:16:48 | INFO     | Committing changes...
2026-01-29 22:16:49 | INFO     | Committed: chore(scraper): auto-scrape 2026-01-29 22:16
2026-01-29 22:16:53 | INFO     | Pushed to origin successfully
2026-01-29 22:16:53 | INFO     | Sync cycle complete
2026-01-29 22:16:53 | INFO     | ----------------------------------------
2026-01-29 22:16:53 | INFO     | Starting PR cycle...
2026-01-29 22:16:54 | INFO     | Pushed to origin successfully
2026-01-29 22:16:54 | INFO     | Managing PR...
2026-01-29 22:16:55 | INFO     | PR #35 exists, updating description with fresh stats...
2026-01-29 22:16:58 | INFO     | Updated PR #35 with fresh stats
2026-01-29 22:16:58 | INFO     | PR cycle complete
2026-01-29 22:16:58 | INFO     | Run once mode, exiting...
2026-01-31 02:43:35 | INFO     | ============================================================
2026-01-31 02:43:35 | INFO     | News Scraper Daemon Starting
2026-01-31 02:43:35 | INFO     | Fork: hk-hack-007/Hong-Kong-Fire-Documentary-i
2026-01-31 02:43:35 | INFO     | Upstream: adminlby/Hong-Kong-Fire-Documentary
2026-01-31 02:43:35 | INFO     | Sync interval: 10 minutes
2026-01-31 02:43:35 | INFO     | PR interval: 60 minutes
2026-01-31 02:43:35 | INFO     | ============================================================
2026-01-31 02:43:36 | INFO     | gh CLI authenticated
2026-01-31 02:43:36 | INFO     | Setting up git remotes...
2026-01-31 02:43:36 | INFO     | Configured origin remote
2026-01-31 02:43:37 | INFO     | gh CLI authenticated
2026-01-31 02:43:37 | INFO     | ----------------------------------------
2026-01-31 02:43:37 | INFO     | Running periodic health check...
2026-01-31 02:43:38 | INFO     | gh CLI authenticated
2026-01-31 02:43:38 | INFO     | Health check passed
2026-01-31 02:43:38 | INFO     | ----------------------------------------
2026-01-31 02:43:38 | INFO     | Starting sync cycle...
2026-01-31 02:43:38 | INFO     | Syncing with upstream...
2026-01-31 02:43:39 | INFO     | Already up to date with upstream
2026-01-31 02:43:39 | INFO     | Running scraper...
2026-01-31 02:43:40 | INFO     | Found 30 new URLs to scrape
2026-01-31 02:44:13 | INFO     | Updated cumulative stats: 3284 success, 140 failed across 55 cycles
2026-01-31 02:44:13 | INFO     | Scraper results: 29 success, 1 failed
2026-01-31 02:44:13 | INFO     | Committing changes...
2026-01-31 02:44:15 | INFO     | Committed: chore(scraper): auto-scrape 2026-01-31 02:44
2026-01-31 02:44:18 | INFO     | Pushed to origin successfully
2026-01-31 02:44:18 | INFO     | Sync cycle complete
2026-01-31 02:44:18 | INFO     | ----------------------------------------
2026-01-31 02:44:18 | INFO     | Starting PR cycle...
2026-01-31 02:44:19 | INFO     | Pushed to origin successfully
2026-01-31 02:44:19 | INFO     | Managing PR...
2026-01-31 02:44:24 | ERROR    | Failed to create PR: pull request create failed: GraphQL: No commits between adminlby:main and hk-hack-007:main (createPullRequest)

2026-01-31 02:44:24 | INFO     | PR cycle complete
2026-01-31 02:44:24 | INFO     | Run once mode, exiting...
2026-01-31 22:18:59 | INFO     | ============================================================
2026-01-31 22:18:59 | INFO     | News Scraper Daemon Starting
2026-01-31 22:18:59 | INFO     | Fork: hk-hack-007/Hong-Kong-Fire-Documentary-i
2026-01-31 22:18:59 | INFO     | Upstream: adminlby/Hong-Kong-Fire-Documentary
2026-01-31 22:18:59 | INFO     | Sync interval: 10 minutes
2026-01-31 22:18:59 | INFO     | PR interval: 60 minutes
2026-01-31 22:18:59 | INFO     | ============================================================
2026-01-31 22:19:00 | INFO     | gh CLI authenticated
2026-01-31 22:19:00 | INFO     | Setting up git remotes...
2026-01-31 22:19:00 | INFO     | Configured origin remote
2026-01-31 22:19:00 | INFO     | gh CLI authenticated
2026-01-31 22:19:01 | INFO     | ----------------------------------------
2026-01-31 22:19:01 | INFO     | Running periodic health check...
2026-01-31 22:19:01 | INFO     | gh CLI authenticated
2026-01-31 22:19:01 | INFO     | Health check passed
2026-01-31 22:19:01 | INFO     | ----------------------------------------
2026-01-31 22:19:01 | INFO     | Starting sync cycle...
2026-01-31 22:19:01 | INFO     | Syncing with upstream...
2026-01-31 22:19:02 | INFO     | Already up to date with upstream
2026-01-31 22:19:02 | INFO     | Running scraper...
2026-01-31 22:19:03 | INFO     | Found 37 new URLs to scrape
2026-01-31 22:20:56 | INFO     | Updated cumulative stats: 3320 success, 141 failed across 56 cycles
2026-01-31 22:20:56 | INFO     | Scraper results: 36 success, 1 failed
2026-01-31 22:20:57 | INFO     | Committing changes...
2026-01-31 22:20:58 | INFO     | Committed: chore(scraper): auto-scrape 2026-01-31 22:20
2026-01-31 22:21:06 | INFO     | Pushed to origin successfully
2026-01-31 22:21:06 | INFO     | Sync cycle complete
2026-01-31 22:21:06 | INFO     | ----------------------------------------
2026-01-31 22:21:06 | INFO     | Starting PR cycle...
2026-01-31 22:21:08 | INFO     | Pushed to origin successfully
2026-01-31 22:21:08 | INFO     | Managing PR...
2026-01-31 22:21:09 | INFO     | PR #36 exists, updating description with fresh stats...
2026-01-31 22:21:13 | INFO     | Updated PR #36 with fresh stats
2026-01-31 22:21:13 | INFO     | PR cycle complete
2026-01-31 22:21:13 | INFO     | Run once mode, exiting...
2026-02-01 22:20:54 | INFO     | ============================================================
2026-02-01 22:20:54 | INFO     | News Scraper Daemon Starting
2026-02-01 22:20:54 | INFO     | Fork: hk-hack-007/Hong-Kong-Fire-Documentary-i
2026-02-01 22:20:54 | INFO     | Upstream: adminlby/Hong-Kong-Fire-Documentary
2026-02-01 22:20:54 | INFO     | Sync interval: 10 minutes
2026-02-01 22:20:54 | INFO     | PR interval: 60 minutes
2026-02-01 22:20:54 | INFO     | ============================================================
2026-02-01 22:20:55 | INFO     | gh CLI authenticated
2026-02-01 22:20:55 | INFO     | Setting up git remotes...
2026-02-01 22:20:55 | INFO     | Configured origin remote
2026-02-01 22:20:55 | INFO     | gh CLI authenticated
2026-02-01 22:20:56 | INFO     | ----------------------------------------
2026-02-01 22:20:56 | INFO     | Running periodic health check...
2026-02-01 22:20:56 | INFO     | gh CLI authenticated
2026-02-01 22:20:56 | INFO     | Health check passed
2026-02-01 22:20:56 | INFO     | ----------------------------------------
2026-02-01 22:20:56 | INFO     | Starting sync cycle...
2026-02-01 22:20:56 | INFO     | Syncing with upstream...
2026-02-01 22:20:57 | INFO     | Already up to date with upstream
2026-02-01 22:20:57 | INFO     | Running scraper...
2026-02-01 22:20:58 | INFO     | Found 10 new URLs to scrape
2026-02-01 22:21:15 | INFO     | Updated cumulative stats: 3329 success, 142 failed across 57 cycles
2026-02-01 22:21:15 | INFO     | Scraper results: 9 success, 1 failed
2026-02-01 22:21:15 | INFO     | Committing changes...
2026-02-01 22:21:16 | INFO     | Committed: chore(scraper): auto-scrape 2026-02-01 22:21
2026-02-01 22:21:20 | INFO     | Pushed to origin successfully
2026-02-01 22:21:20 | INFO     | Sync cycle complete
2026-02-01 22:21:20 | INFO     | ----------------------------------------
2026-02-01 22:21:20 | INFO     | Starting PR cycle...
2026-02-01 22:21:21 | INFO     | Pushed to origin successfully
2026-02-01 22:21:21 | INFO     | Managing PR...
2026-02-01 22:21:23 | INFO     | PR #36 exists, updating description with fresh stats...
2026-02-01 22:21:25 | INFO     | Updated PR #36 with fresh stats
2026-02-01 22:21:25 | INFO     | PR cycle complete
2026-02-01 22:21:25 | INFO     | Run once mode, exiting...
2026-02-02 22:38:09 | INFO     | ============================================================
2026-02-02 22:38:09 | INFO     | News Scraper Daemon Starting
2026-02-02 22:38:09 | INFO     | Fork: hk-hack-007/Hong-Kong-Fire-Documentary-i
2026-02-02 22:38:09 | INFO     | Upstream: adminlby/Hong-Kong-Fire-Documentary
2026-02-02 22:38:09 | INFO     | Sync interval: 10 minutes
2026-02-02 22:38:09 | INFO     | PR interval: 60 minutes
2026-02-02 22:38:09 | INFO     | ============================================================
2026-02-02 22:38:10 | INFO     | gh CLI authenticated
2026-02-02 22:38:10 | INFO     | Setting up git remotes...
2026-02-02 22:38:10 | INFO     | Configured origin remote
2026-02-02 22:38:11 | INFO     | gh CLI authenticated
2026-02-02 22:38:11 | INFO     | ----------------------------------------
2026-02-02 22:38:11 | INFO     | Running periodic health check...
2026-02-02 22:38:12 | INFO     | gh CLI authenticated
2026-02-02 22:38:12 | INFO     | Health check passed
2026-02-02 22:38:12 | INFO     | ----------------------------------------
2026-02-02 22:38:12 | INFO     | Starting sync cycle...
2026-02-02 22:38:12 | INFO     | Syncing with upstream...
2026-02-02 22:38:13 | INFO     | Already up to date with upstream
2026-02-02 22:38:13 | INFO     | Running scraper...
2026-02-02 22:38:14 | INFO     | Found 15 new URLs to scrape
2026-02-02 22:39:01 | INFO     | Updated cumulative stats: 3343 success, 143 failed across 58 cycles
2026-02-02 22:39:01 | INFO     | Scraper results: 14 success, 1 failed
2026-02-02 22:39:01 | INFO     | Committing changes...
2026-02-02 22:39:03 | INFO     | Committed: chore(scraper): auto-scrape 2026-02-02 22:39
2026-02-02 22:39:06 | INFO     | Pushed to origin successfully
2026-02-02 22:39:06 | INFO     | Sync cycle complete
2026-02-02 22:39:06 | INFO     | ----------------------------------------
2026-02-02 22:39:06 | INFO     | Starting PR cycle...
2026-02-02 22:39:07 | INFO     | Pushed to origin successfully
2026-02-02 22:39:07 | INFO     | Managing PR...
2026-02-02 22:39:09 | INFO     | PR #36 exists, updating description with fresh stats...
2026-02-02 22:39:12 | INFO     | Updated PR #36 with fresh stats
2026-02-02 22:39:12 | INFO     | PR cycle complete
2026-02-02 22:39:12 | INFO     | Run once mode, exiting...
2026-02-03 23:35:34 | INFO     | ============================================================
2026-02-03 23:35:34 | INFO     | News Scraper Daemon Starting
2026-02-03 23:35:34 | INFO     | Fork: hk-hack-007/Hong-Kong-Fire-Documentary-i
2026-02-03 23:35:34 | INFO     | Upstream: adminlby/Hong-Kong-Fire-Documentary
2026-02-03 23:35:34 | INFO     | Sync interval: 10 minutes
2026-02-03 23:35:34 | INFO     | PR interval: 60 minutes
2026-02-03 23:35:34 | INFO     | ============================================================
2026-02-03 23:35:35 | INFO     | gh CLI authenticated
2026-02-03 23:35:35 | INFO     | Setting up git remotes...
2026-02-03 23:35:35 | INFO     | Configured origin remote
2026-02-03 23:35:36 | INFO     | gh CLI authenticated
2026-02-03 23:35:36 | INFO     | ----------------------------------------
2026-02-03 23:35:36 | INFO     | Running periodic health check...
2026-02-03 23:35:37 | INFO     | gh CLI authenticated
2026-02-03 23:35:37 | INFO     | Health check passed
2026-02-03 23:35:37 | INFO     | ----------------------------------------
2026-02-03 23:35:37 | INFO     | Starting sync cycle...
2026-02-03 23:35:37 | INFO     | Syncing with upstream...
2026-02-03 23:35:38 | INFO     | Already up to date with upstream
2026-02-03 23:35:38 | INFO     | Running scraper...
2026-02-03 23:35:39 | INFO     | Found 38 new URLs to scrape
2026-02-03 23:36:58 | INFO     | Updated cumulative stats: 3380 success, 144 failed across 59 cycles
2026-02-03 23:36:58 | INFO     | Scraper results: 37 success, 1 failed
2026-02-03 23:36:59 | INFO     | Committing changes...
2026-02-03 23:37:01 | INFO     | Committed: chore(scraper): auto-scrape 2026-02-03 23:37
2026-02-03 23:37:06 | INFO     | Pushed to origin successfully
2026-02-03 23:37:06 | INFO     | Sync cycle complete
2026-02-03 23:37:06 | INFO     | ----------------------------------------
2026-02-03 23:37:06 | INFO     | Starting PR cycle...
2026-02-03 23:37:07 | INFO     | Pushed to origin successfully
2026-02-03 23:37:07 | INFO     | Managing PR...
2026-02-03 23:37:08 | INFO     | PR #36 exists, updating description with fresh stats...
2026-02-03 23:37:14 | INFO     | Updated PR #36 with fresh stats
2026-02-03 23:37:14 | INFO     | PR cycle complete
2026-02-03 23:37:14 | INFO     | Run once mode, exiting...
2026-02-05 01:28:46 | INFO     | ============================================================
2026-02-05 01:28:46 | INFO     | News Scraper Daemon Starting
2026-02-05 01:28:46 | INFO     | Fork: hk-hack-007/Hong-Kong-Fire-Documentary-i
2026-02-05 01:28:46 | INFO     | Upstream: adminlby/Hong-Kong-Fire-Documentary
2026-02-05 01:28:46 | INFO     | Sync interval: 10 minutes
2026-02-05 01:28:46 | INFO     | PR interval: 60 minutes
2026-02-05 01:28:46 | INFO     | ============================================================
2026-02-05 01:28:47 | INFO     | gh CLI authenticated
2026-02-05 01:28:47 | INFO     | Setting up git remotes...
2026-02-05 01:28:47 | INFO     | Configured origin remote
2026-02-05 01:28:49 | INFO     | gh CLI authenticated
2026-02-05 01:28:49 | INFO     | ----------------------------------------
2026-02-05 01:28:49 | INFO     | Running periodic health check...
2026-02-05 01:28:50 | INFO     | gh CLI authenticated
2026-02-05 01:28:50 | INFO     | Health check passed
2026-02-05 01:28:50 | INFO     | ----------------------------------------
2026-02-05 01:28:50 | INFO     | Starting sync cycle...
2026-02-05 01:28:50 | INFO     | Syncing with upstream...
2026-02-05 01:28:52 | INFO     | Already up to date with upstream
2026-02-05 01:28:52 | INFO     | Running scraper...
2026-02-05 01:28:52 | INFO     | Found 32 new URLs to scrape
2026-02-05 01:31:09 | INFO     | patching driver executable C:\Users\user\appdata\roaming\undetected_chromedriver\undetected_chromedriver.exe
2026-02-05 01:38:19 | INFO     | Daemon stopped by user
2026-02-05 01:38:19 | INFO     | ensuring close
2026-02-05 01:38:19 | INFO     | ensuring close
2026-02-05 01:38:19 | INFO     | ensuring close
2026-02-05 01:41:01 | INFO     | ============================================================
2026-02-05 01:41:01 | INFO     | News Scraper Daemon Starting
2026-02-05 01:41:01 | INFO     | Fork: hk-hack-007/Hong-Kong-Fire-Documentary-i
2026-02-05 01:41:01 | INFO     | Upstream: adminlby/Hong-Kong-Fire-Documentary
2026-02-05 01:41:01 | INFO     | Sync interval: 10 minutes
2026-02-05 01:41:01 | INFO     | PR interval: 60 minutes
2026-02-05 01:41:01 | INFO     | ============================================================
2026-02-05 01:41:02 | INFO     | gh CLI authenticated
2026-02-05 01:41:02 | INFO     | Setting up git remotes...
2026-02-05 01:41:03 | INFO     | Configured origin remote
2026-02-05 01:41:03 | INFO     | gh CLI authenticated
2026-02-05 01:41:03 | INFO     | ----------------------------------------
2026-02-05 01:41:03 | INFO     | Running periodic health check...
2026-02-05 01:41:04 | INFO     | gh CLI authenticated
2026-02-05 01:41:04 | INFO     | Health check passed
2026-02-05 01:41:04 | INFO     | ----------------------------------------
2026-02-05 01:41:04 | INFO     | Starting sync cycle...
2026-02-05 01:41:04 | INFO     | Syncing with upstream...
2026-02-05 01:41:07 | INFO     | Already up to date with upstream
2026-02-05 01:41:07 | INFO     | Running scraper...
2026-02-05 01:41:07 | INFO     | Found 28 new URLs to scrape
2026-02-05 01:41:12 | INFO     | patching driver executable C:\Users\user\appdata\roaming\undetected_chromedriver\undetected_chromedriver.exe
2026-02-05 01:42:28 | INFO     | Updated cumulative stats: 3407 success, 145 failed across 60 cycles
2026-02-05 01:42:28 | INFO     | Scraper results: 27 success, 1 failed
2026-02-05 01:42:28 | INFO     | Committing changes...
2026-02-05 01:42:30 | INFO     | Committed: chore(scraper): auto-scrape 2026-02-05 01:42
2026-02-05 01:42:33 | INFO     | Pushed to origin successfully
2026-02-05 01:42:33 | INFO     | Sync cycle complete
2026-02-05 01:42:33 | INFO     | ----------------------------------------
2026-02-05 01:42:33 | INFO     | Starting PR cycle...
2026-02-05 01:42:34 | INFO     | Pushed to origin successfully
2026-02-05 01:42:34 | INFO     | Managing PR...
2026-02-05 01:42:36 | INFO     | PR #36 exists, updating description with fresh stats...
2026-02-05 01:42:40 | INFO     | Updated PR #36 with fresh stats
2026-02-05 01:42:40 | INFO     | PR cycle complete
2026-02-05 01:42:40 | INFO     | Run once mode, exiting...
2026-02-05 01:42:40 | INFO     | ensuring close
2026-02-05 01:42:40 | INFO     | ensuring close
2026-02-05 01:42:40 | INFO     | ensuring close
2026-02-05 01:42:40 | INFO     | ensuring close
2026-02-05 01:42:40 | INFO     | ensuring close
2026-02-05 01:42:40 | INFO     | ensuring close
2026-02-05 01:42:40 | INFO     | ensuring close
2026-02-05 01:42:40 | INFO     | ensuring close
2026-02-05 01:42:40 | INFO     | ensuring close
2026-02-05 01:42:40 | INFO     | ensuring close
2026-02-05 21:59:14 | INFO     | ============================================================
2026-02-05 21:59:14 | INFO     | News Scraper Daemon Starting
2026-02-05 21:59:14 | INFO     | Fork: hk-hack-007/Hong-Kong-Fire-Documentary-i
2026-02-05 21:59:14 | INFO     | Upstream: adminlby/Hong-Kong-Fire-Documentary
2026-02-05 21:59:14 | INFO     | Sync interval: 10 minutes
2026-02-05 21:59:14 | INFO     | PR interval: 60 minutes
2026-02-05 21:59:14 | INFO     | ============================================================
2026-02-05 21:59:15 | INFO     | gh CLI authenticated
2026-02-05 21:59:15 | INFO     | Setting up git remotes...
2026-02-05 21:59:15 | INFO     | Configured origin remote
2026-02-05 21:59:16 | INFO     | gh CLI authenticated
2026-02-05 21:59:16 | INFO     | ----------------------------------------
2026-02-05 21:59:16 | INFO     | Running periodic health check...
2026-02-05 21:59:17 | INFO     | gh CLI authenticated
2026-02-05 21:59:17 | INFO     | Health check passed
2026-02-05 21:59:17 | INFO     | ----------------------------------------
2026-02-05 21:59:17 | INFO     | Starting sync cycle...
2026-02-05 21:59:17 | INFO     | Syncing with upstream...
2026-02-05 21:59:18 | INFO     | Already up to date with upstream
2026-02-05 21:59:18 | INFO     | Running scraper...
2026-02-05 21:59:19 | INFO     | Found 46 new URLs to scrape
2026-02-05 22:00:47 | INFO     | Updated cumulative stats: 3452 success, 146 failed across 61 cycles
2026-02-05 22:00:47 | INFO     | Scraper results: 45 success, 1 failed
2026-02-05 22:00:48 | INFO     | Committing changes...
2026-02-05 22:01:06 | INFO     | Committed: chore(scraper): auto-scrape 2026-02-05 22:00
2026-02-05 22:01:24 | INFO     | Pushed to origin successfully
2026-02-05 22:01:24 | INFO     | Sync cycle complete
2026-02-05 22:01:24 | INFO     | ----------------------------------------
2026-02-05 22:01:24 | INFO     | Starting PR cycle...
2026-02-05 22:01:26 | INFO     | Pushed to origin successfully
2026-02-05 22:01:26 | INFO     | Managing PR...
2026-02-05 22:01:28 | INFO     | PR #36 exists, updating description with fresh stats...
2026-02-05 22:01:34 | INFO     | Updated PR #36 with fresh stats
2026-02-05 22:01:34 | INFO     | PR cycle complete
2026-02-05 22:01:34 | INFO     | Run once mode, exiting...
2026-02-06 22:21:03 | INFO     | ============================================================
2026-02-06 22:21:03 | INFO     | News Scraper Daemon Starting
2026-02-06 22:21:03 | INFO     | Fork: hk-hack-007/Hong-Kong-Fire-Documentary-i
2026-02-06 22:21:03 | INFO     | Upstream: adminlby/Hong-Kong-Fire-Documentary
2026-02-06 22:21:03 | INFO     | Sync interval: 10 minutes
2026-02-06 22:21:03 | INFO     | PR interval: 60 minutes
2026-02-06 22:21:03 | INFO     | ============================================================
2026-02-06 22:21:04 | INFO     | gh CLI authenticated
2026-02-06 22:21:04 | INFO     | Setting up git remotes...
2026-02-06 22:21:04 | INFO     | Configured origin remote
2026-02-06 22:21:05 | INFO     | gh CLI authenticated
2026-02-06 22:21:06 | INFO     | ----------------------------------------
2026-02-06 22:21:06 | INFO     | Running periodic health check...
2026-02-06 22:21:06 | INFO     | gh CLI authenticated
2026-02-06 22:21:06 | INFO     | Health check passed
2026-02-06 22:21:06 | INFO     | ----------------------------------------
2026-02-06 22:21:06 | INFO     | Starting sync cycle...
2026-02-06 22:21:07 | INFO     | Syncing with upstream...
2026-02-06 22:21:08 | INFO     | Already up to date with upstream
2026-02-06 22:21:08 | INFO     | Running scraper...
2026-02-06 22:21:09 | INFO     | Found 21 new URLs to scrape
2026-02-06 22:22:19 | INFO     | Updated cumulative stats: 3472 success, 147 failed across 62 cycles
2026-02-06 22:22:19 | INFO     | Scraper results: 20 success, 1 failed
2026-02-06 22:22:19 | INFO     | Committing changes...
2026-02-06 22:22:20 | INFO     | Committed: chore(scraper): auto-scrape 2026-02-06 22:22
2026-02-06 22:22:24 | INFO     | Pushed to origin successfully
2026-02-06 22:22:24 | INFO     | Sync cycle complete
2026-02-06 22:22:24 | INFO     | ----------------------------------------
2026-02-06 22:22:24 | INFO     | Starting PR cycle...
2026-02-06 22:22:25 | INFO     | Pushed to origin successfully
2026-02-06 22:22:25 | INFO     | Managing PR...
2026-02-06 22:22:26 | INFO     | PR #36 exists, updating description with fresh stats...
2026-02-06 22:22:30 | INFO     | Updated PR #36 with fresh stats
2026-02-06 22:22:30 | INFO     | PR cycle complete
2026-02-06 22:22:30 | INFO     | Run once mode, exiting...
2026-02-07 21:52:31 | INFO     | ============================================================
2026-02-07 21:52:31 | INFO     | News Scraper Daemon Starting
2026-02-07 21:52:31 | INFO     | Fork: hk-hack-007/Hong-Kong-Fire-Documentary-i
2026-02-07 21:52:31 | INFO     | Upstream: adminlby/Hong-Kong-Fire-Documentary
2026-02-07 21:52:31 | INFO     | Sync interval: 10 minutes
2026-02-07 21:52:31 | INFO     | PR interval: 60 minutes
2026-02-07 21:52:31 | INFO     | ============================================================
2026-02-07 21:52:31 | INFO     | gh CLI authenticated
2026-02-07 21:52:31 | INFO     | Setting up git remotes...
2026-02-07 21:52:31 | INFO     | Configured origin remote
2026-02-07 21:52:32 | INFO     | gh CLI authenticated
2026-02-07 21:52:32 | INFO     | ----------------------------------------
2026-02-07 21:52:32 | INFO     | Running periodic health check...
2026-02-07 21:52:33 | INFO     | gh CLI authenticated
2026-02-07 21:52:33 | INFO     | Health check passed
2026-02-07 21:52:33 | INFO     | ----------------------------------------
2026-02-07 21:52:33 | INFO     | Starting sync cycle...
2026-02-07 21:52:33 | INFO     | Syncing with upstream...
2026-02-07 21:52:34 | INFO     | Already up to date with upstream
2026-02-07 21:52:34 | INFO     | Running scraper...
2026-02-07 21:52:35 | INFO     | Found 16 new URLs to scrape
2026-02-07 21:53:17 | INFO     | Updated cumulative stats: 3487 success, 148 failed across 63 cycles
2026-02-07 21:53:17 | INFO     | Scraper results: 15 success, 1 failed
2026-02-07 21:53:17 | INFO     | Committing changes...
2026-02-07 21:53:18 | INFO     | Committed: chore(scraper): auto-scrape 2026-02-07 21:53
2026-02-07 21:53:22 | INFO     | Pushed to origin successfully
2026-02-07 21:53:22 | INFO     | Sync cycle complete
2026-02-07 21:53:22 | INFO     | ----------------------------------------
2026-02-07 21:53:22 | INFO     | Starting PR cycle...
2026-02-07 21:53:23 | INFO     | Pushed to origin successfully
2026-02-07 21:53:23 | INFO     | Managing PR...
2026-02-07 21:53:24 | INFO     | PR #36 exists, updating description with fresh stats...
2026-02-07 21:53:29 | INFO     | Updated PR #36 with fresh stats
2026-02-07 21:53:29 | INFO     | PR cycle complete
2026-02-07 21:53:29 | INFO     | Run once mode, exiting...
2026-02-08 23:16:29 | INFO     | ============================================================
2026-02-08 23:16:29 | INFO     | News Scraper Daemon Starting
2026-02-08 23:16:29 | INFO     | Fork: hk-hack-007/Hong-Kong-Fire-Documentary-i
2026-02-08 23:16:29 | INFO     | Upstream: adminlby/Hong-Kong-Fire-Documentary
2026-02-08 23:16:29 | INFO     | Sync interval: 10 minutes
2026-02-08 23:16:29 | INFO     | PR interval: 60 minutes
2026-02-08 23:16:29 | INFO     | ============================================================
2026-02-08 23:16:29 | INFO     | gh CLI authenticated
2026-02-08 23:16:29 | INFO     | Setting up git remotes...
2026-02-08 23:16:29 | INFO     | Configured origin remote
2026-02-08 23:16:30 | INFO     | gh CLI authenticated
2026-02-08 23:16:30 | INFO     | ----------------------------------------
2026-02-08 23:16:30 | INFO     | Running periodic health check...
2026-02-08 23:16:31 | INFO     | gh CLI authenticated
2026-02-08 23:16:31 | INFO     | Health check passed
2026-02-08 23:16:31 | INFO     | ----------------------------------------
2026-02-08 23:16:31 | INFO     | Starting sync cycle...
2026-02-08 23:16:31 | INFO     | Syncing with upstream...
2026-02-08 23:16:32 | INFO     | Already up to date with upstream
2026-02-08 23:16:32 | INFO     | Running scraper...
2026-02-08 23:16:33 | INFO     | Found 16 new URLs to scrape
2026-02-08 23:16:59 | INFO     | Updated cumulative stats: 3502 success, 149 failed across 64 cycles
2026-02-08 23:16:59 | INFO     | Scraper results: 15 success, 1 failed
2026-02-08 23:16:59 | INFO     | Committing changes...
2026-02-08 23:17:00 | INFO     | Committed: chore(scraper): auto-scrape 2026-02-08 23:17
2026-02-08 23:17:04 | INFO     | Pushed to origin successfully
2026-02-08 23:17:04 | INFO     | Sync cycle complete
2026-02-08 23:17:04 | INFO     | ----------------------------------------
2026-02-08 23:17:04 | INFO     | Starting PR cycle...
2026-02-08 23:17:05 | INFO     | Pushed to origin successfully
2026-02-08 23:17:05 | INFO     | Managing PR...
2026-02-08 23:17:06 | INFO     | PR #36 exists, updating description with fresh stats...
2026-02-08 23:17:09 | INFO     | Updated PR #36 with fresh stats
2026-02-08 23:17:09 | INFO     | PR cycle complete
2026-02-08 23:17:09 | INFO     | Run once mode, exiting...
2026-02-09 23:24:43 | INFO     | ============================================================
2026-02-09 23:24:43 | INFO     | News Scraper Daemon Starting
2026-02-09 23:24:43 | INFO     | Fork: hk-hack-007/Hong-Kong-Fire-Documentary-i
2026-02-09 23:24:43 | INFO     | Upstream: adminlby/Hong-Kong-Fire-Documentary
2026-02-09 23:24:43 | INFO     | Sync interval: 10 minutes
2026-02-09 23:24:43 | INFO     | PR interval: 60 minutes
2026-02-09 23:24:43 | INFO     | ============================================================
2026-02-09 23:24:43 | INFO     | gh CLI authenticated
2026-02-09 23:24:43 | INFO     | Setting up git remotes...
2026-02-09 23:24:43 | INFO     | Configured origin remote
2026-02-09 23:24:44 | INFO     | gh CLI authenticated
2026-02-09 23:24:44 | INFO     | ----------------------------------------
2026-02-09 23:24:44 | INFO     | Running periodic health check...
2026-02-09 23:24:45 | INFO     | gh CLI authenticated
2026-02-09 23:24:45 | INFO     | Health check passed
2026-02-09 23:24:45 | INFO     | ----------------------------------------
2026-02-09 23:24:45 | INFO     | Starting sync cycle...
2026-02-09 23:24:45 | INFO     | Syncing with upstream...
2026-02-09 23:24:46 | INFO     | Already up to date with upstream
2026-02-09 23:24:46 | INFO     | Running scraper...
2026-02-09 23:24:46 | INFO     | Found 16 new URLs to scrape
2026-02-09 23:25:20 | INFO     | Updated cumulative stats: 3517 success, 150 failed across 65 cycles
2026-02-09 23:25:20 | INFO     | Scraper results: 15 success, 1 failed
2026-02-09 23:25:20 | INFO     | Committing changes...
2026-02-09 23:25:21 | INFO     | Committed: chore(scraper): auto-scrape 2026-02-09 23:25
2026-02-09 23:25:25 | INFO     | Pushed to origin successfully
2026-02-09 23:25:25 | INFO     | Sync cycle complete
2026-02-09 23:25:25 | INFO     | ----------------------------------------
2026-02-09 23:25:25 | INFO     | Starting PR cycle...
2026-02-09 23:25:26 | INFO     | Pushed to origin successfully
2026-02-09 23:25:26 | INFO     | Managing PR...
2026-02-09 23:25:27 | INFO     | PR #36 exists, updating description with fresh stats...
2026-02-09 23:25:30 | INFO     | Updated PR #36 with fresh stats
2026-02-09 23:25:30 | INFO     | PR cycle complete
2026-02-09 23:25:30 | INFO     | Run once mode, exiting...
2026-02-10 22:32:02 | INFO     | ============================================================
2026-02-10 22:32:02 | INFO     | News Scraper Daemon Starting
2026-02-10 22:32:02 | INFO     | Fork: hk-hack-007/Hong-Kong-Fire-Documentary-i
2026-02-10 22:32:02 | INFO     | Upstream: adminlby/Hong-Kong-Fire-Documentary
2026-02-10 22:32:02 | INFO     | Sync interval: 10 minutes
2026-02-10 22:32:02 | INFO     | PR interval: 60 minutes
2026-02-10 22:32:02 | INFO     | ============================================================
2026-02-10 22:32:04 | INFO     | gh CLI authenticated
2026-02-10 22:32:04 | INFO     | Setting up git remotes...
2026-02-10 22:32:04 | INFO     | Configured origin remote
2026-02-10 22:32:04 | INFO     | gh CLI authenticated
2026-02-10 22:32:05 | INFO     | ----------------------------------------
2026-02-10 22:32:05 | INFO     | Running periodic health check...
2026-02-10 22:32:05 | INFO     | gh CLI authenticated
2026-02-10 22:32:06 | INFO     | Health check passed
2026-02-10 22:32:06 | INFO     | ----------------------------------------
2026-02-10 22:32:06 | INFO     | Starting sync cycle...
2026-02-10 22:32:06 | INFO     | Syncing with upstream...
2026-02-10 22:32:07 | INFO     | Already up to date with upstream
2026-02-10 22:32:07 | INFO     | Running scraper...
2026-02-10 22:32:07 | INFO     | Found 32 new URLs to scrape
2026-02-10 22:33:05 | INFO     | Updated cumulative stats: 3548 success, 151 failed across 66 cycles
2026-02-10 22:33:05 | INFO     | Scraper results: 31 success, 1 failed
2026-02-10 22:33:05 | INFO     | Committing changes...
2026-02-10 22:33:06 | INFO     | Committed: chore(scraper): auto-scrape 2026-02-10 22:33
2026-02-10 22:33:10 | INFO     | Pushed to origin successfully
2026-02-10 22:33:10 | INFO     | Sync cycle complete
2026-02-10 22:33:10 | INFO     | ----------------------------------------
2026-02-10 22:33:10 | INFO     | Starting PR cycle...
2026-02-10 22:33:11 | INFO     | Pushed to origin successfully
2026-02-10 22:33:11 | INFO     | Managing PR...
2026-02-10 22:33:13 | INFO     | PR #36 exists, updating description with fresh stats...
2026-02-10 22:33:17 | INFO     | Updated PR #36 with fresh stats
2026-02-10 22:33:17 | INFO     | PR cycle complete
2026-02-10 22:33:17 | INFO     | Run once mode, exiting...
2026-02-12 03:05:33 | INFO     | ============================================================
2026-02-12 03:05:33 | INFO     | News Scraper Daemon Starting
2026-02-12 03:05:33 | INFO     | Fork: hk-hack-007/Hong-Kong-Fire-Documentary-i
2026-02-12 03:05:33 | INFO     | Upstream: adminlby/Hong-Kong-Fire-Documentary
2026-02-12 03:05:33 | INFO     | Sync interval: 10 minutes
2026-02-12 03:05:33 | INFO     | PR interval: 60 minutes
2026-02-12 03:05:33 | INFO     | ============================================================
2026-02-12 03:05:33 | INFO     | gh CLI authenticated
2026-02-12 03:05:33 | INFO     | Setting up git remotes...
2026-02-12 03:05:33 | INFO     | Configured origin remote
2026-02-12 03:05:34 | INFO     | gh CLI authenticated
2026-02-12 03:05:35 | INFO     | ----------------------------------------
2026-02-12 03:05:35 | INFO     | Running periodic health check...
2026-02-12 03:05:35 | INFO     | gh CLI authenticated
2026-02-12 03:05:36 | INFO     | Health check passed
2026-02-12 03:05:36 | INFO     | ----------------------------------------
2026-02-12 03:05:36 | INFO     | Starting sync cycle...
2026-02-12 03:05:36 | INFO     | Syncing with upstream...
2026-02-12 03:05:37 | INFO     | Already up to date with upstream
2026-02-12 03:05:37 | INFO     | Running scraper...
2026-02-12 03:05:38 | INFO     | Found 35 new URLs to scrape
2026-02-12 03:06:40 | INFO     | patching driver executable C:\Users\user\appdata\roaming\undetected_chromedriver\undetected_chromedriver.exe
2026-02-12 03:09:49 | INFO     | Updated cumulative stats: 3582 success, 152 failed across 67 cycles
2026-02-12 03:09:49 | INFO     | Scraper results: 34 success, 1 failed
2026-02-12 03:09:50 | INFO     | Committing changes...
2026-02-12 03:09:51 | INFO     | Committed: chore(scraper): auto-scrape 2026-02-12 03:09
2026-02-12 03:09:55 | INFO     | Pushed to origin successfully
2026-02-12 03:09:55 | INFO     | Sync cycle complete
2026-02-12 03:09:55 | INFO     | ----------------------------------------
2026-02-12 03:09:55 | INFO     | Starting PR cycle...
2026-02-12 03:09:56 | INFO     | Pushed to origin successfully
2026-02-12 03:09:56 | INFO     | Managing PR...
2026-02-12 03:10:01 | ERROR    | Failed to create PR: pull request create failed: GraphQL: No commits between adminlby:main and hk-hack-007:main (createPullRequest)

2026-02-12 03:10:01 | INFO     | PR cycle complete
2026-02-12 03:10:01 | INFO     | Run once mode, exiting...
2026-02-12 03:10:01 | INFO     | ensuring close
2026-02-12 03:10:01 | INFO     | ensuring close
2026-02-12 03:10:01 | INFO     | ensuring close
2026-02-12 03:10:01 | INFO     | ensuring close
2026-02-12 03:10:01 | INFO     | ensuring close
2026-02-12 03:10:01 | INFO     | ensuring close
2026-02-12 03:10:01 | INFO     | ensuring close
2026-02-12 03:10:01 | INFO     | ensuring close
2026-02-12 03:10:01 | INFO     | ensuring close
2026-02-12 03:10:01 | INFO     | ensuring close
2026-02-13 01:17:46 | INFO     | ============================================================
2026-02-13 01:17:46 | INFO     | News Scraper Daemon Starting
2026-02-13 01:17:46 | INFO     | Fork: hk-hack-007/Hong-Kong-Fire-Documentary-i
2026-02-13 01:17:46 | INFO     | Upstream: adminlby/Hong-Kong-Fire-Documentary
2026-02-13 01:17:46 | INFO     | Sync interval: 10 minutes
2026-02-13 01:17:46 | INFO     | PR interval: 60 minutes
2026-02-13 01:17:46 | INFO     | ============================================================
2026-02-13 01:17:47 | INFO     | gh CLI authenticated
2026-02-13 01:17:47 | INFO     | Setting up git remotes...
2026-02-13 01:17:47 | INFO     | Configured origin remote
2026-02-13 01:17:48 | INFO     | gh CLI authenticated
2026-02-13 01:17:48 | INFO     | ----------------------------------------
2026-02-13 01:17:48 | INFO     | Running periodic health check...
2026-02-13 01:17:49 | INFO     | gh CLI authenticated
2026-02-13 01:17:49 | INFO     | Health check passed
2026-02-13 01:17:49 | INFO     | ----------------------------------------
2026-02-13 01:17:49 | INFO     | Starting sync cycle...
2026-02-13 01:17:49 | INFO     | Syncing with upstream...
2026-02-13 01:17:50 | INFO     | Already up to date with upstream
2026-02-13 01:17:50 | INFO     | Running scraper...
2026-02-13 01:17:51 | INFO     | Found 9 new URLs to scrape
2026-02-13 01:18:21 | INFO     | Updated cumulative stats: 3590 success, 153 failed across 68 cycles
2026-02-13 01:18:21 | INFO     | Scraper results: 8 success, 1 failed
2026-02-13 01:18:22 | INFO     | Committing changes...
2026-02-13 01:18:22 | INFO     | Committed: chore(scraper): auto-scrape 2026-02-13 01:18
2026-02-13 01:18:28 | INFO     | Pushed to origin successfully
2026-02-13 01:18:28 | INFO     | Sync cycle complete
2026-02-13 01:18:28 | INFO     | ----------------------------------------
2026-02-13 01:18:28 | INFO     | Starting PR cycle...
2026-02-13 01:18:29 | INFO     | Pushed to origin successfully
2026-02-13 01:18:29 | INFO     | Managing PR...
2026-02-13 01:18:30 | INFO     | PR #37 exists, updating description with fresh stats...
2026-02-13 01:18:33 | INFO     | Updated PR #37 with fresh stats
2026-02-13 01:18:33 | INFO     | PR cycle complete
2026-02-13 01:18:33 | INFO     | Run once mode, exiting...
2026-02-13 23:04:40 | INFO     | ============================================================
2026-02-13 23:04:40 | INFO     | News Scraper Daemon Starting
2026-02-13 23:04:40 | INFO     | Fork: hk-hack-007/Hong-Kong-Fire-Documentary-i
2026-02-13 23:04:40 | INFO     | Upstream: adminlby/Hong-Kong-Fire-Documentary
2026-02-13 23:04:40 | INFO     | Sync interval: 10 minutes
2026-02-13 23:04:40 | INFO     | PR interval: 60 minutes
2026-02-13 23:04:40 | INFO     | ============================================================
2026-02-13 23:04:41 | INFO     | gh CLI authenticated
2026-02-13 23:04:41 | INFO     | Setting up git remotes...
2026-02-13 23:04:41 | INFO     | Configured origin remote
2026-02-13 23:04:42 | INFO     | gh CLI authenticated
2026-02-13 23:04:42 | INFO     | ----------------------------------------
2026-02-13 23:04:42 | INFO     | Running periodic health check...
2026-02-13 23:04:43 | INFO     | gh CLI authenticated
2026-02-13 23:04:43 | INFO     | Health check passed
2026-02-13 23:04:43 | INFO     | ----------------------------------------
2026-02-13 23:04:43 | INFO     | Starting sync cycle...
2026-02-13 23:04:43 | INFO     | Syncing with upstream...
2026-02-13 23:04:45 | INFO     | Already up to date with upstream
2026-02-13 23:04:45 | INFO     | Running scraper...
2026-02-13 23:04:45 | INFO     | Found 37 new URLs to scrape
2026-02-13 23:06:13 | INFO     | patching driver executable C:\Users\user\appdata\roaming\undetected_chromedriver\undetected_chromedriver.exe
2026-02-13 23:07:30 | INFO     | Updated cumulative stats: 3626 success, 154 failed across 69 cycles
2026-02-13 23:07:30 | INFO     | Scraper results: 36 success, 1 failed
2026-02-13 23:07:30 | INFO     | Committing changes...
2026-02-13 23:07:31 | INFO     | Committed: chore(scraper): auto-scrape 2026-02-13 23:07
2026-02-13 23:07:36 | INFO     | Pushed to origin successfully
2026-02-13 23:07:36 | INFO     | Sync cycle complete
2026-02-13 23:07:36 | INFO     | ----------------------------------------
2026-02-13 23:07:36 | INFO     | Starting PR cycle...
2026-02-13 23:07:37 | INFO     | Pushed to origin successfully
2026-02-13 23:07:37 | INFO     | Managing PR...
2026-02-13 23:07:38 | INFO     | PR #37 exists, updating description with fresh stats...
2026-02-13 23:07:41 | INFO     | Updated PR #37 with fresh stats
2026-02-13 23:07:41 | INFO     | PR cycle complete
2026-02-13 23:07:41 | INFO     | Run once mode, exiting...
2026-02-13 23:07:41 | INFO     | ensuring close
2026-02-13 23:07:41 | INFO     | ensuring close
2026-02-14 22:59:03 | INFO     | ============================================================
2026-02-14 22:59:03 | INFO     | News Scraper Daemon Starting
2026-02-14 22:59:03 | INFO     | Fork: hk-hack-007/Hong-Kong-Fire-Documentary-i
2026-02-14 22:59:03 | INFO     | Upstream: adminlby/Hong-Kong-Fire-Documentary
2026-02-14 22:59:03 | INFO     | Sync interval: 10 minutes
2026-02-14 22:59:03 | INFO     | PR interval: 60 minutes
2026-02-14 22:59:03 | INFO     | ============================================================
2026-02-14 22:59:04 | INFO     | gh CLI authenticated
2026-02-14 22:59:04 | INFO     | Setting up git remotes...
2026-02-14 22:59:05 | INFO     | Configured origin remote
2026-02-14 22:59:05 | INFO     | gh CLI authenticated
2026-02-14 22:59:05 | INFO     | ----------------------------------------
2026-02-14 22:59:05 | INFO     | Running periodic health check...
2026-02-14 22:59:06 | INFO     | gh CLI authenticated
2026-02-14 22:59:07 | INFO     | Health check passed
2026-02-14 22:59:07 | INFO     | ----------------------------------------
2026-02-14 22:59:07 | INFO     | Starting sync cycle...
2026-02-14 22:59:07 | INFO     | Syncing with upstream...
2026-02-14 22:59:07 | INFO     | Already up to date with upstream
2026-02-14 22:59:07 | INFO     | Running scraper...
2026-02-14 22:59:08 | INFO     | Found 11 new URLs to scrape
2026-02-14 22:59:28 | INFO     | Updated cumulative stats: 3636 success, 155 failed across 70 cycles
2026-02-14 22:59:28 | INFO     | Scraper results: 10 success, 1 failed
2026-02-14 22:59:28 | INFO     | Committing changes...
2026-02-14 22:59:29 | INFO     | Committed: chore(scraper): auto-scrape 2026-02-14 22:59
2026-02-14 22:59:32 | INFO     | Pushed to origin successfully
2026-02-14 22:59:32 | INFO     | Sync cycle complete
2026-02-14 22:59:32 | INFO     | ----------------------------------------
2026-02-14 22:59:32 | INFO     | Starting PR cycle...
2026-02-14 22:59:33 | INFO     | Pushed to origin successfully
2026-02-14 22:59:33 | INFO     | Managing PR...
2026-02-14 22:59:34 | INFO     | PR #37 exists, updating description with fresh stats...
2026-02-14 22:59:37 | INFO     | Updated PR #37 with fresh stats
2026-02-14 22:59:37 | INFO     | PR cycle complete
2026-02-14 22:59:37 | INFO     | Run once mode, exiting...
2026-02-16 01:24:50 | INFO     | ============================================================
2026-02-16 01:24:50 | INFO     | News Scraper Daemon Starting
2026-02-16 01:24:50 | INFO     | Fork: hk-hack-007/Hong-Kong-Fire-Documentary-i
2026-02-16 01:24:50 | INFO     | Upstream: adminlby/Hong-Kong-Fire-Documentary
2026-02-16 01:24:50 | INFO     | Sync interval: 10 minutes
2026-02-16 01:24:50 | INFO     | PR interval: 60 minutes
2026-02-16 01:24:50 | INFO     | ============================================================
2026-02-16 01:24:51 | INFO     | gh CLI authenticated
2026-02-16 01:24:51 | INFO     | Setting up git remotes...
2026-02-16 01:24:51 | INFO     | Configured origin remote
2026-02-16 01:24:52 | INFO     | gh CLI authenticated
2026-02-16 01:24:52 | INFO     | ----------------------------------------
2026-02-16 01:24:52 | INFO     | Running periodic health check...
2026-02-16 01:24:53 | INFO     | gh CLI authenticated
2026-02-16 01:24:53 | INFO     | Health check passed
2026-02-16 01:24:53 | INFO     | ----------------------------------------
2026-02-16 01:24:53 | INFO     | Starting sync cycle...
2026-02-16 01:24:53 | INFO     | Syncing with upstream...
2026-02-16 01:24:54 | INFO     | Already up to date with upstream
2026-02-16 01:24:54 | INFO     | Running scraper...
2026-02-16 01:24:54 | INFO     | Found 8 new URLs to scrape
2026-02-16 01:24:59 | INFO     | Daemon stopped by user
2026-02-16 01:24:59 | ERROR    | Future exception was never retrieved
future: <Future finished exception=TargetClosedError('Target page, context or browser has been closed\nCall log:\n  - navigating to "https://www.881903.com/news/local/2619380/", waiting until "domcontentloaded"\n')>
playwright._impl._errors.TargetClosedError: Target page, context or browser has been closed
Call log:
  - navigating to "https://www.881903.com/news/local/2619380/", waiting until "domcontentloaded"

2026-02-16 01:24:59 | ERROR    | Future exception was never retrieved
future: <Future finished exception=TargetClosedError('Target page, context or browser has been closed\nCall log:\n  - navigating to "https://www.hk01.com/%E7%AA%81%E7%99%BC/60322703/%E5%85%83%E6%9C%97-%E5%B0%9A%E6%9F%8F-%E5%B0%8D%E9%96%8B%E5%96%AE%E8%BB%8A%E8%B5%B7%E7%81%AB-%E5%9A%B4%E9%87%8D%E7%84%9A%E6%AF%80-%E9%A4%98%E7%87%BC%E9%81%8D%E5%9C%B0", waiting until "domcontentloaded"\n')>
playwright._impl._errors.TargetClosedError: Target page, context or browser has been closed
Call log:
  - navigating to "https://www.hk01.com/%E7%AA%81%E7%99%BC/60322703/%E5%85%83%E6%9C%97-%E5%B0%9A%E6%9F%8F-%E5%B0%8D%E9%96%8B%E5%96%AE%E8%BB%8A%E8%B5%B7%E7%81%AB-%E5%9A%B4%E9%87%8D%E7%84%9A%E6%AF%80-%E9%A4%98%E7%87%BC%E9%81%8D%E5%9C%B0", waiting until "domcontentloaded"

2026-02-16 01:24:59 | ERROR    | Future exception was never retrieved
future: <Future finished exception=TargetClosedError('Target page, context or browser has been closed')>
playwright._impl._errors.TargetClosedError: Target page, context or browser has been closed
2026-02-16 01:24:59 | ERROR    | Future exception was never retrieved
future: <Future finished exception=Error('net::ERR_ABORTED at https://www1.hkej.com/dailynews/culture/article/4317616/%E9%96%8B%E6%94%BE%E8%8A%B1%E6%B5%B7%E8%BF%8E%E9%A6%AC%E5%B9%B4+%E6%9C%AC%E5%9C%B0%E8%BE%B2%E5%A4%AB%E6%A2%81%E6%97%A5%E4%BF%A1%EF%BC%9A%E8%B7%AF%E9%9B%A3%E8%A1%8C%E6%9B%B4%E4%BF%BE%E5%BF%83%E6%A9%9F%E8%A1%8C\nCall log:\n  - navigating to "https://www1.hkej.com/dailynews/culture/article/4317616/%E9%96%8B%E6%94%BE%E8%8A%B1%E6%B5%B7%E8%BF%8E%E9%A6%AC%E5%B9%B4+%E6%9C%AC%E5%9C%B0%E8%BE%B2%E5%A4%AB%E6%A2%81%E6%97%A5%E4%BF%A1%EF%BC%9A%E8%B7%AF%E9%9B%A3%E8%A1%8C%E6%9B%B4%E4%BF%BE%E5%BF%83%E6%A9%9F%E8%A1%8C", waiting until "domcontentloaded"\n')>
playwright._impl._errors.Error: net::ERR_ABORTED at https://www1.hkej.com/dailynews/culture/article/4317616/%E9%96%8B%E6%94%BE%E8%8A%B1%E6%B5%B7%E8%BF%8E%E9%A6%AC%E5%B9%B4+%E6%9C%AC%E5%9C%B0%E8%BE%B2%E5%A4%AB%E6%A2%81%E6%97%A5%E4%BF%A1%EF%BC%9A%E8%B7%AF%E9%9B%A3%E8%A1%8C%E6%9B%B4%E4%BF%BE%E5%BF%83%E6%A9%9F%E8%A1%8C
Call log:
  - navigating to "https://www1.hkej.com/dailynews/culture/article/4317616/%E9%96%8B%E6%94%BE%E8%8A%B1%E6%B5%B7%E8%BF%8E%E9%A6%AC%E5%B9%B4+%E6%9C%AC%E5%9C%B0%E8%BE%B2%E5%A4%AB%E6%A2%81%E6%97%A5%E4%BF%A1%EF%BC%9A%E8%B7%AF%E9%9B%A3%E8%A1%8C%E6%9B%B4%E4%BF%BE%E5%BF%83%E6%A9%9F%E8%A1%8C", waiting until "domcontentloaded"

2026-02-16 01:24:59 | ERROR    | Future exception was never retrieved
future: <Future finished exception=TargetClosedError('Target page, context or browser has been closed')>
playwright._impl._errors.TargetClosedError: Target page, context or browser has been closed
2026-02-16 01:24:59 | ERROR    | Future exception was never retrieved
future: <Future finished exception=TargetClosedError('Target page, context or browser has been closed')>
playwright._impl._errors.TargetClosedError: Target page, context or browser has been closed
2026-02-16 01:24:59 | ERROR    | Future exception was never retrieved
future: <Future finished exception=TargetClosedError('Target page, context or browser has been closed')>
playwright._impl._errors.TargetClosedError: Target page, context or browser has been closed
2026-02-16 01:25:25 | INFO     | ============================================================
2026-02-16 01:25:25 | INFO     | News Scraper Daemon Starting
2026-02-16 01:25:25 | INFO     | Fork: hk-hack-007/Hong-Kong-Fire-Documentary-i
2026-02-16 01:25:25 | INFO     | Upstream: adminlby/Hong-Kong-Fire-Documentary
2026-02-16 01:25:25 | INFO     | Sync interval: 10 minutes
2026-02-16 01:25:25 | INFO     | PR interval: 60 minutes
2026-02-16 01:25:25 | INFO     | ============================================================
2026-02-16 01:25:26 | INFO     | gh CLI authenticated
2026-02-16 01:25:26 | INFO     | Setting up git remotes...
2026-02-16 01:25:26 | INFO     | Configured origin remote
2026-02-16 01:25:26 | INFO     | gh CLI authenticated
2026-02-16 01:25:26 | INFO     | ----------------------------------------
2026-02-16 01:25:26 | INFO     | Running periodic health check...
2026-02-16 01:25:27 | INFO     | gh CLI authenticated
2026-02-16 01:25:28 | INFO     | Health check passed
2026-02-16 01:25:28 | INFO     | ----------------------------------------
2026-02-16 01:25:28 | INFO     | Starting sync cycle...
2026-02-16 01:25:28 | INFO     | Syncing with upstream...
2026-02-16 01:25:29 | INFO     | Already up to date with upstream
2026-02-16 01:25:29 | INFO     | Running scraper...
2026-02-16 01:25:29 | INFO     | Found 5 new URLs to scrape
2026-02-16 01:25:48 | INFO     | Updated cumulative stats: 3640 success, 156 failed across 71 cycles
2026-02-16 01:25:48 | INFO     | Scraper results: 4 success, 1 failed
2026-02-16 01:25:48 | INFO     | Committing changes...
2026-02-16 01:25:49 | INFO     | Committed: chore(scraper): auto-scrape 2026-02-16 01:25
2026-02-16 01:25:52 | INFO     | Pushed to origin successfully
2026-02-16 01:25:52 | INFO     | Sync cycle complete
2026-02-16 01:25:52 | INFO     | ----------------------------------------
2026-02-16 01:25:52 | INFO     | Starting PR cycle...
2026-02-16 01:25:53 | INFO     | Pushed to origin successfully
2026-02-16 01:25:53 | INFO     | Managing PR...
2026-02-16 01:25:57 | ERROR    | Failed to create PR: pull request create failed: GraphQL: No commits between adminlby:main and hk-hack-007:main (createPullRequest)

2026-02-16 01:25:57 | INFO     | PR cycle complete
2026-02-16 01:25:57 | INFO     | Run once mode, exiting...
2026-02-16 21:29:31 | INFO     | ============================================================
2026-02-16 21:29:31 | INFO     | News Scraper Daemon Starting
2026-02-16 21:29:31 | INFO     | Fork: hk-hack-007/Hong-Kong-Fire-Documentary-i
2026-02-16 21:29:31 | INFO     | Upstream: adminlby/Hong-Kong-Fire-Documentary
2026-02-16 21:29:31 | INFO     | Sync interval: 10 minutes
2026-02-16 21:29:31 | INFO     | PR interval: 60 minutes
2026-02-16 21:29:31 | INFO     | ============================================================
2026-02-16 21:29:32 | INFO     | gh CLI authenticated
2026-02-16 21:29:32 | INFO     | Setting up git remotes...
2026-02-16 21:29:33 | INFO     | Configured origin remote
2026-02-16 21:29:33 | INFO     | gh CLI authenticated
2026-02-16 21:29:33 | INFO     | ----------------------------------------
2026-02-16 21:29:33 | INFO     | Running periodic health check...
2026-02-16 21:29:34 | INFO     | gh CLI authenticated
2026-02-16 21:29:34 | INFO     | Health check passed
2026-02-16 21:29:34 | INFO     | ----------------------------------------
2026-02-16 21:29:34 | INFO     | Starting sync cycle...
2026-02-16 21:29:34 | INFO     | Syncing with upstream...
2026-02-16 21:29:35 | INFO     | Already up to date with upstream
2026-02-16 21:29:35 | INFO     | Running scraper...
2026-02-16 21:29:35 | INFO     | Found 17 new URLs to scrape
2026-02-16 21:29:39 | INFO     | Daemon stopped by user
2026-02-16 21:29:39 | ERROR    | Future exception was never retrieved
future: <Future finished exception=TargetClosedError('Target page, context or browser has been closed')>
playwright._impl._errors.TargetClosedError: Target page, context or browser has been closed
2026-02-16 21:29:39 | ERROR    | Future exception was never retrieved
future: <Future finished exception=TargetClosedError('Target page, context or browser has been closed')>
playwright._impl._errors.TargetClosedError: Target page, context or browser has been closed
2026-02-16 21:29:39 | ERROR    | Future exception was never retrieved
future: <Future finished exception=TargetClosedError('Target page, context or browser has been closed')>
playwright._impl._errors.TargetClosedError: Target page, context or browser has been closed
2026-02-16 21:29:39 | ERROR    | Future exception was never retrieved
future: <Future finished exception=TargetClosedError('Target page, context or browser has been closed')>
playwright._impl._errors.TargetClosedError: Target page, context or browser has been closed
2026-02-16 21:29:39 | ERROR    | Future exception was never retrieved
future: <Future finished exception=TargetClosedError('Target page, context or browser has been closed')>
playwright._impl._errors.TargetClosedError: Target page, context or browser has been closed
2026-02-16 21:29:39 | ERROR    | Future exception was never retrieved
future: <Future finished exception=TargetClosedError('Target page, context or browser has been closed')>
playwright._impl._errors.TargetClosedError: Target page, context or browser has been closed
2026-02-16 21:30:05 | INFO     | ============================================================
2026-02-16 21:30:05 | INFO     | News Scraper Daemon Starting
2026-02-16 21:30:05 | INFO     | Fork: hk-hack-007/Hong-Kong-Fire-Documentary-i
2026-02-16 21:30:05 | INFO     | Upstream: adminlby/Hong-Kong-Fire-Documentary
2026-02-16 21:30:05 | INFO     | Sync interval: 10 minutes
2026-02-16 21:30:05 | INFO     | PR interval: 60 minutes
2026-02-16 21:30:05 | INFO     | ============================================================
2026-02-16 21:30:05 | INFO     | gh CLI authenticated
2026-02-16 21:30:05 | INFO     | Setting up git remotes...
2026-02-16 21:30:05 | INFO     | Configured origin remote
2026-02-16 21:30:06 | INFO     | gh CLI authenticated
2026-02-16 21:30:06 | INFO     | ----------------------------------------
2026-02-16 21:30:06 | INFO     | Running periodic health check...
2026-02-16 21:30:07 | INFO     | gh CLI authenticated
2026-02-16 21:30:07 | INFO     | Health check passed
2026-02-16 21:30:07 | INFO     | ----------------------------------------
2026-02-16 21:30:07 | INFO     | Starting sync cycle...
2026-02-16 21:30:07 | INFO     | Syncing with upstream...
2026-02-16 21:30:08 | INFO     | Already up to date with upstream
2026-02-16 21:30:08 | INFO     | Running scraper...
2026-02-16 21:30:08 | INFO     | Found 11 new URLs to scrape
2026-02-16 21:31:56 | INFO     | Updated cumulative stats: 3650 success, 157 failed across 72 cycles
2026-02-16 21:31:56 | INFO     | Scraper results: 10 success, 1 failed
2026-02-16 21:31:57 | INFO     | Committing changes...
2026-02-16 21:31:58 | INFO     | Committed: chore(scraper): auto-scrape 2026-02-16 21:31
2026-02-16 21:32:01 | INFO     | Pushed to origin successfully
2026-02-16 21:32:01 | INFO     | Sync cycle complete
2026-02-16 21:32:01 | INFO     | ----------------------------------------
2026-02-16 21:32:01 | INFO     | Starting PR cycle...
2026-02-16 21:32:02 | INFO     | Pushed to origin successfully
2026-02-16 21:32:02 | INFO     | Managing PR...
2026-02-16 21:32:06 | ERROR    | Failed to create PR: pull request create failed: GraphQL: No commits between adminlby:main and hk-hack-007:main (createPullRequest)

2026-02-16 21:32:06 | INFO     | PR cycle complete
2026-02-16 21:32:06 | INFO     | Run once mode, exiting...
2026-02-18 00:57:24 | INFO     | ============================================================
2026-02-18 00:57:24 | INFO     | News Scraper Daemon Starting
2026-02-18 00:57:24 | INFO     | Fork: hk-hack-007/Hong-Kong-Fire-Documentary-i
2026-02-18 00:57:24 | INFO     | Upstream: adminlby/Hong-Kong-Fire-Documentary
2026-02-18 00:57:24 | INFO     | Sync interval: 10 minutes
2026-02-18 00:57:24 | INFO     | PR interval: 60 minutes
2026-02-18 00:57:24 | INFO     | ============================================================
2026-02-18 00:57:25 | INFO     | gh CLI authenticated
2026-02-18 00:57:25 | INFO     | Setting up git remotes...
2026-02-18 00:57:25 | INFO     | Configured origin remote
2026-02-18 00:57:26 | INFO     | gh CLI authenticated
2026-02-18 00:57:26 | INFO     | ----------------------------------------
2026-02-18 00:57:26 | INFO     | Running periodic health check...
2026-02-18 00:57:29 | INFO     | gh CLI authenticated
2026-02-18 00:57:29 | INFO     | Health check passed
2026-02-18 00:57:29 | INFO     | ----------------------------------------
2026-02-18 00:57:29 | INFO     | Starting sync cycle...
2026-02-18 00:57:29 | INFO     | Syncing with upstream...
2026-02-18 00:57:31 | INFO     | Already up to date with upstream
2026-02-18 00:57:31 | INFO     | Running scraper...
2026-02-18 00:57:32 | INFO     | Found 5 new URLs to scrape
2026-02-18 00:57:58 | INFO     | Updated cumulative stats: 3654 success, 158 failed across 73 cycles
2026-02-18 00:57:58 | INFO     | Scraper results: 4 success, 1 failed
2026-02-18 00:57:58 | INFO     | Committing changes...
2026-02-18 00:57:59 | INFO     | Committed: chore(scraper): auto-scrape 2026-02-18 00:57
2026-02-18 00:58:52 | INFO     | Pushed to origin successfully
2026-02-18 00:58:52 | INFO     | Sync cycle complete
2026-02-18 00:58:52 | INFO     | ----------------------------------------
2026-02-18 00:58:52 | INFO     | Starting PR cycle...
2026-02-18 00:58:53 | INFO     | Pushed to origin successfully
2026-02-18 00:58:53 | INFO     | Managing PR...
2026-02-18 00:58:57 | ERROR    | Failed to create PR: pull request create failed: GraphQL: No commits between adminlby:main and hk-hack-007:main (createPullRequest)

2026-02-18 00:58:57 | INFO     | PR cycle complete
2026-02-18 00:58:57 | INFO     | Run once mode, exiting...
2026-02-19 03:50:02 | INFO     | ============================================================
2026-02-19 03:50:02 | INFO     | News Scraper Daemon Starting
2026-02-19 03:50:02 | INFO     | Fork: hk-hack-007/Hong-Kong-Fire-Documentary-i
2026-02-19 03:50:02 | INFO     | Upstream: adminlby/Hong-Kong-Fire-Documentary
2026-02-19 03:50:02 | INFO     | Sync interval: 10 minutes
2026-02-19 03:50:02 | INFO     | PR interval: 60 minutes
2026-02-19 03:50:02 | INFO     | ============================================================
2026-02-19 03:50:02 | INFO     | gh CLI authenticated
2026-02-19 03:50:02 | INFO     | Setting up git remotes...
2026-02-19 03:50:02 | INFO     | Configured origin remote
2026-02-19 03:50:04 | INFO     | gh CLI authenticated
2026-02-19 03:50:04 | INFO     | ----------------------------------------
2026-02-19 03:50:04 | INFO     | Running periodic health check...
2026-02-19 03:50:04 | INFO     | gh CLI authenticated
2026-02-19 03:50:05 | INFO     | Health check passed
2026-02-19 03:50:05 | INFO     | ----------------------------------------
2026-02-19 03:50:05 | INFO     | Starting sync cycle...
2026-02-19 03:50:05 | INFO     | Syncing with upstream...
2026-02-19 03:50:06 | INFO     | Already up to date with upstream
2026-02-19 03:50:06 | INFO     | Running scraper...
2026-02-19 03:50:07 | INFO     | Found 7 new URLs to scrape
2026-02-19 03:50:23 | INFO     | Updated cumulative stats: 3660 success, 159 failed across 74 cycles
2026-02-19 03:50:23 | INFO     | Scraper results: 6 success, 1 failed
2026-02-19 03:50:23 | INFO     | Committing changes...
2026-02-19 03:50:24 | INFO     | Committed: chore(scraper): auto-scrape 2026-02-19 03:50
2026-02-19 03:50:27 | INFO     | Pushed to origin successfully
2026-02-19 03:50:27 | INFO     | Sync cycle complete
2026-02-19 03:50:27 | INFO     | ----------------------------------------
2026-02-19 03:50:27 | INFO     | Starting PR cycle...
2026-02-19 03:50:28 | INFO     | Pushed to origin successfully
2026-02-19 03:50:28 | INFO     | Managing PR...
2026-02-19 03:50:29 | INFO     | PR #38 exists, updating description with fresh stats...
2026-02-19 03:50:33 | INFO     | Updated PR #38 with fresh stats
2026-02-19 03:50:33 | INFO     | PR cycle complete
2026-02-19 03:50:33 | INFO     | Run once mode, exiting...
2026-02-20 00:21:46 | INFO     | ============================================================
2026-02-20 00:21:46 | INFO     | News Scraper Daemon Starting
2026-02-20 00:21:46 | INFO     | Fork: hk-hack-007/Hong-Kong-Fire-Documentary-i
2026-02-20 00:21:46 | INFO     | Upstream: adminlby/Hong-Kong-Fire-Documentary
2026-02-20 00:21:46 | INFO     | Sync interval: 10 minutes
2026-02-20 00:21:46 | INFO     | PR interval: 60 minutes
2026-02-20 00:21:46 | INFO     | ============================================================
2026-02-20 00:21:47 | INFO     | gh CLI authenticated
2026-02-20 00:21:47 | INFO     | Setting up git remotes...
2026-02-20 00:21:47 | INFO     | Configured origin remote
2026-02-20 00:21:48 | INFO     | gh CLI authenticated
2026-02-20 00:21:48 | INFO     | ----------------------------------------
2026-02-20 00:21:48 | INFO     | Running periodic health check...
2026-02-20 00:21:49 | INFO     | gh CLI authenticated
2026-02-20 00:21:50 | INFO     | Health check passed
2026-02-20 00:21:50 | INFO     | ----------------------------------------
2026-02-20 00:21:50 | INFO     | Starting sync cycle...
2026-02-20 00:21:50 | INFO     | Syncing with upstream...
2026-02-20 00:21:51 | INFO     | Already up to date with upstream
2026-02-20 00:21:51 | INFO     | Running scraper...
2026-02-20 00:21:51 | INFO     | Found 3 new URLs to scrape
2026-02-20 00:21:59 | INFO     | Updated cumulative stats: 3662 success, 160 failed across 75 cycles
2026-02-20 00:21:59 | INFO     | Scraper results: 2 success, 1 failed
2026-02-20 00:22:00 | INFO     | Committing changes...
2026-02-20 00:22:00 | INFO     | Committed: chore(scraper): auto-scrape 2026-02-20 00:22
2026-02-20 00:22:04 | INFO     | Pushed to origin successfully
2026-02-20 00:22:04 | INFO     | Sync cycle complete
2026-02-20 00:22:04 | INFO     | ----------------------------------------
2026-02-20 00:22:04 | INFO     | Starting PR cycle...
2026-02-20 00:22:05 | INFO     | Pushed to origin successfully
2026-02-20 00:22:05 | INFO     | Managing PR...
2026-02-20 00:22:06 | INFO     | PR #38 exists, updating description with fresh stats...
2026-02-20 00:22:10 | INFO     | Updated PR #38 with fresh stats
2026-02-20 00:22:10 | INFO     | PR cycle complete
2026-02-20 00:22:10 | INFO     | Run once mode, exiting...
2026-02-21 00:20:43 | INFO     | ============================================================
2026-02-21 00:20:43 | INFO     | News Scraper Daemon Starting
2026-02-21 00:20:43 | INFO     | Fork: hk-hack-007/Hong-Kong-Fire-Documentary-i
2026-02-21 00:20:43 | INFO     | Upstream: adminlby/Hong-Kong-Fire-Documentary
2026-02-21 00:20:43 | INFO     | Sync interval: 10 minutes
2026-02-21 00:20:43 | INFO     | PR interval: 60 minutes
2026-02-21 00:20:43 | INFO     | ============================================================
2026-02-21 00:20:44 | INFO     | gh CLI authenticated
2026-02-21 00:20:44 | INFO     | Setting up git remotes...
2026-02-21 00:20:44 | INFO     | Configured origin remote
2026-02-21 00:20:45 | INFO     | gh CLI authenticated
2026-02-21 00:20:45 | INFO     | ----------------------------------------
2026-02-21 00:20:45 | INFO     | Running periodic health check...
2026-02-21 00:20:46 | INFO     | gh CLI authenticated
2026-02-21 00:20:46 | INFO     | Health check passed
2026-02-21 00:20:46 | INFO     | ----------------------------------------
2026-02-21 00:20:46 | INFO     | Starting sync cycle...
2026-02-21 00:20:46 | INFO     | Syncing with upstream...
2026-02-21 00:20:48 | INFO     | Already up to date with upstream
2026-02-21 00:20:48 | INFO     | Running scraper...
2026-02-21 00:20:48 | INFO     | Found 37 new URLs to scrape
2026-02-21 00:21:23 | INFO     | patching driver executable C:\Users\user\appdata\roaming\undetected_chromedriver\undetected_chromedriver.exe
2026-02-21 00:21:35 | INFO     | Daemon stopped by user
2026-02-21 00:21:35 | INFO     | ensuring close
2026-02-21 00:21:36 | INFO     | ============================================================
2026-02-21 00:21:36 | INFO     | News Scraper Daemon Starting
2026-02-21 00:21:36 | INFO     | Fork: hk-hack-007/Hong-Kong-Fire-Documentary-i
2026-02-21 00:21:36 | INFO     | Upstream: adminlby/Hong-Kong-Fire-Documentary
2026-02-21 00:21:36 | INFO     | Sync interval: 10 minutes
2026-02-21 00:21:36 | INFO     | PR interval: 60 minutes
2026-02-21 00:21:36 | INFO     | ============================================================
2026-02-21 00:21:37 | INFO     | gh CLI authenticated
2026-02-21 00:21:37 | INFO     | Setting up git remotes...
2026-02-21 00:21:37 | INFO     | Configured origin remote
2026-02-21 00:21:38 | INFO     | gh CLI authenticated
2026-02-21 00:21:38 | INFO     | ----------------------------------------
2026-02-21 00:21:38 | INFO     | Running periodic health check...
2026-02-21 00:21:39 | INFO     | gh CLI authenticated
2026-02-21 00:21:39 | INFO     | Health check passed
2026-02-21 00:21:39 | INFO     | ----------------------------------------
2026-02-21 00:21:39 | INFO     | Starting sync cycle...
2026-02-21 00:21:39 | INFO     | Syncing with upstream...
2026-02-21 00:21:40 | INFO     | Already up to date with upstream
2026-02-21 00:21:40 | INFO     | Running scraper...
2026-02-21 00:21:40 | INFO     | Found 22 new URLs to scrape
2026-02-21 00:22:46 | INFO     | Updated cumulative stats: 3683 success, 161 failed across 76 cycles
2026-02-21 00:22:46 | INFO     | Scraper results: 21 success, 1 failed
2026-02-21 00:22:46 | INFO     | Committing changes...
2026-02-21 00:22:48 | INFO     | Committed: chore(scraper): auto-scrape 2026-02-21 00:22
2026-02-21 00:22:53 | INFO     | Pushed to origin successfully
2026-02-21 00:22:53 | INFO     | Sync cycle complete
2026-02-21 00:22:53 | INFO     | ----------------------------------------
2026-02-21 00:22:53 | INFO     | Starting PR cycle...
2026-02-21 00:22:55 | INFO     | Pushed to origin successfully
2026-02-21 00:22:55 | INFO     | Managing PR...
2026-02-21 00:22:56 | INFO     | PR #38 exists, updating description with fresh stats...
2026-02-21 00:23:00 | INFO     | Updated PR #38 with fresh stats
2026-02-21 00:23:00 | INFO     | PR cycle complete
2026-02-21 00:23:00 | INFO     | Run once mode, exiting...
2026-02-22 00:32:11 | INFO     | ============================================================
2026-02-22 00:32:11 | INFO     | News Scraper Daemon Starting
2026-02-22 00:32:11 | INFO     | Fork: hk-hack-007/Hong-Kong-Fire-Documentary-i
2026-02-22 00:32:11 | INFO     | Upstream: adminlby/Hong-Kong-Fire-Documentary
2026-02-22 00:32:11 | INFO     | Sync interval: 10 minutes
2026-02-22 00:32:11 | INFO     | PR interval: 60 minutes
2026-02-22 00:32:11 | INFO     | ============================================================
2026-02-22 00:32:12 | INFO     | gh CLI authenticated
2026-02-22 00:32:12 | INFO     | Setting up git remotes...
2026-02-22 00:32:12 | INFO     | Configured origin remote
2026-02-22 00:32:13 | INFO     | gh CLI authenticated
2026-02-22 00:32:14 | INFO     | ----------------------------------------
2026-02-22 00:32:14 | INFO     | Running periodic health check...
2026-02-22 00:32:14 | INFO     | gh CLI authenticated
2026-02-22 00:32:14 | INFO     | Health check passed
2026-02-22 00:32:14 | INFO     | ----------------------------------------
2026-02-22 00:32:14 | INFO     | Starting sync cycle...
2026-02-22 00:32:14 | INFO     | Syncing with upstream...
2026-02-22 00:32:15 | INFO     | Already up to date with upstream
2026-02-22 00:32:15 | INFO     | Running scraper...
2026-02-22 00:32:16 | INFO     | Found 72 new URLs to scrape
2026-02-22 00:32:53 | INFO     | patching driver executable C:\Users\user\appdata\roaming\undetected_chromedriver\undetected_chromedriver.exe
2026-02-22 00:34:30 | INFO     | Updated cumulative stats: 3754 success, 162 failed across 77 cycles
2026-02-22 00:34:30 | INFO     | Scraper results: 71 success, 1 failed
2026-02-22 00:34:30 | INFO     | Committing changes...
2026-02-22 00:34:32 | INFO     | Committed: chore(scraper): auto-scrape 2026-02-22 00:34
2026-02-22 00:34:37 | INFO     | Pushed to origin successfully
2026-02-22 00:34:37 | INFO     | Sync cycle complete
2026-02-22 00:34:37 | INFO     | ----------------------------------------
2026-02-22 00:34:37 | INFO     | Starting PR cycle...
2026-02-22 00:34:39 | INFO     | Pushed to origin successfully
2026-02-22 00:34:39 | INFO     | Managing PR...
2026-02-22 00:34:40 | INFO     | PR #38 exists, updating description with fresh stats...
2026-02-22 00:34:43 | INFO     | Updated PR #38 with fresh stats
2026-02-22 00:34:43 | INFO     | PR cycle complete
2026-02-22 00:34:43 | INFO     | Run once mode, exiting...
2026-02-22 00:34:43 | INFO     | ensuring close
2026-02-22 00:34:43 | INFO     | ensuring close
2026-02-22 00:34:43 | INFO     | ensuring close
2026-02-22 00:34:43 | INFO     | ensuring close
2026-02-22 22:19:40 | INFO     | ============================================================
2026-02-22 22:19:40 | INFO     | News Scraper Daemon Starting
2026-02-22 22:19:40 | INFO     | Fork: hk-hack-007/Hong-Kong-Fire-Documentary-i
2026-02-22 22:19:40 | INFO     | Upstream: adminlby/Hong-Kong-Fire-Documentary
2026-02-22 22:19:40 | INFO     | Sync interval: 10 minutes
2026-02-22 22:19:40 | INFO     | PR interval: 60 minutes
2026-02-22 22:19:40 | INFO     | ============================================================
2026-02-22 22:19:41 | INFO     | gh CLI authenticated
2026-02-22 22:19:41 | INFO     | Setting up git remotes...
2026-02-22 22:19:41 | INFO     | Configured origin remote
2026-02-22 22:19:41 | INFO     | gh CLI authenticated
2026-02-22 22:19:42 | INFO     | ----------------------------------------
2026-02-22 22:19:42 | INFO     | Running periodic health check...
2026-02-22 22:19:42 | INFO     | gh CLI authenticated
2026-02-22 22:19:42 | INFO     | Health check passed
2026-02-22 22:19:42 | INFO     | ----------------------------------------
2026-02-22 22:19:42 | INFO     | Starting sync cycle...
2026-02-22 22:19:42 | INFO     | Syncing with upstream...
2026-02-22 22:19:43 | INFO     | Already up to date with upstream
2026-02-22 22:19:43 | INFO     | Running scraper...
2026-02-22 22:19:44 | INFO     | Found 35 new URLs to scrape
2026-02-22 22:20:37 | INFO     | Updated cumulative stats: 3788 success, 163 failed across 78 cycles
2026-02-22 22:20:37 | INFO     | Scraper results: 34 success, 1 failed
2026-02-22 22:20:38 | INFO     | Committing changes...
2026-02-22 22:20:39 | INFO     | Committed: chore(scraper): auto-scrape 2026-02-22 22:20
2026-02-22 22:20:44 | INFO     | Pushed to origin successfully
2026-02-22 22:20:44 | INFO     | Sync cycle complete
2026-02-22 22:20:44 | INFO     | ----------------------------------------
2026-02-22 22:20:44 | INFO     | Starting PR cycle...
2026-02-22 22:20:45 | INFO     | Pushed to origin successfully
2026-02-22 22:20:45 | INFO     | Managing PR...
2026-02-22 22:20:46 | INFO     | PR #38 exists, updating description with fresh stats...
2026-02-22 22:20:49 | INFO     | Updated PR #38 with fresh stats
2026-02-22 22:20:49 | INFO     | PR cycle complete
2026-02-22 22:20:49 | INFO     | Run once mode, exiting...
2026-02-23 22:05:27 | INFO     | ============================================================
2026-02-23 22:05:27 | INFO     | News Scraper Daemon Starting
2026-02-23 22:05:27 | INFO     | Fork: hk-hack-007/Hong-Kong-Fire-Documentary-i
2026-02-23 22:05:27 | INFO     | Upstream: adminlby/Hong-Kong-Fire-Documentary
2026-02-23 22:05:27 | INFO     | Sync interval: 10 minutes
2026-02-23 22:05:27 | INFO     | PR interval: 60 minutes
2026-02-23 22:05:27 | INFO     | ============================================================
2026-02-23 22:05:28 | INFO     | gh CLI authenticated
2026-02-23 22:05:28 | INFO     | Setting up git remotes...
2026-02-23 22:05:28 | INFO     | Configured origin remote
2026-02-23 22:05:28 | INFO     | gh CLI authenticated
2026-02-23 22:05:28 | INFO     | ----------------------------------------
2026-02-23 22:05:28 | INFO     | Running periodic health check...
2026-02-23 22:05:29 | INFO     | gh CLI authenticated
2026-02-23 22:05:29 | INFO     | Health check passed
2026-02-23 22:05:29 | INFO     | ----------------------------------------
2026-02-23 22:05:29 | INFO     | Starting sync cycle...
2026-02-23 22:05:29 | INFO     | Syncing with upstream...
2026-02-23 22:05:30 | INFO     | Already up to date with upstream
2026-02-23 22:05:30 | INFO     | Running scraper...
2026-02-23 22:05:31 | INFO     | Found 68 new URLs to scrape
2026-02-23 22:06:01 | INFO     | patching driver executable C:\Users\user\appdata\roaming\undetected_chromedriver\undetected_chromedriver.exe
2026-02-23 22:07:30 | INFO     | Updated cumulative stats: 3855 success, 164 failed across 79 cycles
2026-02-23 22:07:30 | INFO     | Scraper results: 67 success, 1 failed
2026-02-23 22:07:30 | INFO     | Committing changes...
2026-02-23 22:07:32 | INFO     | Committed: chore(scraper): auto-scrape 2026-02-23 22:07
2026-02-23 22:07:37 | INFO     | Pushed to origin successfully
2026-02-23 22:07:37 | INFO     | Sync cycle complete
2026-02-23 22:07:37 | INFO     | ----------------------------------------
2026-02-23 22:07:37 | INFO     | Starting PR cycle...
2026-02-23 22:07:38 | INFO     | Pushed to origin successfully
2026-02-23 22:07:38 | INFO     | Managing PR...
2026-02-23 22:07:39 | INFO     | PR #38 exists, updating description with fresh stats...
2026-02-23 22:07:43 | INFO     | Updated PR #38 with fresh stats
2026-02-23 22:07:43 | INFO     | PR cycle complete
2026-02-23 22:07:43 | INFO     | Run once mode, exiting...
2026-02-23 22:07:43 | INFO     | ensuring close
2026-02-23 22:07:43 | INFO     | ensuring close
2026-02-23 22:07:43 | INFO     | ensuring close
2026-02-23 22:07:43 | INFO     | ensuring close
2026-02-24 22:22:43 | INFO     | ============================================================
2026-02-24 22:22:43 | INFO     | News Scraper Daemon Starting
2026-02-24 22:22:43 | INFO     | Fork: hk-hack-007/Hong-Kong-Fire-Documentary-i
2026-02-24 22:22:43 | INFO     | Upstream: adminlby/Hong-Kong-Fire-Documentary
2026-02-24 22:22:43 | INFO     | Sync interval: 10 minutes
2026-02-24 22:22:43 | INFO     | PR interval: 60 minutes
2026-02-24 22:22:43 | INFO     | ============================================================
2026-02-24 22:22:44 | INFO     | gh CLI authenticated
2026-02-24 22:22:44 | INFO     | Setting up git remotes...
2026-02-24 22:22:44 | INFO     | Configured origin remote
2026-02-24 22:22:45 | INFO     | gh CLI authenticated
2026-02-24 22:22:45 | INFO     | ----------------------------------------
2026-02-24 22:22:45 | INFO     | Running periodic health check...
2026-02-24 22:22:46 | INFO     | gh CLI authenticated
2026-02-24 22:22:46 | INFO     | Health check passed
2026-02-24 22:22:46 | INFO     | ----------------------------------------
2026-02-24 22:22:46 | INFO     | Starting sync cycle...
2026-02-24 22:22:46 | INFO     | Syncing with upstream...
2026-02-24 22:22:47 | INFO     | Already up to date with upstream
2026-02-24 22:22:47 | INFO     | Running scraper...
2026-02-24 22:22:48 | INFO     | Found 40 new URLs to scrape
2026-02-24 22:23:05 | INFO     | patching driver executable C:\Users\user\appdata\roaming\undetected_chromedriver\undetected_chromedriver.exe
2026-02-24 22:23:53 | INFO     | Updated cumulative stats: 3894 success, 165 failed across 80 cycles
2026-02-24 22:23:53 | INFO     | Scraper results: 39 success, 1 failed
2026-02-24 22:23:53 | INFO     | Committing changes...
2026-02-24 22:23:55 | INFO     | Committed: chore(scraper): auto-scrape 2026-02-24 22:23
2026-02-24 22:23:59 | INFO     | Pushed to origin successfully
2026-02-24 22:23:59 | INFO     | Sync cycle complete
2026-02-24 22:23:59 | INFO     | ----------------------------------------
2026-02-24 22:23:59 | INFO     | Starting PR cycle...
2026-02-24 22:24:00 | INFO     | Pushed to origin successfully
2026-02-24 22:24:00 | INFO     | Managing PR...
2026-02-24 22:24:01 | INFO     | PR #38 exists, updating description with fresh stats...
2026-02-24 22:24:05 | INFO     | Updated PR #38 with fresh stats
2026-02-24 22:24:05 | INFO     | PR cycle complete
2026-02-24 22:24:05 | INFO     | Run once mode, exiting...
2026-02-24 22:24:05 | INFO     | ensuring close
2026-02-24 22:24:05 | INFO     | ensuring close
2026-02-24 22:24:05 | INFO     | ensuring close
2026-02-26 02:15:39 | INFO     | ============================================================
2026-02-26 02:15:39 | INFO     | News Scraper Daemon Starting
2026-02-26 02:15:39 | INFO     | Fork: hk-hack-007/Hong-Kong-Fire-Documentary-i
2026-02-26 02:15:39 | INFO     | Upstream: adminlby/Hong-Kong-Fire-Documentary
2026-02-26 02:15:39 | INFO     | Sync interval: 10 minutes
2026-02-26 02:15:39 | INFO     | PR interval: 60 minutes
2026-02-26 02:15:39 | INFO     | ============================================================
2026-02-26 02:15:39 | INFO     | gh CLI authenticated
2026-02-26 02:15:39 | INFO     | Setting up git remotes...
2026-02-26 02:15:39 | INFO     | Configured origin remote
2026-02-26 02:15:40 | INFO     | gh CLI authenticated
2026-02-26 02:15:40 | INFO     | ----------------------------------------
2026-02-26 02:15:40 | INFO     | Running periodic health check...
2026-02-26 02:15:41 | INFO     | gh CLI authenticated
2026-02-26 02:15:41 | INFO     | Health check passed
2026-02-26 02:15:41 | INFO     | ----------------------------------------
2026-02-26 02:15:41 | INFO     | Starting sync cycle...
2026-02-26 02:15:41 | INFO     | Syncing with upstream...
2026-02-26 02:15:43 | INFO     | Already up to date with upstream
2026-02-26 02:15:43 | INFO     | Running scraper...
2026-02-26 02:15:44 | INFO     | Found 30 new URLs to scrape
2026-02-26 02:17:07 | INFO     | Updated cumulative stats: 3923 success, 166 failed across 81 cycles
2026-02-26 02:17:07 | INFO     | Scraper results: 29 success, 1 failed
2026-02-26 02:17:07 | INFO     | Committing changes...
2026-02-26 02:17:08 | INFO     | Committed: chore(scraper): auto-scrape 2026-02-26 02:17
2026-02-26 02:17:14 | INFO     | Pushed to origin successfully
2026-02-26 02:17:14 | INFO     | Sync cycle complete
2026-02-26 02:17:14 | INFO     | ----------------------------------------
2026-02-26 02:17:14 | INFO     | Starting PR cycle...
2026-02-26 02:17:15 | INFO     | Pushed to origin successfully
2026-02-26 02:17:15 | INFO     | Managing PR...
2026-02-26 02:17:16 | INFO     | PR #38 exists, updating description with fresh stats...
2026-02-26 02:17:19 | INFO     | Updated PR #38 with fresh stats
2026-02-26 02:17:19 | INFO     | PR cycle complete
2026-02-26 02:17:19 | INFO     | Run once mode, exiting...
2026-02-26 22:54:05 | INFO     | ============================================================
2026-02-26 22:54:05 | INFO     | News Scraper Daemon Starting
2026-02-26 22:54:05 | INFO     | Fork: hk-hack-007/Hong-Kong-Fire-Documentary-i
2026-02-26 22:54:05 | INFO     | Upstream: adminlby/Hong-Kong-Fire-Documentary
2026-02-26 22:54:05 | INFO     | Sync interval: 10 minutes
2026-02-26 22:54:05 | INFO     | PR interval: 60 minutes
2026-02-26 22:54:05 | INFO     | ============================================================
2026-02-26 22:54:05 | INFO     | gh CLI authenticated
2026-02-26 22:54:05 | INFO     | Setting up git remotes...
2026-02-26 22:54:05 | INFO     | Configured origin remote
2026-02-26 22:54:06 | INFO     | gh CLI authenticated
2026-02-26 22:54:06 | INFO     | ----------------------------------------
2026-02-26 22:54:06 | INFO     | Running periodic health check...
2026-02-26 22:54:07 | INFO     | gh CLI authenticated
2026-02-26 22:54:07 | INFO     | Health check passed
2026-02-26 22:54:07 | INFO     | ----------------------------------------
2026-02-26 22:54:07 | INFO     | Starting sync cycle...
2026-02-26 22:54:07 | INFO     | Syncing with upstream...
2026-02-26 22:54:08 | INFO     | Already up to date with upstream
2026-02-26 22:54:08 | INFO     | Running scraper...
2026-02-26 22:54:08 | INFO     | Found 31 new URLs to scrape
2026-02-26 22:54:48 | INFO     | Updated cumulative stats: 3953 success, 167 failed across 82 cycles
2026-02-26 22:54:48 | INFO     | Scraper results: 30 success, 1 failed
2026-02-26 22:54:48 | INFO     | Committing changes...
2026-02-26 22:54:50 | INFO     | Committed: chore(scraper): auto-scrape 2026-02-26 22:54
2026-02-26 22:54:54 | INFO     | Pushed to origin successfully
2026-02-26 22:54:54 | INFO     | Sync cycle complete
2026-02-26 22:54:54 | INFO     | ----------------------------------------
2026-02-26 22:54:54 | INFO     | Starting PR cycle...
2026-02-26 22:54:55 | INFO     | Pushed to origin successfully
2026-02-26 22:54:55 | INFO     | Managing PR...
2026-02-26 22:54:56 | INFO     | PR #38 exists, updating description with fresh stats...
2026-02-26 22:54:59 | INFO     | Updated PR #38 with fresh stats
2026-02-26 22:54:59 | INFO     | PR cycle complete
2026-02-26 22:54:59 | INFO     | Run once mode, exiting...
2026-02-27 23:39:50 | INFO     | ============================================================
2026-02-27 23:39:50 | INFO     | News Scraper Daemon Starting
2026-02-27 23:39:50 | INFO     | Fork: hk-hack-007/Hong-Kong-Fire-Documentary-i
2026-02-27 23:39:50 | INFO     | Upstream: adminlby/Hong-Kong-Fire-Documentary
2026-02-27 23:39:50 | INFO     | Sync interval: 10 minutes
2026-02-27 23:39:50 | INFO     | PR interval: 60 minutes
2026-02-27 23:39:50 | INFO     | ============================================================
2026-02-27 23:39:51 | INFO     | gh CLI authenticated
2026-02-27 23:39:51 | INFO     | Setting up git remotes...
2026-02-27 23:39:51 | INFO     | Configured origin remote
2026-02-27 23:39:51 | INFO     | gh CLI authenticated
2026-02-27 23:39:51 | INFO     | ----------------------------------------
2026-02-27 23:39:51 | INFO     | Running periodic health check...
2026-02-27 23:39:52 | INFO     | gh CLI authenticated
2026-02-27 23:39:53 | INFO     | Health check passed
2026-02-27 23:39:53 | INFO     | ----------------------------------------
2026-02-27 23:39:53 | INFO     | Starting sync cycle...
2026-02-27 23:39:53 | INFO     | Syncing with upstream...
2026-02-27 23:39:54 | INFO     | Already up to date with upstream
2026-02-27 23:39:54 | INFO     | Running scraper...
2026-02-27 23:39:54 | INFO     | Found 19 new URLs to scrape
2026-02-27 23:40:25 | INFO     | Updated cumulative stats: 3971 success, 168 failed across 83 cycles
2026-02-27 23:40:25 | INFO     | Scraper results: 18 success, 1 failed
2026-02-27 23:40:25 | INFO     | Committing changes...
2026-02-27 23:40:27 | INFO     | Committed: chore(scraper): auto-scrape 2026-02-27 23:40
2026-02-27 23:40:29 | INFO     | Pushed to origin successfully
2026-02-27 23:40:29 | INFO     | Sync cycle complete
2026-02-27 23:40:29 | INFO     | ----------------------------------------
2026-02-27 23:40:29 | INFO     | Starting PR cycle...
2026-02-27 23:40:31 | INFO     | Pushed to origin successfully
2026-02-27 23:40:31 | INFO     | Managing PR...
2026-02-27 23:40:36 | ERROR    | Failed to create PR: pull request create failed: GraphQL: No commits between adminlby:main and hk-hack-007:main (createPullRequest)

2026-02-27 23:40:36 | INFO     | PR cycle complete
2026-02-27 23:40:36 | INFO     | Run once mode, exiting...
2026-02-28 21:28:08 | INFO     | ============================================================
2026-02-28 21:28:08 | INFO     | News Scraper Daemon Starting
2026-02-28 21:28:08 | INFO     | Fork: hk-hack-007/Hong-Kong-Fire-Documentary-i
2026-02-28 21:28:08 | INFO     | Upstream: adminlby/Hong-Kong-Fire-Documentary
2026-02-28 21:28:08 | INFO     | Sync interval: 10 minutes
2026-02-28 21:28:08 | INFO     | PR interval: 60 minutes
2026-02-28 21:28:08 | INFO     | ============================================================
2026-02-28 21:28:08 | INFO     | gh CLI authenticated
2026-02-28 21:28:08 | INFO     | Setting up git remotes...
2026-02-28 21:28:08 | INFO     | Configured origin remote
2026-02-28 21:29:02 | INFO     | ============================================================
2026-02-28 21:29:02 | INFO     | News Scraper Daemon Starting
2026-02-28 21:29:02 | INFO     | Fork: hk-hack-007/Hong-Kong-Fire-Documentary-i
2026-02-28 21:29:02 | INFO     | Upstream: adminlby/Hong-Kong-Fire-Documentary
2026-02-28 21:29:02 | INFO     | Sync interval: 10 minutes
2026-02-28 21:29:02 | INFO     | PR interval: 60 minutes
2026-02-28 21:29:02 | INFO     | ============================================================
2026-02-28 21:29:03 | INFO     | gh CLI authenticated
2026-02-28 21:29:03 | INFO     | Setting up git remotes...
2026-02-28 21:29:03 | INFO     | Configured origin remote
2026-02-28 21:29:04 | INFO     | gh CLI authenticated
2026-02-28 21:29:04 | INFO     | ----------------------------------------
2026-02-28 21:29:04 | INFO     | Running periodic health check...
2026-02-28 21:29:04 | INFO     | gh CLI authenticated
2026-02-28 21:29:05 | INFO     | Health check passed
2026-02-28 21:29:05 | INFO     | ----------------------------------------
2026-02-28 21:29:05 | INFO     | Starting sync cycle...
2026-02-28 21:29:05 | INFO     | Syncing with upstream...
2026-02-28 21:29:06 | INFO     | Already up to date with upstream
2026-02-28 21:29:06 | INFO     | Running scraper...
2026-02-28 21:29:06 | INFO     | Found 11 new URLs to scrape
2026-02-28 21:29:20 | INFO     | Updated cumulative stats: 3981 success, 169 failed across 84 cycles
2026-02-28 21:29:20 | INFO     | Scraper results: 10 success, 1 failed
2026-02-28 21:29:20 | INFO     | Committing changes...
2026-02-28 21:29:21 | INFO     | Committed: chore(scraper): auto-scrape 2026-02-28 21:29
2026-02-28 21:29:24 | INFO     | Pushed to origin successfully
2026-02-28 21:29:24 | INFO     | Sync cycle complete
2026-02-28 21:29:24 | INFO     | ----------------------------------------
2026-02-28 21:29:24 | INFO     | Starting PR cycle...
2026-02-28 21:29:25 | INFO     | Pushed to origin successfully
2026-02-28 21:29:25 | INFO     | Managing PR...
2026-02-28 21:29:26 | INFO     | PR #39 exists, updating description with fresh stats...
2026-02-28 21:29:28 | INFO     | Updated PR #39 with fresh stats
2026-02-28 21:29:28 | INFO     | PR cycle complete
2026-02-28 21:29:28 | INFO     | Run once mode, exiting...
2026-03-02 21:35:08 | INFO     | ============================================================
2026-03-02 21:35:08 | INFO     | News Scraper Daemon Starting
2026-03-02 21:35:08 | INFO     | Fork: hk-hack-007/Hong-Kong-Fire-Documentary-i
2026-03-02 21:35:08 | INFO     | Upstream: adminlby/Hong-Kong-Fire-Documentary
2026-03-02 21:35:08 | INFO     | Sync interval: 10 minutes
2026-03-02 21:35:08 | INFO     | PR interval: 60 minutes
2026-03-02 21:35:08 | INFO     | ============================================================
2026-03-02 21:35:08 | INFO     | gh CLI authenticated
2026-03-02 21:35:08 | INFO     | Setting up git remotes...
2026-03-02 21:35:08 | INFO     | Configured origin remote
2026-03-02 21:35:09 | INFO     | gh CLI authenticated
2026-03-02 21:35:09 | INFO     | ----------------------------------------
2026-03-02 21:35:09 | INFO     | Running periodic health check...
2026-03-02 21:35:10 | INFO     | gh CLI authenticated
2026-03-02 21:35:10 | INFO     | Health check passed
2026-03-02 21:35:10 | INFO     | ----------------------------------------
2026-03-02 21:35:10 | INFO     | Starting sync cycle...
2026-03-02 21:35:10 | INFO     | Syncing with upstream...
2026-03-02 21:35:11 | INFO     | Already up to date with upstream
2026-03-02 21:35:11 | INFO     | Running scraper...
2026-03-02 21:35:12 | INFO     | Found 13 new URLs to scrape
2026-03-02 21:35:36 | INFO     | Updated cumulative stats: 3993 success, 170 failed across 85 cycles
2026-03-02 21:35:36 | INFO     | Scraper results: 12 success, 1 failed
2026-03-02 21:35:36 | INFO     | Committing changes...
2026-03-02 21:35:37 | INFO     | Committed: chore(scraper): auto-scrape 2026-03-02 21:35
2026-03-02 21:35:40 | INFO     | Pushed to origin successfully
2026-03-02 21:35:40 | INFO     | Sync cycle complete
2026-03-02 21:35:40 | INFO     | ----------------------------------------
2026-03-02 21:35:40 | INFO     | Starting PR cycle...
2026-03-02 21:35:42 | INFO     | Pushed to origin successfully
2026-03-02 21:35:42 | INFO     | Managing PR...
2026-03-02 21:35:43 | INFO     | PR #39 exists, updating description with fresh stats...
2026-03-02 21:35:47 | INFO     | Updated PR #39 with fresh stats
2026-03-02 21:35:47 | INFO     | PR cycle complete
2026-03-02 21:35:47 | INFO     | Run once mode, exiting...
2026-03-04 22:16:24 | INFO     | ============================================================
2026-03-04 22:16:24 | INFO     | News Scraper Daemon Starting
2026-03-04 22:16:24 | INFO     | Fork: hk-hack-007/Hong-Kong-Fire-Documentary-i
2026-03-04 22:16:24 | INFO     | Upstream: adminlby/Hong-Kong-Fire-Documentary
2026-03-04 22:16:24 | INFO     | Sync interval: 10 minutes
2026-03-04 22:16:24 | INFO     | PR interval: 60 minutes
2026-03-04 22:16:24 | INFO     | ============================================================
2026-03-04 22:16:25 | INFO     | gh CLI authenticated
2026-03-04 22:16:25 | INFO     | Setting up git remotes...
2026-03-04 22:16:25 | INFO     | Configured origin remote
2026-03-04 22:16:26 | INFO     | gh CLI authenticated
2026-03-04 22:16:26 | INFO     | ----------------------------------------
2026-03-04 22:16:26 | INFO     | Running periodic health check...
2026-03-04 22:16:27 | INFO     | gh CLI authenticated
2026-03-04 22:16:27 | INFO     | Health check passed
2026-03-04 22:16:27 | INFO     | ----------------------------------------
2026-03-04 22:16:27 | INFO     | Starting sync cycle...
2026-03-04 22:16:27 | INFO     | Syncing with upstream...
2026-03-04 22:16:28 | INFO     | Already up to date with upstream
2026-03-04 22:16:28 | INFO     | Running scraper...
2026-03-04 22:16:28 | INFO     | Found 27 new URLs to scrape
2026-03-04 22:17:08 | INFO     | Updated cumulative stats: 4019 success, 171 failed across 86 cycles
2026-03-04 22:17:08 | INFO     | Scraper results: 26 success, 1 failed
2026-03-04 22:17:08 | INFO     | Committing changes...
2026-03-04 22:17:09 | INFO     | Committed: chore(scraper): auto-scrape 2026-03-04 22:17
2026-03-04 22:17:13 | INFO     | Pushed to origin successfully
2026-03-04 22:17:13 | INFO     | Sync cycle complete
2026-03-04 22:17:13 | INFO     | ----------------------------------------
2026-03-04 22:17:13 | INFO     | Starting PR cycle...
2026-03-04 22:17:14 | INFO     | Pushed to origin successfully
2026-03-04 22:17:14 | INFO     | Managing PR...
2026-03-04 22:17:23 | ERROR    | Failed to create PR: pull request create failed: GraphQL: No commits between adminlby:main and hk-hack-007:main (createPullRequest)

2026-03-04 22:17:23 | INFO     | PR cycle complete
2026-03-04 22:17:23 | INFO     | Run once mode, exiting...
2026-03-05 22:16:37 | INFO     | ============================================================
2026-03-05 22:16:37 | INFO     | News Scraper Daemon Starting
2026-03-05 22:16:37 | INFO     | Fork: hk-hack-007/Hong-Kong-Fire-Documentary-i
2026-03-05 22:16:37 | INFO     | Upstream: adminlby/Hong-Kong-Fire-Documentary
2026-03-05 22:16:37 | INFO     | Sync interval: 10 minutes
2026-03-05 22:16:37 | INFO     | PR interval: 60 minutes
2026-03-05 22:16:37 | INFO     | ============================================================
2026-03-05 22:16:38 | INFO     | gh CLI authenticated
2026-03-05 22:16:38 | INFO     | Setting up git remotes...
2026-03-05 22:16:38 | INFO     | Configured origin remote
2026-03-05 22:16:39 | INFO     | gh CLI authenticated
2026-03-05 22:16:39 | INFO     | ----------------------------------------
2026-03-05 22:16:39 | INFO     | Running periodic health check...
2026-03-05 22:16:40 | INFO     | gh CLI authenticated
2026-03-05 22:16:40 | INFO     | Health check passed
2026-03-05 22:16:40 | INFO     | ----------------------------------------
2026-03-05 22:16:40 | INFO     | Starting sync cycle...
2026-03-05 22:16:40 | INFO     | Syncing with upstream...
2026-03-05 22:16:41 | INFO     | Already up to date with upstream
2026-03-05 22:16:41 | INFO     | Running scraper...
2026-03-05 22:16:42 | INFO     | Found 6 new URLs to scrape
2026-03-05 22:16:56 | INFO     | Updated cumulative stats: 4024 success, 172 failed across 87 cycles
2026-03-05 22:16:56 | INFO     | Scraper results: 5 success, 1 failed
2026-03-05 22:16:56 | INFO     | Committing changes...
2026-03-05 22:16:57 | INFO     | Committed: chore(scraper): auto-scrape 2026-03-05 22:16
2026-03-05 22:17:00 | INFO     | Pushed to origin successfully
2026-03-05 22:17:00 | INFO     | Sync cycle complete
2026-03-05 22:17:00 | INFO     | ----------------------------------------
2026-03-05 22:17:00 | INFO     | Starting PR cycle...
2026-03-05 22:17:01 | INFO     | Pushed to origin successfully
2026-03-05 22:17:01 | INFO     | Managing PR...
2026-03-05 22:17:02 | INFO     | PR #40 exists, updating description with fresh stats...
2026-03-05 22:17:05 | INFO     | Updated PR #40 with fresh stats
2026-03-05 22:17:05 | INFO     | PR cycle complete
2026-03-05 22:17:05 | INFO     | Run once mode, exiting...
2026-03-07 22:09:09 | INFO     | ============================================================
2026-03-07 22:09:09 | INFO     | News Scraper Daemon Starting
2026-03-07 22:09:09 | INFO     | Fork: hk-hack-007/Hong-Kong-Fire-Documentary-i
2026-03-07 22:09:09 | INFO     | Upstream: adminlby/Hong-Kong-Fire-Documentary
2026-03-07 22:09:09 | INFO     | Sync interval: 10 minutes
2026-03-07 22:09:09 | INFO     | PR interval: 60 minutes
2026-03-07 22:09:09 | INFO     | ============================================================
2026-03-07 22:09:09 | INFO     | gh CLI authenticated
2026-03-07 22:09:09 | INFO     | Setting up git remotes...
2026-03-07 22:09:09 | INFO     | Configured origin remote
2026-03-07 22:09:10 | INFO     | gh CLI authenticated
2026-03-07 22:09:10 | INFO     | ----------------------------------------
2026-03-07 22:09:10 | INFO     | Running periodic health check...
2026-03-07 22:09:11 | INFO     | gh CLI authenticated
2026-03-07 22:09:11 | INFO     | Health check passed
2026-03-07 22:09:11 | INFO     | ----------------------------------------
2026-03-07 22:09:11 | INFO     | Starting sync cycle...
2026-03-07 22:09:11 | INFO     | Syncing with upstream...
2026-03-07 22:09:12 | INFO     | Already up to date with upstream
2026-03-07 22:09:12 | INFO     | Running scraper...
2026-03-07 22:09:12 | INFO     | Found 43 new URLs to scrape
2026-03-07 22:10:24 | INFO     | Updated cumulative stats: 4066 success, 173 failed across 88 cycles
2026-03-07 22:10:24 | INFO     | Scraper results: 42 success, 1 failed
2026-03-07 22:10:25 | INFO     | Committing changes...
2026-03-07 22:10:26 | INFO     | Committed: chore(scraper): auto-scrape 2026-03-07 22:10
2026-03-07 22:10:30 | INFO     | Pushed to origin successfully
2026-03-07 22:10:30 | INFO     | Sync cycle complete
2026-03-07 22:10:30 | INFO     | ----------------------------------------
2026-03-07 22:10:30 | INFO     | Starting PR cycle...
2026-03-07 22:10:32 | INFO     | Pushed to origin successfully
2026-03-07 22:10:32 | INFO     | Managing PR...
2026-03-07 22:10:35 | ERROR    | Failed to create PR: pull request create failed: GraphQL: No commits between adminlby:main and hk-hack-007:main (createPullRequest)

2026-03-07 22:10:35 | INFO     | PR cycle complete
2026-03-07 22:10:35 | INFO     | Run once mode, exiting...
2026-03-09 23:04:09 | INFO     | ============================================================
2026-03-09 23:04:09 | INFO     | News Scraper Daemon Starting
2026-03-09 23:04:09 | INFO     | Fork: hk-hack-007/Hong-Kong-Fire-Documentary-i
2026-03-09 23:04:09 | INFO     | Upstream: adminlby/Hong-Kong-Fire-Documentary
2026-03-09 23:04:09 | INFO     | Sync interval: 10 minutes
2026-03-09 23:04:09 | INFO     | PR interval: 60 minutes
2026-03-09 23:04:09 | INFO     | ============================================================
2026-03-09 23:04:10 | INFO     | gh CLI authenticated
2026-03-09 23:04:10 | INFO     | Setting up git remotes...
2026-03-09 23:04:10 | INFO     | Configured origin remote
2026-03-09 23:04:10 | INFO     | gh CLI authenticated
2026-03-09 23:04:11 | INFO     | ----------------------------------------
2026-03-09 23:04:11 | INFO     | Running periodic health check...
2026-03-09 23:04:12 | INFO     | gh CLI authenticated
2026-03-09 23:04:12 | INFO     | Health check passed
2026-03-09 23:04:12 | INFO     | ----------------------------------------
2026-03-09 23:04:12 | INFO     | Starting sync cycle...
2026-03-09 23:04:12 | INFO     | Syncing with upstream...
2026-03-09 23:04:13 | INFO     | Already up to date with upstream
2026-03-09 23:04:13 | INFO     | Running scraper...
2026-03-09 23:04:14 | INFO     | Found 66 new URLs to scrape
2026-03-09 23:07:00 | INFO     | Updated cumulative stats: 4131 success, 174 failed across 89 cycles
2026-03-09 23:07:00 | INFO     | Scraper results: 65 success, 1 failed
2026-03-09 23:07:00 | INFO     | Committing changes...
2026-03-09 23:07:02 | INFO     | Committed: chore(scraper): auto-scrape 2026-03-09 23:07
2026-03-09 23:07:07 | INFO     | Pushed to origin successfully
2026-03-09 23:07:07 | INFO     | Sync cycle complete
2026-03-09 23:07:07 | INFO     | ----------------------------------------
2026-03-09 23:07:07 | INFO     | Starting PR cycle...
2026-03-09 23:07:09 | INFO     | Pushed to origin successfully
2026-03-09 23:07:09 | INFO     | Managing PR...
2026-03-09 23:07:11 | INFO     | PR #41 exists, updating description with fresh stats...
2026-03-09 23:07:14 | INFO     | Updated PR #41 with fresh stats
2026-03-09 23:07:14 | INFO     | PR cycle complete
2026-03-09 23:07:14 | INFO     | Run once mode, exiting...
2026-03-12 00:38:37 | INFO     | ============================================================
2026-03-12 00:38:37 | INFO     | News Scraper Daemon Starting
2026-03-12 00:38:37 | INFO     | Fork: hk-hack-007/Hong-Kong-Fire-Documentary-i
2026-03-12 00:38:37 | INFO     | Upstream: adminlby/Hong-Kong-Fire-Documentary
2026-03-12 00:38:37 | INFO     | Sync interval: 10 minutes
2026-03-12 00:38:37 | INFO     | PR interval: 60 minutes
2026-03-12 00:38:37 | INFO     | ============================================================
2026-03-12 00:38:38 | INFO     | gh CLI authenticated
2026-03-12 00:38:38 | INFO     | Setting up git remotes...
2026-03-12 00:38:38 | INFO     | Configured origin remote
2026-03-12 00:38:38 | INFO     | gh CLI authenticated
2026-03-12 00:38:39 | INFO     | ----------------------------------------
2026-03-12 00:38:39 | INFO     | Running periodic health check...
2026-03-12 00:38:39 | INFO     | gh CLI authenticated
2026-03-12 00:38:39 | INFO     | Health check passed
2026-03-12 00:38:39 | INFO     | ----------------------------------------
2026-03-12 00:38:39 | INFO     | Starting sync cycle...
2026-03-12 00:38:39 | INFO     | Syncing with upstream...
2026-03-12 00:38:40 | INFO     | Already up to date with upstream
2026-03-12 00:38:40 | INFO     | Running scraper...
2026-03-12 00:38:41 | INFO     | Found 31 new URLs to scrape
2026-03-12 00:39:19 | INFO     | patching driver executable C:\Users\user\appdata\roaming\undetected_chromedriver\undetected_chromedriver.exe
2026-03-12 00:43:48 | INFO     | Updated cumulative stats: 4160 success, 176 failed across 90 cycles
2026-03-12 00:43:48 | INFO     | Scraper results: 29 success, 2 failed
2026-03-12 00:43:48 | INFO     | Committing changes...
2026-03-12 00:43:49 | INFO     | Committed: chore(scraper): auto-scrape 2026-03-12 00:43
2026-03-12 00:43:54 | INFO     | Pushed to origin successfully
2026-03-12 00:43:54 | INFO     | Sync cycle complete
2026-03-12 00:43:54 | INFO     | ----------------------------------------
2026-03-12 00:43:54 | INFO     | Starting PR cycle...
2026-03-12 00:43:55 | INFO     | Pushed to origin successfully
2026-03-12 00:43:55 | INFO     | Managing PR...
2026-03-12 00:43:59 | ERROR    | Failed to create PR: pull request create failed: GraphQL: No commits between adminlby:main and hk-hack-007:main (createPullRequest)

2026-03-12 00:43:59 | INFO     | PR cycle complete
2026-03-12 00:43:59 | INFO     | Run once mode, exiting...
2026-03-12 00:43:59 | INFO     | ensuring close
2026-03-12 00:43:59 | INFO     | ensuring close
2026-03-12 00:43:59 | INFO     | ensuring close
2026-03-12 00:43:59 | INFO     | ensuring close
2026-03-12 00:43:59 | INFO     | ensuring close
2026-03-12 00:43:59 | INFO     | ensuring close
2026-03-12 00:43:59 | INFO     | ensuring close
2026-03-12 00:43:59 | INFO     | ensuring close
2026-03-12 00:43:59 | INFO     | ensuring close
2026-03-12 00:43:59 | INFO     | ensuring close
2026-03-14 02:51:07 | INFO     | ============================================================
2026-03-14 02:51:07 | INFO     | News Scraper Daemon Starting
2026-03-14 02:51:07 | INFO     | Fork: hk-hack-007/Hong-Kong-Fire-Documentary-i
2026-03-14 02:51:07 | INFO     | Upstream: adminlby/Hong-Kong-Fire-Documentary
2026-03-14 02:51:07 | INFO     | Sync interval: 10 minutes
2026-03-14 02:51:07 | INFO     | PR interval: 60 minutes
2026-03-14 02:51:07 | INFO     | ============================================================
2026-03-14 02:51:08 | INFO     | gh CLI authenticated
2026-03-14 02:51:08 | INFO     | Setting up git remotes...
2026-03-14 02:51:08 | INFO     | Configured origin remote
2026-03-14 02:51:09 | INFO     | gh CLI authenticated
2026-03-14 02:51:09 | INFO     | ----------------------------------------
2026-03-14 02:51:09 | INFO     | Running periodic health check...
2026-03-14 02:51:10 | INFO     | gh CLI authenticated
2026-03-14 02:51:10 | INFO     | Health check passed
2026-03-14 02:51:10 | INFO     | ----------------------------------------
2026-03-14 02:51:10 | INFO     | Starting sync cycle...
2026-03-14 02:51:10 | INFO     | Syncing with upstream...
2026-03-14 02:51:20 | INFO     | Already up to date with upstream
2026-03-14 02:51:20 | INFO     | Running scraper...
2026-03-14 02:51:20 | INFO     | Found 24 new URLs to scrape
2026-03-14 02:52:30 | INFO     | patching driver executable C:\Users\user\appdata\roaming\undetected_chromedriver\undetected_chromedriver.exe
2026-03-14 02:53:22 | INFO     | Updated cumulative stats: 4183 success, 177 failed across 91 cycles
2026-03-14 02:53:22 | INFO     | Scraper results: 23 success, 1 failed
2026-03-14 02:53:23 | INFO     | Committing changes...
2026-03-14 02:53:24 | INFO     | Committed: chore(scraper): auto-scrape 2026-03-14 02:53
2026-03-14 02:53:28 | INFO     | Pushed to origin successfully
2026-03-14 02:53:28 | INFO     | Sync cycle complete
2026-03-14 02:53:28 | INFO     | ----------------------------------------
2026-03-14 02:53:28 | INFO     | Starting PR cycle...
2026-03-14 02:53:29 | INFO     | Pushed to origin successfully
2026-03-14 02:53:29 | INFO     | Managing PR...
2026-03-14 02:53:31 | INFO     | PR #42 exists, updating description with fresh stats...
2026-03-14 02:53:34 | INFO     | Updated PR #42 with fresh stats
2026-03-14 02:53:34 | INFO     | PR cycle complete
2026-03-14 02:53:34 | INFO     | Run once mode, exiting...
2026-03-14 02:53:34 | INFO     | ensuring close
2026-03-14 02:53:34 | INFO     | ensuring close
2026-03-14 02:53:34 | INFO     | ensuring close
2026-03-15 22:46:20 | INFO     | ============================================================
2026-03-15 22:46:20 | INFO     | News Scraper Daemon Starting
2026-03-15 22:46:20 | INFO     | Fork: hk-hack-007/Hong-Kong-Fire-Documentary-i
2026-03-15 22:46:20 | INFO     | Upstream: adminlby/Hong-Kong-Fire-Documentary
2026-03-15 22:46:20 | INFO     | Sync interval: 10 minutes
2026-03-15 22:46:20 | INFO     | PR interval: 60 minutes
2026-03-15 22:46:20 | INFO     | ============================================================
2026-03-15 22:46:20 | INFO     | gh CLI authenticated
2026-03-15 22:46:20 | INFO     | Setting up git remotes...
2026-03-15 22:46:20 | INFO     | Configured origin remote
2026-03-15 22:46:21 | INFO     | gh CLI authenticated
2026-03-15 22:46:21 | INFO     | ----------------------------------------
2026-03-15 22:46:21 | INFO     | Running periodic health check...
2026-03-15 22:46:22 | INFO     | gh CLI authenticated
2026-03-15 22:46:22 | INFO     | Health check passed
2026-03-15 22:46:22 | INFO     | ----------------------------------------
2026-03-15 22:46:22 | INFO     | Starting sync cycle...
2026-03-15 22:46:22 | INFO     | Syncing with upstream...
2026-03-15 22:46:30 | INFO     | Behind upstream by 8 commits, merging...
2026-03-15 22:46:33 | WARNING  | Stash pop failed, dropping stash to continue
2026-03-15 22:46:33 | INFO     | Synced with upstream successfully
2026-03-15 22:46:33 | INFO     | Running scraper...
2026-03-15 22:46:34 | INFO     | Found 1 new URLs to scrape
2026-03-15 22:46:38 | INFO     | Updated cumulative stats: 4183 success, 178 failed across 92 cycles
2026-03-15 22:46:38 | INFO     | Scraper results: 0 success, 1 failed
2026-03-15 22:46:38 | INFO     | Committing changes...
2026-03-15 22:46:39 | INFO     | Committed: chore(scraper): auto-scrape 2026-03-15 22:46
2026-03-15 22:46:41 | INFO     | Pushed to origin successfully
2026-03-15 22:46:41 | INFO     | Sync cycle complete
2026-03-15 22:46:41 | INFO     | ----------------------------------------
2026-03-15 22:46:41 | INFO     | Starting PR cycle...
2026-03-15 22:46:42 | INFO     | Pushed to origin successfully
2026-03-15 22:46:42 | INFO     | Managing PR...
2026-03-15 22:46:46 | ERROR    | Failed to create PR: pull request create failed: GraphQL: No commits between adminlby:main and hk-hack-007:main (createPullRequest)

2026-03-15 22:46:46 | INFO     | PR cycle complete
2026-03-15 22:46:46 | INFO     | Run once mode, exiting...
2026-03-15 23:05:37 | INFO     | ============================================================
2026-03-15 23:05:37 | INFO     | News Scraper Daemon Starting
2026-03-15 23:05:37 | INFO     | Fork: hk-hack-007/Hong-Kong-Fire-Documentary-i
2026-03-15 23:05:37 | INFO     | Upstream: adminlby/Hong-Kong-Fire-Documentary
2026-03-15 23:05:37 | INFO     | Sync interval: 10 minutes
2026-03-15 23:05:37 | INFO     | PR interval: 60 minutes
2026-03-15 23:05:37 | INFO     | ============================================================
2026-03-15 23:05:38 | INFO     | gh CLI authenticated
2026-03-15 23:05:38 | INFO     | Setting up git remotes...
2026-03-15 23:05:38 | INFO     | Configured origin remote
2026-03-15 23:05:38 | INFO     | gh CLI authenticated
2026-03-15 23:05:38 | INFO     | ----------------------------------------
2026-03-15 23:05:38 | INFO     | Running periodic health check...
2026-03-15 23:05:39 | INFO     | gh CLI authenticated
2026-03-15 23:05:39 | INFO     | Health check passed
2026-03-15 23:05:39 | INFO     | ----------------------------------------
2026-03-15 23:05:39 | INFO     | Starting sync cycle...
2026-03-15 23:05:39 | INFO     | Syncing with upstream...
2026-03-15 23:05:40 | INFO     | Already up to date with upstream
2026-03-15 23:05:40 | INFO     | Running scraper...
2026-03-15 23:05:40 | INFO     | Found 3 new URLs to scrape
2026-03-15 23:05:43 | INFO     | Updated cumulative stats: 4185 success, 179 failed across 93 cycles
2026-03-15 23:05:43 | INFO     | Scraper results: 2 success, 1 failed
2026-03-15 23:05:44 | INFO     | Committing changes...
2026-03-15 23:05:44 | INFO     | Committed: chore(scraper): auto-scrape 2026-03-15 23:05
2026-03-15 23:05:47 | INFO     | Pushed to origin successfully
2026-03-15 23:05:47 | INFO     | Sync cycle complete
2026-03-15 23:05:47 | INFO     | ----------------------------------------
2026-03-15 23:05:47 | INFO     | Starting PR cycle...
2026-03-15 23:05:48 | INFO     | Pushed to origin successfully
2026-03-15 23:05:48 | INFO     | Managing PR...
2026-03-15 23:05:51 | ERROR    | Failed to create PR: pull request create failed: GraphQL: No commits between adminlby:main and hk-hack-007:main (createPullRequest)

2026-03-15 23:05:51 | INFO     | PR cycle complete
2026-03-15 23:05:51 | INFO     | Run once mode, exiting...
2026-03-17 22:51:41 | INFO     | ============================================================
2026-03-17 22:51:41 | INFO     | News Scraper Daemon Starting
2026-03-17 22:51:41 | INFO     | Fork: hk-hack-007/Hong-Kong-Fire-Documentary-i
2026-03-17 22:51:41 | INFO     | Upstream: adminlby/Hong-Kong-Fire-Documentary
2026-03-17 22:51:41 | INFO     | Sync interval: 10 minutes
2026-03-17 22:51:41 | INFO     | PR interval: 60 minutes
2026-03-17 22:51:41 | INFO     | ============================================================
2026-03-17 22:51:42 | INFO     | gh CLI authenticated
2026-03-17 22:51:42 | INFO     | Setting up git remotes...
2026-03-17 22:51:42 | INFO     | Configured origin remote
2026-03-17 22:51:43 | INFO     | gh CLI authenticated
2026-03-17 22:51:43 | INFO     | ----------------------------------------
2026-03-17 22:51:43 | INFO     | Running periodic health check...
2026-03-17 22:51:43 | INFO     | gh CLI authenticated
2026-03-17 22:51:44 | INFO     | Health check passed
2026-03-17 22:51:44 | INFO     | ----------------------------------------
2026-03-17 22:51:44 | INFO     | Starting sync cycle...
2026-03-17 22:51:44 | INFO     | Syncing with upstream...
2026-03-17 22:51:45 | INFO     | Already up to date with upstream
2026-03-17 22:51:45 | INFO     | Running scraper...
2026-03-17 22:51:45 | INFO     | Found 44 new URLs to scrape
2026-03-17 22:54:11 | INFO     | patching driver executable C:\Users\user\appdata\roaming\undetected_chromedriver\undetected_chromedriver.exe
2026-03-17 22:55:14 | INFO     | Updated cumulative stats: 4227 success, 181 failed across 94 cycles
2026-03-17 22:55:14 | INFO     | Scraper results: 42 success, 2 failed
2026-03-17 22:55:14 | INFO     | Committing changes...
2026-03-17 22:55:16 | INFO     | Committed: chore(scraper): auto-scrape 2026-03-17 22:55
2026-03-17 22:55:20 | INFO     | Pushed to origin successfully
2026-03-17 22:55:20 | INFO     | Sync cycle complete
2026-03-17 22:55:20 | INFO     | ----------------------------------------
2026-03-17 22:55:20 | INFO     | Starting PR cycle...
2026-03-17 22:55:22 | INFO     | Pushed to origin successfully
2026-03-17 22:55:22 | INFO     | Managing PR...
2026-03-17 22:55:26 | ERROR    | Failed to create PR: pull request create failed: GraphQL: No commits between adminlby:main and hk-hack-007:main (createPullRequest)

2026-03-17 22:55:26 | INFO     | PR cycle complete
2026-03-17 22:55:26 | INFO     | Run once mode, exiting...
2026-03-17 22:55:26 | INFO     | ensuring close
2026-03-17 22:55:26 | INFO     | ensuring close
2026-03-17 22:55:26 | INFO     | ensuring close
2026-03-17 22:55:26 | INFO     | ensuring close
2026-03-17 22:55:26 | INFO     | ensuring close
2026-03-17 22:55:26 | INFO     | ensuring close
2026-03-19 22:51:27 | INFO     | ============================================================
2026-03-19 22:51:27 | INFO     | News Scraper Daemon Starting
2026-03-19 22:51:27 | INFO     | Fork: hk-hack-007/Hong-Kong-Fire-Documentary-i
2026-03-19 22:51:27 | INFO     | Upstream: adminlby/Hong-Kong-Fire-Documentary
2026-03-19 22:51:27 | INFO     | Sync interval: 10 minutes
2026-03-19 22:51:27 | INFO     | PR interval: 60 minutes
2026-03-19 22:51:27 | INFO     | ============================================================
2026-03-19 22:51:28 | INFO     | gh CLI authenticated
2026-03-19 22:51:28 | INFO     | Setting up git remotes...
2026-03-19 22:51:28 | INFO     | Configured origin remote
2026-03-19 22:51:28 | INFO     | gh CLI authenticated
2026-03-19 22:51:29 | INFO     | ----------------------------------------
2026-03-19 22:51:29 | INFO     | Running periodic health check...
2026-03-19 22:51:29 | INFO     | gh CLI authenticated
2026-03-19 22:51:30 | INFO     | Health check passed
2026-03-19 22:51:30 | INFO     | ----------------------------------------
2026-03-19 22:51:30 | INFO     | Starting sync cycle...
2026-03-19 22:51:30 | INFO     | Syncing with upstream...
2026-03-19 22:51:31 | INFO     | Already up to date with upstream
2026-03-19 22:51:31 | INFO     | Running scraper...
2026-03-19 22:51:31 | INFO     | Found 73 new URLs to scrape
2026-03-19 22:53:22 | INFO     | patching driver executable C:\Users\user\appdata\roaming\undetected_chromedriver\undetected_chromedriver.exe
2026-03-19 22:57:17 | INFO     | Updated cumulative stats: 4299 success, 182 failed across 95 cycles
2026-03-19 22:57:17 | INFO     | Scraper results: 72 success, 1 failed
2026-03-19 22:57:17 | INFO     | Committing changes...
2026-03-19 22:57:20 | INFO     | Committed: chore(scraper): auto-scrape 2026-03-19 22:57
2026-03-19 22:57:25 | INFO     | Pushed to origin successfully
2026-03-19 22:57:25 | INFO     | Sync cycle complete
2026-03-19 22:57:25 | INFO     | ----------------------------------------
2026-03-19 22:57:25 | INFO     | Starting PR cycle...
2026-03-19 22:57:26 | INFO     | Pushed to origin successfully
2026-03-19 22:57:26 | INFO     | Managing PR...
2026-03-19 22:57:27 | INFO     | PR #46 exists, updating description with fresh stats...
2026-03-19 22:57:30 | INFO     | Updated PR #46 with fresh stats
2026-03-19 22:57:30 | INFO     | PR cycle complete
2026-03-19 22:57:30 | INFO     | Run once mode, exiting...
2026-03-19 22:57:30 | INFO     | ensuring close
2026-03-19 22:57:30 | INFO     | ensuring close
2026-03-19 22:57:30 | INFO     | ensuring close
2026-03-19 22:57:30 | INFO     | ensuring close
2026-03-19 22:57:30 | INFO     | ensuring close
2026-03-19 22:57:30 | INFO     | ensuring close
2026-03-19 22:57:30 | INFO     | ensuring close
2026-03-19 22:57:30 | INFO     | ensuring close
2026-03-19 22:57:30 | INFO     | ensuring close
2026-03-19 22:57:30 | INFO     | ensuring close
2026-03-22 02:52:12 | INFO     | ============================================================
2026-03-22 02:52:12 | INFO     | News Scraper Daemon Starting
2026-03-22 02:52:12 | INFO     | Fork: hk-hack-007/Hong-Kong-Fire-Documentary-i
2026-03-22 02:52:12 | INFO     | Upstream: adminlby/Hong-Kong-Fire-Documentary
2026-03-22 02:52:12 | INFO     | Sync interval: 10 minutes
2026-03-22 02:52:12 | INFO     | PR interval: 60 minutes
2026-03-22 02:52:12 | INFO     | ============================================================
2026-03-22 02:52:12 | INFO     | gh CLI authenticated
2026-03-22 02:52:12 | INFO     | Setting up git remotes...
2026-03-22 02:52:12 | INFO     | Configured origin remote
2026-03-22 02:52:13 | INFO     | gh CLI authenticated
2026-03-22 02:52:13 | INFO     | ----------------------------------------
2026-03-22 02:52:13 | INFO     | Running periodic health check...
2026-03-22 02:52:14 | INFO     | gh CLI authenticated
2026-03-22 02:52:14 | INFO     | Health check passed
2026-03-22 02:52:14 | INFO     | ----------------------------------------
2026-03-22 02:52:14 | INFO     | Starting sync cycle...
2026-03-22 02:52:14 | INFO     | Syncing with upstream...
2026-03-22 02:52:15 | INFO     | Already up to date with upstream
2026-03-22 02:52:15 | INFO     | Running scraper...
2026-03-22 02:52:16 | INFO     | Found 86 new URLs to scrape
2026-03-22 02:52:49 | INFO     | patching driver executable C:\Users\user\appdata\roaming\undetected_chromedriver\undetected_chromedriver.exe
2026-03-22 02:56:02 | INFO     | Updated cumulative stats: 4384 success, 183 failed across 96 cycles
2026-03-22 02:56:02 | INFO     | Scraper results: 85 success, 1 failed
2026-03-22 02:56:03 | INFO     | Committing changes...
2026-03-22 02:56:05 | INFO     | Committed: chore(scraper): auto-scrape 2026-03-22 02:56
2026-03-22 02:56:10 | INFO     | Pushed to origin successfully
2026-03-22 02:56:10 | INFO     | Sync cycle complete
2026-03-22 02:56:10 | INFO     | ----------------------------------------
2026-03-22 02:56:10 | INFO     | Starting PR cycle...
2026-03-22 02:56:11 | INFO     | Pushed to origin successfully
2026-03-22 02:56:11 | INFO     | Managing PR...
2026-03-22 02:56:12 | INFO     | PR #46 exists, updating description with fresh stats...
2026-03-22 02:56:15 | INFO     | Updated PR #46 with fresh stats
2026-03-22 02:56:15 | INFO     | PR cycle complete
2026-03-22 02:56:15 | INFO     | Run once mode, exiting...
2026-03-22 02:56:15 | INFO     | ensuring close
2026-03-22 02:56:15 | INFO     | ensuring close
2026-03-24 00:42:50 | INFO     | ============================================================
2026-03-24 00:42:50 | INFO     | News Scraper Daemon Starting
2026-03-24 00:42:50 | INFO     | Fork: hk-hack-007/Hong-Kong-Fire-Documentary-i
2026-03-24 00:42:50 | INFO     | Upstream: adminlby/Hong-Kong-Fire-Documentary
2026-03-24 00:42:50 | INFO     | Sync interval: 10 minutes
2026-03-24 00:42:50 | INFO     | PR interval: 60 minutes
2026-03-24 00:42:50 | INFO     | ============================================================
2026-03-24 00:42:51 | INFO     | gh CLI authenticated
2026-03-24 00:42:51 | INFO     | Setting up git remotes...
2026-03-24 00:42:51 | INFO     | Configured origin remote
2026-03-24 00:42:52 | INFO     | gh CLI authenticated
2026-03-24 00:42:52 | INFO     | ----------------------------------------
2026-03-24 00:42:52 | INFO     | Running periodic health check...
2026-03-24 00:42:53 | INFO     | gh CLI authenticated
2026-03-24 00:42:53 | INFO     | Health check passed
2026-03-24 00:42:53 | INFO     | ----------------------------------------
2026-03-24 00:42:53 | INFO     | Starting sync cycle...
2026-03-24 00:42:53 | INFO     | Syncing with upstream...
2026-03-24 00:42:54 | INFO     | Already up to date with upstream
2026-03-24 00:42:54 | INFO     | Running scraper...
2026-03-24 00:42:55 | INFO     | Found 41 new URLs to scrape
2026-03-24 00:43:06 | INFO     | patching driver executable C:\Users\user\appdata\roaming\undetected_chromedriver\undetected_chromedriver.exe
2026-03-24 00:44:14 | INFO     | Updated cumulative stats: 4424 success, 184 failed across 97 cycles
2026-03-24 00:44:14 | INFO     | Scraper results: 40 success, 1 failed
2026-03-24 00:44:14 | INFO     | Committing changes...
2026-03-24 00:44:15 | INFO     | Committed: chore(scraper): auto-scrape 2026-03-24 00:44
2026-03-24 00:44:20 | INFO     | Pushed to origin successfully
2026-03-24 00:44:20 | INFO     | Sync cycle complete
2026-03-24 00:44:20 | INFO     | ----------------------------------------
2026-03-24 00:44:20 | INFO     | Starting PR cycle...
2026-03-24 00:44:21 | INFO     | Pushed to origin successfully
2026-03-24 00:44:21 | INFO     | Managing PR...
2026-03-24 00:44:25 | ERROR    | Failed to create PR: pull request create failed: GraphQL: No commits between adminlby:main and hk-hack-007:main (createPullRequest)

2026-03-24 00:44:25 | INFO     | PR cycle complete
2026-03-24 00:44:25 | INFO     | Run once mode, exiting...
2026-03-24 00:44:25 | INFO     | ensuring close
2026-03-24 00:44:25 | INFO     | ensuring close
2026-03-25 19:38:12 | INFO     | ============================================================
2026-03-25 19:38:12 | INFO     | News Scraper Daemon Starting
2026-03-25 19:38:12 | INFO     | Fork: hk-hack-007/Hong-Kong-Fire-Documentary-i
2026-03-25 19:38:12 | INFO     | Upstream: adminlby/Hong-Kong-Fire-Documentary
2026-03-25 19:38:12 | INFO     | Sync interval: 10 minutes
2026-03-25 19:38:12 | INFO     | PR interval: 60 minutes
2026-03-25 19:38:12 | INFO     | ============================================================
2026-03-25 19:38:13 | INFO     | gh CLI authenticated
2026-03-25 19:38:13 | INFO     | Setting up git remotes...
2026-03-25 19:38:13 | INFO     | Configured origin remote
2026-03-25 19:38:13 | INFO     | gh CLI authenticated
2026-03-25 19:38:14 | INFO     | ----------------------------------------
2026-03-25 19:38:14 | INFO     | Running periodic health check...
2026-03-25 19:38:15 | INFO     | gh CLI authenticated
2026-03-25 19:38:15 | INFO     | Health check passed
2026-03-25 19:38:15 | INFO     | ----------------------------------------
2026-03-25 19:38:15 | INFO     | Starting sync cycle...
2026-03-25 19:38:15 | INFO     | Syncing with upstream...
2026-03-25 19:38:16 | INFO     | Already up to date with upstream
2026-03-25 19:38:16 | INFO     | Running scraper...
2026-03-25 19:38:16 | INFO     | Found 85 new URLs to scrape
2026-03-25 19:40:27 | INFO     | patching driver executable C:\Users\user\appdata\roaming\undetected_chromedriver\undetected_chromedriver.exe
2026-03-25 19:43:09 | INFO     | Updated cumulative stats: 4508 success, 185 failed across 98 cycles
2026-03-25 19:43:09 | INFO     | Scraper results: 84 success, 1 failed
2026-03-25 19:43:10 | INFO     | Committing changes...
2026-03-25 19:43:12 | INFO     | Committed: chore(scraper): auto-scrape 2026-03-25 19:43
2026-03-25 19:43:18 | INFO     | Pushed to origin successfully
2026-03-25 19:43:18 | INFO     | Sync cycle complete
2026-03-25 19:43:18 | INFO     | ----------------------------------------
2026-03-25 19:43:18 | INFO     | Starting PR cycle...
2026-03-25 19:43:19 | INFO     | Pushed to origin successfully
2026-03-25 19:43:19 | INFO     | Managing PR...
2026-03-25 19:43:20 | INFO     | PR #47 exists, updating description with fresh stats...
2026-03-25 19:43:23 | INFO     | Updated PR #47 with fresh stats
2026-03-25 19:43:23 | INFO     | PR cycle complete
2026-03-25 19:43:23 | INFO     | Run once mode, exiting...
2026-03-25 19:43:23 | INFO     | ensuring close
2026-03-25 19:43:23 | INFO     | ensuring close
2026-03-28 05:25:08 | INFO     | ============================================================
2026-03-28 05:25:08 | INFO     | News Scraper Daemon Starting
2026-03-28 05:25:08 | INFO     | Fork: hk-hack-007/Hong-Kong-Fire-Documentary-i
2026-03-28 05:25:08 | INFO     | Upstream: adminlby/Hong-Kong-Fire-Documentary
2026-03-28 05:25:08 | INFO     | Sync interval: 10 minutes
2026-03-28 05:25:08 | INFO     | PR interval: 60 minutes
2026-03-28 05:25:08 | INFO     | ============================================================
2026-03-28 05:25:09 | INFO     | gh CLI authenticated
2026-03-28 05:25:09 | INFO     | Setting up git remotes...
2026-03-28 05:25:09 | INFO     | Configured origin remote
2026-03-28 05:25:09 | INFO     | gh CLI authenticated
2026-03-28 05:25:10 | INFO     | ----------------------------------------
2026-03-28 05:25:10 | INFO     | Running periodic health check...
2026-03-28 05:25:10 | INFO     | gh CLI authenticated
2026-03-28 05:25:11 | INFO     | Health check passed
2026-03-28 05:25:11 | INFO     | ----------------------------------------
2026-03-28 05:25:11 | INFO     | Starting sync cycle...
2026-03-28 05:25:11 | INFO     | Syncing with upstream...
2026-03-28 05:25:12 | INFO     | Already up to date with upstream
2026-03-28 05:25:12 | INFO     | Running scraper...
2026-03-28 05:25:12 | INFO     | Found 118 new URLs to scrape
2026-03-28 05:29:56 | INFO     | Updated cumulative stats: 4625 success, 186 failed across 99 cycles
2026-03-28 05:29:56 | INFO     | Scraper results: 117 success, 1 failed
2026-03-28 05:29:57 | INFO     | Committing changes...
2026-03-28 05:30:00 | INFO     | Committed: chore(scraper): auto-scrape 2026-03-28 05:29
2026-03-28 05:30:06 | INFO     | Pushed to origin successfully
2026-03-28 05:30:06 | INFO     | Sync cycle complete
2026-03-28 05:30:06 | INFO     | ----------------------------------------
2026-03-28 05:30:06 | INFO     | Starting PR cycle...
2026-03-28 05:30:07 | INFO     | Pushed to origin successfully
2026-03-28 05:30:07 | INFO     | Managing PR...
2026-03-28 05:30:11 | ERROR    | Failed to create PR: pull request create failed: GraphQL: No commits between adminlby:main and hk-hack-007:main (createPullRequest)

2026-03-28 05:30:11 | INFO     | PR cycle complete
2026-03-28 05:30:11 | INFO     | Run once mode, exiting...
